day,u_casemix,u_incident,u_incident_shift,u_arr_morning,u_arr_evening,u_arr_night,u_bedhrs_morning,u_bedhrs_evening,u_bedhrs_night,u_abs_doctor_morning,u_abs_doctor_evening,u_abs_doctor_night,u_abs_nurse_morning,u_abs_nurse_evening,u_abs_nurse_night,u_abs_tech_morning,u_abs_tech_evening,u_abs_tech_night
1,0.178935,0.648601,0.854826,0.443865,0.68227,0.602965,0.774775,0.94288,0.6546,0.565801,0.189225,0.241721,0.025037,0.037496,0.33593,0.254184,0.701133,0.227999
2,0.639913,0.982299,0.328221,0.828814,0.624251,0.694084,0.544082,0.103,0.99366,0.652209,0.312357,0.811822,0.822115,0.448332,0.310652,0.92295,0.194517,0.142558
3,0.467268,0.193808,0.955295,0.491193,0.029216,0.604502,0.482403,0.730969,0.096391,0.743974,0.442165,0.023922,0.044404,0.195788,0.849439,0.373247,0.459401,0.423987
4,0.370501,0.964986,0.022325,0.62094,0.880046,0.675948,0.725194,0.499067,0.641294,0.470533,0.410003,0.563632,0.378869,0.342929,0.507827,0.703223,0.532622,0.709277
5,0.354917,0.949783,0.775547,0.539826,0.575858,0.51501,0.290795,0.165023,0.623251,0.524495,0.200316,0.104679,0.718193,0.985918,0.996675,0.530081,0.677194,0.667643
6,0.790518,0.918171,0.986898,0.770287,0.702253,0.591267,0.93805,0.316207,0.86103,0.196604,0.80387,0.626932,0.63775,0.410744,0.629046,0.628441,0.807289,0.584568
7,0.905144,0.423575,0.46346,0.398789,0.762144,0.531945,0.173514,0.619599,0.936589,0.510094,0.576538,0.161848,0.663856,0.971083,0.96496,0.676592,0.405346,0.318743
8,0.177353,0.783966,0.578879,0.249901,0.337318,0.077921,0.760968,0.918102,0.569836,0.656536,0.399994,0.085807,0.838741,0.448234,0.148781,0.13712,0.820214,0.708025
9,0.652785,0.485872,0.615366,0.122189,0.890362,0.778112,0.988421,0.62659,0.698979,0.551159,0.135079,0.01312,0.711826,0.655827,0.603118,0.282186,0.857569,0.322764
10,0.298303,0.819875,0.214045,0.227924,0.026261,0.057533,0.499291,0.889628,0.093026,0.35951,0.403114,0.177833,0.340784,0.666658,0.424801,0.60123,0.567097,0.792554
11,0.966962,0.263599,0.747362,0.194255,0.826259,0.122665,0.314795,0.032773,0.672621,0.884957,0.628179,0.223877,0.693417,0.151595,0.62443,0.183678,0.520551,0.854087
12,0.91985,0.761633,0.817132,0.169195,0.726071,0.839234,0.858555,0.61461,0.167129,0.728552,0.502812,0.98344,0.547719,0.372395,0.556001,0.653954,0.051374,0.963402
13,0.635871,0.161482,0.896211,0.854373,0.966241,0.632367,0.953904,0.555936,0.5041,0.140662,0.651842,0.641861,0.761295,0.032907,0.521972,0.375879,0.566542,0.167124
14,0.752732,0.293099,0.68886,0.717441,0.923477,0.939627,0.610917,0.79563,0.513911,0.69868,0.021037,0.925274,0.796059,0.22428,0.399612,0.34875,0.729882,0.460148
15,0.515154,0.426981,0.142095,0.00568,0.738341,0.663563,0.107191,0.937946,0.148215,0.418894,0.456114,0.225956,0.141629,0.396355,0.548489,0.689494,0.17745,0.162271
16,0.825895,0.14981,0.106336,0.85228,0.21867,0.743963,0.467812,0.355995,0.580531,0.93335,0.564363,0.235392,0.716476,0.407187,0.940439,0.047548,0.118756,0.083025
17,0.448381,0.275751,0.380791,0.894809,0.061187,0.248849,0.159159,0.774417,0.708162,0.161482,0.822832,0.911738,0.73756,0.003274,0.561865,0.295509,0.262873,0.287703
18,0.338812,0.715172,0.657093,0.473792,0.875385,0.901201,0.101552,0.077492,0.10194,0.228678,0.91636,0.709883,0.696508,0.601422,0.398401,0.466519,0.499592,0.022812
19,0.277899,0.71155,0.232399,0.350827,0.955277,0.873925,0.635023,0.860851,0.605212,0.15616,0.483522,0.323746,0.171605,0.84769,0.653462,0.904904,0.027232,0.912035
20,0.226333,0.836559,0.678363,0.307722,0.930625,0.133984,0.958097,0.703387,0.341585,0.488017,0.53352,0.85245,0.060128,0.101981,0.526238,0.058397,0.836455,0.903698
21,0.525817,0.908216,0.54166,0.283008,0.604848,0.123495,0.45439,0.826119,0.810131,0.056783,0.472618,0.945134,0.758601,0.766597,0.906351,0.556338,0.603265,0.001988
22,0.430912,0.256557,0.57986,0.455507,0.782033,0.114954,0.75051,0.611542,0.684512,0.81546,0.924415,0.409664,0.722859,0.092801,0.091113,0.353818,0.496513,0.041574
23,0.663181,0.743723,0.609869,0.71771,0.883085,0.901715,0.168853,0.132945,0.295766,0.520001,0.571852,0.693616,0.931724,0.025051,0.082123,0.913492,0.106647,0.373421
24,0.01284,0.156229,0.853361,0.781551,0.679756,0.786074,0.112714,0.696613,0.509755,0.93616,0.160858,0.127232,0.815011,0.977571,0.922594,0.239904,0.03308,0.301439
25,0.447702,0.676422,0.998864,0.122055,0.561539,0.958723,0.60124,0.435479,0.41333,0.836581,0.032518,0.343821,0.26419,0.776463,0.583278,0.499392,0.677561,0.386106
26,0.365181,0.018431,0.081627,0.956737,0.596737,0.613945,0.415558,0.986367,0.513075,0.308609,0.084013,0.868596,0.869273,0.810601,0.068637,0.024158,0.636583,0.586659
27,0.195398,0.037031,0.877801,0.595439,0.441516,0.289945,0.538625,0.028049,0.68705,0.434393,0.14085,0.396976,0.355947,0.733668,0.213084,0.429192,0.664887,0.956417
28,0.594866,0.836218,0.979247,0.243913,0.467872,0.214967,0.583867,0.076086,0.886345,0.86847,0.83611,0.089265,0.835106,0.354723,0.577375,0.072764,0.827518,0.153087
29,0.435313,0.722889,0.258859,0.234235,0.087578,0.447436,0.279826,0.700247,0.593569,0.513739,0.54754,0.616334,0.398615,0.026597,0.15693,0.434673,0.63666,0.076298
30,0.299992,0.298912,0.074916,0.594767,0.519361,0.145235,0.984783,0.839406,0.876444,0.095826,0.30808,0.424769,0.69593,0.091648,0.396041,0.011884,0.148336,0.575454
31,0.209416,0.748878,0.203276,0.834486,0.676719,0.622775,0.184485,0.737467,0.904172,0.640555,0.209123,0.451967,0.665694,0.481768,0.482756,0.523091,0.914479,0.463874
32,0.874624,0.312931,0.37253,0.199057,0.736015,0.705387,0.984981,0.770757,0.191453,0.680286,0.397173,0.088875,0.452422,0.465696,0.014857,0.565418,0.271443,0.581744
33,0.797462,0.558593,0.626731,0.433912,0.688397,0.249533,0.517027,0.058768,0.596507,0.689418,0.426738,0.501295,0.337782,0.569321,0.131305,0.528743,0.777423,0.698424
34,0.60671,0.774186,0.530751,0.568873,0.411905,0.484549,0.062758,0.404365,0.607415,0.63771,0.848486,0.001656,0.245576,0.87545,0.950733,0.120586,0.934936,0.834457
35,0.345101,0.191457,0.205849,0.48766,0.402568,0.238494,0.769566,0.038923,0.09782,0.190816,0.206609,0.391104,0.13393,0.17722,0.147648,0.583098,0.66975,0.088971
36,0.94682,0.363215,0.07949,0.442233,0.738556,0.61314,0.11699,0.147951,0.007383,0.958588,0.693407,0.448097,0.809377,0.144217,0.503086,0.251189,0.958172,0.25843
37,0.563377,0.352959,0.024452,0.588333,0.443729,0.895469,0.413255,0.379225,0.058611,0.960533,0.663138,0.229324,0.710716,0.172361,0.28774,0.533435,0.867777,0.203722
38,0.432763,0.672838,0.706372,0.219889,0.733371,0.425342,0.795951,0.745837,0.539619,0.280461,0.077439,0.681751,0.101191,0.57977,0.094438,0.975917,0.024036,0.778343
39,0.90045,0.216377,0.502548,0.006737,0.395266,0.626697,0.08803,0.908858,0.290583,0.855561,0.568176,0.394067,0.721396,0.844113,0.572505,0.177089,0.228588,0.02488
40,0.319342,0.618888,0.283033,0.976955,0.86194,0.806073,0.481681,0.645975,0.391776,0.117738,0.342272,0.893344,0.450533,0.478618,0.830261,0.376518,0.307837,0.313464
41,0.695995,0.754343,0.507602,0.966766,0.590068,0.015554,0.40778,0.59824,0.141786,0.892681,0.618081,0.507881,0.620696,0.055307,0.123446,0.582143,0.345933,0.368465
42,0.31382,0.230892,0.193458,0.237496,0.819857,0.363541,0.494749,0.396321,0.319116,0.706505,0.627906,0.462874,0.395488,0.003075,0.702233,0.197967,0.126962,0.756595
43,0.261553,0.364876,0.675678,0.807905,0.35558,0.224149,0.188239,0.36463,0.519141,0.261333,0.12909,0.010721,0.080225,0.419133,0.274888,0.205538,0.345758,0.019784
44,0.700841,0.044158,0.364184,0.358653,0.187203,0.147218,0.515527,0.37174,0.145352,0.345761,0.560107,0.460026,0.13802,0.304133,0.367873,0.616879,0.172439,0.93614
45,0.227892,0.537106,0.541214,0.450598,0.976919,0.934207,0.786999,0.081736,0.785318,0.090272,0.538039,0.052987,0.989995,0.683856,0.475448,0.571522,0.211195,0.548205
46,0.49311,0.504483,0.322697,0.761704,0.75095,0.645239,0.44598,0.357647,0.982157,0.242955,0.268159,0.108691,0.219294,0.756738,0.708728,0.192217,0.83525,0.145788
47,0.580028,0.685831,0.752568,0.725918,0.347382,0.874776,0.958733,0.139793,0.802422,0.490022,0.871391,0.699132,0.926365,0.02935,0.033821,0.713127,0.061172,0.291455
48,0.188906,0.54154,0.912045,0.78339,0.78499,0.437049,0.442383,0.920764,0.739715,0.839327,0.71916,0.269508,0.816473,0.467138,0.244454,0.545155,0.568037,0.89815
49,0.731241,0.863965,0.413751,0.408343,0.870122,0.933385,0.488209,0.485385,0.614282,0.088398,0.578501,0.894705,0.975235,0.928287,0.175782,0.109947,0.729748,0.839588
50,0.548483,0.845172,0.729194,0.882563,0.544557,0.154234,0.156732,0.085822,0.807171,0.880886,0.958466,0.696137,0.052464,0.767013,0.762544,0.125493,0.137197,0.672338
51,0.621503,0.116498,0.33309,0.582554,0.230079,0.874432,0.720135,0.780937,0.728268,0.931503,0.608015,0.011377,0.884498,0.893468,0.251796,0.610485,0.884337,0.744892
52,0.372144,0.590325,0.212366,0.942024,0.583268,0.655402,0.89333,0.876025,0.260134,0.700267,0.013336,0.164724,0.739146,0.672152,0.892462,0.17906,0.24769,0.662635
53,0.420193,0.684218,0.115706,0.149078,0.23948,0.893037,0.494327,0.914399,0.490118,0.846656,0.971302,0.311429,0.930497,0.967336,0.225883,0.399025,0.154704,0.308495
54,0.49483,0.463118,0.670163,0.806039,0.783319,0.067382,0.83846,0.48268,0.120067,0.50416,0.710688,0.797706,0.225863,0.194849,0.006265,0.423232,0.000541,0.609961
55,0.469971,0.275302,0.89433,0.169453,0.67895,0.700715,0.680673,0.490381,0.646612,0.744741,0.639518,0.42762,0.82022,0.611179,0.746254,0.389088,0.058159,0.722665
56,0.675639,0.150405,0.311632,0.381796,0.320259,0.588855,0.62826,0.065962,0.211704,0.552149,0.218704,0.837346,0.012952,0.150344,0.93885,0.930359,0.120394,0.458949
57,0.577178,0.752216,0.447258,0.096389,0.354068,0.513195,0.600273,0.395241,0.272088,0.761855,0.669637,0.573601,0.136317,0.693496,0.297312,0.785267,0.204836,0.150063
58,0.416271,0.016757,0.486455,0.236089,0.049385,0.53851,0.993745,0.103242,0.623023,0.050557,0.060951,0.816367,0.304583,0.711068,0.613324,0.907053,0.698663,0.295468
59,0.001802,0.525928,0.239097,0.220974,0.421798,0.152854,0.653051,0.98997,0.339506,0.927935,0.115552,0.088208,0.183939,0.467215,0.582631,0.510927,0.690816,0.216082
60,0.794031,0.993835,0.873261,0.609322,0.269328,0.209109,0.656131,0.957252,0.038527,0.877166,0.959477,0.200747,0.724774,0.744751,0.920641,0.555742,0.42137,0.552837
61,0.519384,0.720459,0.618304,0.982274,0.132535,0.930594,0.470341,0.426497,0.344376,0.780752,0.977922,0.577477,0.814105,0.156465,0.797283,0.652689,0.111681,0.046897
62,0.326545,0.166317,0.763197,0.46034,0.625455,0.86817,0.198341,0.270859,0.183772,0.65692,0.311011,0.512982,0.927512,0.482265,0.496397,0.681575,0.528478,0.078511
63,0.499955,0.848635,0.572393,0.434382,0.586639,0.056238,0.842484,0.20482,0.534827,0.829792,0.450884,0.68075,0.021401,0.09146,0.08631,0.66312,0.001182,0.655232
64,0.093446,0.656736,0.591467,0.984236,0.000455,0.934402,0.737691,0.086527,0.194716,0.853641,0.017607,0.185088,0.32277,0.933738,0.341927,0.135203,0.027176,0.627864
65,0.904704,0.782039,0.704719,0.477372,0.78819,0.670275,0.530309,0.43122,0.019199,0.008672,0.145039,0.590548,0.265523,0.466366,0.547974,0.841141,0.940651,0.677898
66,0.989736,0.267427,0.963513,0.7014,0.73523,0.224589,0.444572,0.146833,0.104731,0.271517,0.003899,0.335618,0.633141,0.531411,0.085368,0.651587,0.428431,0.27303
67,0.058735,0.942505,0.801963,0.599915,0.228046,0.045727,0.248625,0.922228,0.428287,0.648744,0.871091,0.155482,0.002994,0.325404,0.105442,0.506526,0.671449,0.392649
68,0.358231,0.678411,0.668177,0.305622,0.325308,0.976853,0.619627,0.633375,0.816023,0.554408,0.59794,0.446966,0.881229,0.973888,0.809198,0.637964,0.631178,0.901038
69,0.730065,0.234898,0.791489,0.215513,0.031387,0.885674,0.258393,0.322349,0.839769,0.787327,0.081692,0.028175,0.998676,0.33785,0.268357,0.470118,0.350814,0.461137
70,0.314238,0.346045,0.454641,0.494646,0.090845,0.220277,0.703326,0.647263,0.561915,0.475815,0.232855,0.790283,0.084186,0.463566,0.453095,0.869658,0.933939,0.870952
71,0.56705,0.177108,0.923652,0.97439,0.184456,0.384183,0.706431,0.784512,0.79153,0.584418,0.595919,0.96942,0.780289,0.579778,0.775659,0.403782,0.008507,0.027936
72,0.416571,0.009716,0.205545,0.898984,0.970273,0.979411,0.997084,0.91752,0.253223,0.265699,0.115743,0.905807,0.147923,0.33984,0.997518,0.156076,0.042406,0.993527
73,0.774212,0.074135,0.566992,0.075313,0.033726,0.866891,0.805763,0.278881,0.044653,0.596491,0.10026,0.750435,0.347069,0.567752,0.532415,0.77781,0.103935,0.61863
74,0.958464,0.152637,0.91342,0.81351,0.268287,0.221665,0.693766,0.899623,0.728995,0.7887,0.895443,0.835303,0.762456,0.793162,0.053088,0.197476,0.316387,0.09191
75,0.888395,0.870795,0.108931,0.028973,0.627852,0.463551,0.792879,0.494348,0.534663,0.850516,0.671098,0.251595,0.906613,0.233728,0.263608,0.577143,0.266712,0.051095
76,0.620935,0.609231,0.21158,0.896138,0.405582,0.543861,0.166896,0.980796,0.975236,0.176109,0.860527,0.443267,0.183959,0.040867,0.824399,0.326884,0.236814,0.011527
77,0.160274,0.444424,0.447816,0.499449,0.385979,0.400671,0.952171,0.271486,0.465897,0.572152,0.768848,0.124724,0.87162,0.238546,0.090032,0.033496,0.944093,0.712302
78,0.947062,0.519582,0.907688,0.507188,0.955871,0.984756,0.133033,0.19164,0.542964,0.91426,0.812372,0.803103,0.576803,0.763255,0.990153,0.711147,0.018092,0.468206
79,0.023632,0.94255,0.382736,0.389034,0.659044,0.827031,0.508802,0.04735,0.661864,0.367904,0.306957,0.391254,0.047683,0.50934,0.82075,0.486984,0.112347,0.424874
80,0.297709,0.391524,0.444621,0.069859,0.566849,0.894674,0.55112,0.732438,0.423336,0.353708,0.419019,0.387133,0.562124,0.247444,0.624426,0.800995,0.476591,0.637004
81,0.281613,0.401356,0.101126,0.608374,0.61875,0.567504,0.157369,0.550121,0.57247,0.802799,0.001669,0.730201,0.220408,0.00429,0.365599,0.074597,0.600478,0.270175
82,0.671826,0.176558,0.975836,0.367237,0.244667,0.64866,0.48012,0.001579,0.080252,0.340714,0.997436,0.735857,0.575165,0.634388,0.962224,0.061922,0.32448,0.026092
83,0.487363,0.147919,0.771507,0.542984,0.765564,0.152937,0.375199,0.001373,0.800224,0.284621,0.793995,0.381925,0.09578,0.176251,0.867988,0.42574,0.429282,0.771157
84,0.092889,0.023154,0.618869,0.830264,0.183751,0.089141,0.997732,0.934558,0.788926,0.035819,0.369062,0.258865,0.16604,0.341903,0.233861,0.651334,0.123905,0.401498
85,0.012858,0.553938,0.661233,0.587194,0.631546,0.47602,0.847819,0.014489,0.326019,0.517546,0.358774,0.875135,0.97115,0.740654,0.262231,0.66393,0.066928,0.531235
86,0.604316,0.569113,0.637732,0.133157,0.43753,0.850546,0.457865,0.467306,0.053947,0.482442,0.372195,0.793885,0.269252,0.004587,0.966988,0.717243,0.128715,0.70294
87,0.491483,0.527199,0.823173,0.04034,0.237079,0.301742,0.841892,0.780886,0.241119,0.692598,0.318808,0.29202,0.550243,0.330892,0.314361,0.202723,0.421006,0.360214
88,0.601382,0.738744,0.447157,0.072048,0.688899,0.505709,0.287809,0.319305,0.126337,0.759732,0.645672,0.985502,0.991931,0.550394,0.062394,0.586221,0.492703,0.22771
89,0.564024,0.147916,0.921096,0.546226,0.484068,0.556228,0.035327,0.507652,0.10306,0.328519,0.573201,0.057133,0.837281,0.578732,0.404118,0.497364,0.630555,0.200239
90,0.890459,0.577498,0.247605,0.618621,0.05159,0.661403,0.663103,0.02662,0.32208,0.425995,0.841917,0.684892,0.319356,0.68722,0.005795,0.465555,0.329716,0.022268
91,0.918397,0.944677,0.204078,0.86774,0.191013,0.212513,0.316722,0.013853,0.334177,0.409226,0.569064,0.657348,0.764407,0.555649,0.181688,0.656981,0.23384,0.669569
92,0.188257,0.606226,0.850233,0.076855,0.127818,0.222268,0.57966,0.635962,0.6848,0.66978,0.273286,0.154559,0.206176,0.170291,0.602063,0.881005,0.216115,0.984522
93,0.942121,0.777401,0.369976,0.350413,0.359204,0.088766,0.60411,0.622302,0.882647,0.037801,0.254441,0.347155,0.802471,0.143148,0.921305,0.810973,0.423848,0.106466
94,0.787727,0.507046,0.297936,0.791436,0.418961,0.603405,0.696639,0.112292,0.731677,0.432465,0.162613,0.952208,0.844311,0.369212,0.996679,0.506082,0.51365,0.418851
95,0.639026,0.109593,0.139393,0.406534,0.416009,0.138563,0.869341,0.285305,0.407335,0.685423,0.451332,0.286388,0.240031,0.521467,0.831885,0.626825,0.206046,0.853365
96,0.659607,0.985045,0.826267,0.448554,0.456161,0.306976,0.358626,0.772215,0.268225,0.750893,0.517103,0.397221,0.291792,0.005156,0.376553,0.465356,0.758832,0.823021
97,0.54606,0.348433,0.844357,0.563224,0.065344,0.718633,0.389824,0.005786,0.043728,0.861109,0.093251,0.453727,0.702748,0.587931,0.527278,0.296173,0.418562,0.637978
98,0.917263,0.173664,0.681502,0.124821,0.479311,0.291173,0.532409,0.00083,0.682131,0.244423,0.353926,0.904851,0.188082,0.986781,0.560993,0.276155,0.154341,0.625252
99,0.233263,0.57216,0.814862,0.468559,0.115664,0.723286,0.978132,0.155404,0.110413,0.165944,0.535284,0.553617,0.623842,0.497288,0.709665,0.392667,0.725926,0.485023
100,0.599316,0.120199,0.855532,0.117339,0.703443,0.38164,0.174023,0.736578,0.598455,0.222994,0.137367,0.169256,0.72533,0.017682,0.608461,0.473746,0.471505,0.318795
101,0.814243,0.372215,0.039006,0.160717,0.010375,0.37599,0.317645,0.275823,0.371728,0.343379,0.105079,0.861425,0.52191,0.338977,0.152853,0.306776,0.746145,0.533767
102,0.134761,0.546526,0.552774,0.718575,0.464891,0.32352,0.239607,0.018604,0.021706,0.350048,0.966865,0.992205,0.164524,0.357498,0.804189,0.349321,0.358495,0.577872
103,0.615508,0.007713,0.79453,0.764045,0.171707,0.903311,0.70766,0.025581,0.765984,0.770435,0.010921,0.106517,0.818656,0.978419,0.054767,0.407333,0.166044,0.499048
104,0.402833,0.886912,0.854738,0.088573,0.709868,0.616094,0.761893,0.172887,0.558271,0.477749,0.230051,0.577659,0.786193,0.169053,0.272577,0.012903,0.511426,0.140094
105,0.766036,0.241519,0.65643,0.30078,0.721211,0.547605,0.779523,0.047181,0.981357,0.258452,0.563892,0.156225,0.266698,0.449693,0.297136,0.893632,0.094169,0.969853
106,0.067714,0.573491,0.389293,0.81222,0.456588,0.541577,0.445432,0.624622,0.484032,0.94479,0.662933,0.493477,0.86138,0.319046,0.902047,0.613297,0.81306,0.775278
107,0.606814,0.673295,0.720499,0.628434,0.067916,0.120919,0.540892,0.163868,0.92346,0.54336,0.986696,0.824193,0.251594,0.947439,0.815635,0.971781,0.476105,0.802714
108,0.857079,0.406774,0.710433,0.134765,0.668139,0.840961,0.122309,0.835735,0.136826,0.222935,0.74496,0.705467,0.425923,0.196504,0.846158,0.192741,0.12851,0.959435
109,0.628348,0.908846,0.172243,0.290006,0.718738,0.247919,0.975991,0.344719,0.458116,0.864962,0.479637,0.013844,0.435393,0.129609,0.743618,0.975008,0.73844,0.710592
110,0.321338,0.77915,0.252426,0.558951,0.781264,0.640133,0.760932,0.903493,0.212766,0.338298,0.298061,0.193331,0.302514,0.441934,0.590289,0.146841,0.43118,0.389109
111,0.655796,0.662525,0.451412,0.822177,0.059628,0.429418,0.465759,0.410451,0.005627,0.795878,0.038353,0.70412,0.979616,0.618537,0.175597,0.465991,0.398545,0.445225
112,0.338153,0.588813,0.897668,0.877097,0.307164,0.856195,0.235159,0.722401,0.523752,0.258448,0.655627,0.018245,0.044616,0.615857,0.086568,0.924993,0.979746,0.917222
113,0.668593,0.79883,0.3496,0.248992,0.532356,0.572465,0.639094,0.107994,0.224283,0.463894,0.632709,0.303823,0.751886,0.952718,0.424022,0.323548,0.279174,0.959596
114,0.128344,0.091966,0.455312,0.429979,0.636685,0.031929,0.471696,0.299657,0.662127,0.920872,0.701692,0.522493,0.534113,0.243841,0.350918,0.995099,0.617644,0.168823
115,0.279992,0.879271,0.63603,0.194785,0.722047,0.18224,0.744519,0.075742,0.553819,0.099534,0.238647,0.986491,0.832798,0.203073,0.572427,0.300524,0.440039,0.892113
116,0.032718,0.325978,0.687273,0.467366,0.612275,0.895806,0.779672,0.62952,0.261461,0.701097,0.964178,0.738676,0.640538,0.413114,0.07169,0.131263,0.688337,0.565359
117,0.083909,0.049551,0.288847,0.643027,0.43484,0.928815,0.202171,0.662824,0.422787,0.221965,0.080366,0.534207,0.329265,0.2342,0.244286,0.567393,0.377657,0.311412
118,0.55477,0.365485,0.073701,0.32905,0.927618,0.260212,0.8356,0.838259,0.247728,0.760122,0.401778,0.901037,0.509692,0.218589,0.457524,0.502581,0.781292,0.637167
119,0.231698,0.337642,0.870551,0.456772,0.564709,0.776623,0.180018,0.110318,0.236966,0.87551,0.600829,0.576787,0.888502,0.176602,0.442176,0.225616,0.358093,0.125891
120,0.516083,0.999956,0.060396,0.700408,0.126575,0.098681,0.887783,0.752778,0.46059,0.995506,0.467991,0.213619,0.250376,0.440032,0.000327,0.860677,0.770336,0.468918
121,0.65957,0.288238,0.948794,0.660646,0.014314,0.124173,0.006364,0.809901,0.590015,0.650179,0.686792,0.472619,0.807964,0.627773,0.273899,0.079719,0.970724,0.566259
122,0.881186,0.34392,0.309193,0.335828,0.812125,0.27765,0.693993,0.627549,0.06738,0.081783,0.677583,0.890846,0.271227,0.354782,0.265235,0.004786,0.153938,0.95723
123,0.355061,0.832958,0.295063,0.391554,0.626317,0.875379,0.608945,0.30703,0.906314,0.970233,0.548924,0.01857,0.700846,0.147756,0.464664,0.76082,0.28841,0.529396
124,0.318679,0.810599,0.355898,0.838085,0.636617,0.829036,0.884538,0.523823,0.199141,0.487887,0.752572,0.842574,0.742985,0.617179,0.628848,0.565647,0.586025,0.310964
125,0.313667,0.461118,0.06237,0.177676,0.285814,0.548918,0.104361,0.780891,0.670182,0.564896,0.859316,0.937391,0.01619,0.222749,0.787952,0.951543,0.98224,0.21071
126,0.11785,0.872249,0.725188,0.148527,0.498325,0.963008,0.958369,0.720791,0.757893,0.876294,0.448149,0.889077,0.425961,0.998243,0.842408,0.259139,0.59435,0.054691
127,0.663183,0.014953,0.655612,0.477927,0.07148,0.727487,0.006285,0.298435,0.730995,0.979997,0.157361,0.273595,0.043978,0.356465,0.130721,0.634872,0.348699,0.681493
128,0.819655,0.724521,0.162652,0.483746,0.544465,0.72288,0.981657,0.955026,0.103395,0.824448,0.781474,0.610681,0.294916,0.91924,0.845519,0.724791,0.029389,0.324698
129,0.473005,0.079595,0.153217,0.173268,0.165188,0.680673,0.989904,0.471501,0.547165,0.317807,0.66219,0.285711,0.240808,0.25,0.361389,0.187854,0.659413,0.189609
130,0.558297,0.171162,0.689181,0.350689,0.586138,0.914684,0.837739,0.18593,0.185441,0.312907,0.546455,0.674535,0.997042,0.690411,0.468275,0.477159,0.342558,0.978142
131,0.95848,0.961412,0.931733,0.125092,0.779505,0.696922,0.760644,0.981946,0.922381,0.549842,0.358917,0.555639,0.098809,0.056919,0.261871,0.952091,0.566574,0.460582
132,0.698915,0.987333,0.338909,0.787329,0.191699,0.216647,0.726415,0.634938,0.373079,0.532243,0.482569,0.714799,0.051571,0.554308,0.597363,0.722953,0.404098,0.561039
133,0.745035,0.636096,0.797843,0.392212,0.94929,0.066243,0.268928,0.122719,0.452175,0.115464,0.72952,0.857868,0.582855,0.6631,0.978885,0.439103,0.44471,0.651207
134,0.889498,0.448253,0.530524,0.174401,0.000184,0.318614,0.288978,0.90329,0.723893,0.397803,0.872655,0.57398,0.737215,0.035328,0.632524,0.846498,0.820198,0.493559
135,0.215791,0.872683,0.087688,0.220364,0.648174,0.494409,0.348531,0.310139,0.412051,0.600116,0.735179,0.521278,0.861551,0.382096,0.647549,0.115825,0.937919,0.326148
136,0.650166,0.414311,0.019101,0.397406,0.205159,0.212133,0.182904,0.940968,0.283881,0.20188,0.590576,0.245287,0.180269,0.857394,0.199223,0.804537,0.140165,0.033196
137,0.717395,0.550706,0.777918,0.464198,0.206438,0.258114,0.852247,0.760118,0.867753,0.406583,0.505365,0.994314,0.353041,0.568862,0.047383,0.043324,0.722019,0.423877
138,0.842228,0.109895,0.841078,0.555926,0.594229,0.74153,0.306268,0.463833,0.722441,0.433655,0.731595,0.582562,0.25176,0.940227,0.857169,0.489385,0.66569,0.904754
139,0.343786,0.517507,0.525556,0.572441,0.661092,0.741614,0.819438,0.581814,0.213463,0.764828,0.394715,0.297212,0.515271,0.321089,0.648103,0.512081,0.709379,0.337629
140,0.688795,0.134467,0.574602,0.101164,0.074919,0.59194,0.705573,0.980939,0.30953,0.825207,0.532235,0.114734,0.241552,0.214168,0.499473,0.338338,0.944597,0.85893
141,0.604401,0.319835,0.474295,0.046544,0.050805,0.16758,0.064552,0.472254,0.794344,0.300549,0.026426,0.794057,0.224402,0.684428,0.025006,0.908363,0.506425,0.218031
142,0.409361,0.246652,0.214865,0.72277,0.316236,0.00076,0.814542,0.992459,0.408389,0.942732,0.219421,0.317688,0.128903,0.435655,0.474081,0.679956,0.494301,0.11987
143,0.101686,0.732211,0.63543,0.554216,0.252439,0.273547,0.975298,0.843774,0.877052,0.034336,0.381279,0.957508,0.908413,0.17534,0.856833,0.37407,0.098793,0.568988
144,0.353048,0.649758,0.380008,0.667386,0.470361,0.0406,0.464686,0.336678,0.546086,0.30155,0.622118,0.281462,0.996659,0.518456,0.656481,0.731254,0.150286,0.198789
145,0.963485,0.836309,0.177108,0.38839,0.373359,0.794618,0.013232,0.639116,0.173795,0.711355,0.829642,0.724353,0.64289,0.793419,0.181552,0.202852,0.244094,0.840053
146,0.216524,0.88962,0.377464,0.111927,0.569971,0.024983,0.222861,0.386898,0.484235,0.388009,0.744014,0.479874,0.015149,0.901857,0.894653,0.283283,0.470386,0.914332
147,0.113638,0.11013,0.601466,0.898905,0.209389,0.781206,0.720031,0.544602,0.744905,0.853283,0.348497,0.825428,0.522041,0.145256,0.139811,0.872351,0.783844,0.549499
148,0.367679,0.989888,0.031759,0.714831,0.879044,0.375979,0.454547,0.29979,0.64416,0.666471,0.091283,0.225141,0.760323,0.018734,0.401639,0.257468,0.44062,0.043502
149,0.100981,0.851449,0.961865,0.430464,0.835017,0.332489,0.185211,0.30382,0.701115,0.636112,0.398959,0.773227,0.452403,0.852189,0.03282,0.530491,0.940329,0.674163
150,0.267199,0.35228,0.425612,0.14751,0.617627,0.284101,0.562119,0.128106,0.717818,0.218114,0.768737,0.240668,0.799475,0.022222,0.387339,0.817545,0.990633,0.119371
151,0.914456,0.570898,0.487635,0.337901,0.517577,0.455067,0.59723,0.993156,0.302171,0.390027,0.613988,0.677115,0.420466,0.158852,0.761846,0.675908,0.101407,0.679756
152,0.318782,0.07343,0.487334,0.732511,0.937901,0.835972,0.139578,0.48113,0.234177,0.947607,0.794839,0.353866,0.959288,0.35669,0.207223,0.132336,0.421485,0.246585
153,0.58589,0.211943,0.216906,0.364606,0.706641,0.25282,0.699827,0.933997,0.479425,0.811247,0.151797,0.911486,0.955865,0.18795,0.334087,0.82841,0.14446,0.255194
154,0.238745,0.316339,0.481831,0.508494,0.176935,0.900689,0.098805,0.78273,0.634462,0.344328,0.508475,0.932101,0.234477,0.586065,0.048144,0.500249,0.964822,0.962145
155,0.66798,0.510033,0.386268,0.291367,0.338884,0.899258,0.290044,0.630764,0.814408,0.623274,0.781005,0.657385,0.647578,0.046509,0.072336,0.002209,0.108241,0.419699
156,0.127656,0.089575,0.326612,0.566288,0.756756,0.863039,0.59887,0.144996,0.544117,0.162604,0.389443,0.369163,0.462673,0.712913,0.036693,0.859869,0.471622,0.304049
157,0.789809,0.989782,0.623854,0.063118,0.575668,0.931334,0.058792,0.380966,0.5605,0.073192,0.780494,0.402268,0.878255,0.577029,0.226661,0.805611,0.60512,0.356081
158,0.422946,0.904572,0.630133,0.006858,0.505831,0.203152,0.220321,0.670747,0.629724,0.918267,0.744462,0.389394,0.541442,0.327742,0.033882,0.430936,0.859317,0.657701
159,0.18366,0.38864,0.467911,0.473128,0.342364,0.221895,0.635645,0.241581,0.306523,0.030038,0.923445,0.061033,0.189174,0.970932,0.115351,0.872799,0.15109,0.087219
160,0.75825,0.822601,0.85988,0.319629,0.513843,0.299079,0.681355,0.887386,0.03098,0.405592,0.222677,0.983952,0.999036,0.524369,0.154397,0.995863,0.889886,0.41736
161,0.554283,0.50486,0.527997,0.23393,0.12556,0.171627,0.886776,0.344772,0.643711,0.879923,0.269442,0.190863,0.613329,0.675889,0.984704,0.931754,0.209988,0.341771
162,0.438145,0.242741,0.798462,0.699496,0.918644,0.68685,0.153373,0.149272,0.000832,0.06037,0.019187,0.135442,0.692103,0.269077,0.151805,0.913707,0.842542,0.709157
163,0.240626,0.547517,0.5316,0.829755,0.165276,0.686184,0.07822,0.947737,0.333735,0.446981,0.429689,0.68197,0.19775,0.249438,0.955677,0.677725,0.184045,0.380879
164,0.781366,0.134942,0.452542,0.973718,0.951762,0.011202,0.432862,0.843678,0.628573,0.085247,0.121621,0.555502,0.065414,0.298188,0.445028,0.991796,0.298684,0.065741
165,0.365285,0.635581,0.786821,0.15437,0.357238,0.072571,0.397559,0.48316,0.682302,0.077819,0.322468,0.931099,0.32336,0.48631,0.364836,0.549555,0.28276,0.868729
166,0.043091,0.841788,0.545525,0.975896,0.061915,0.477048,0.668818,0.130144,0.922204,0.196246,0.403649,0.496424,0.999369,0.311913,0.997052,0.413723,0.589372,0.765384
167,0.965369,0.042522,0.934413,0.97045,0.953866,0.541977,0.798876,0.285391,0.8756,0.625952,0.789668,0.32089,0.331799,0.357775,0.902601,0.236755,0.873461,0.335998
168,0.030465,0.083939,0.729519,0.320668,0.558919,0.225905,0.03387,0.684505,0.370036,0.556641,0.093669,0.318798,0.617791,0.427984,0.624596,0.879793,0.714363,0.781687
169,0.120469,0.256298,0.872989,0.086261,0.691778,0.140792,0.354733,0.820213,0.555519,0.36796,0.36254,0.645404,0.623282,0.373236,0.595099,0.901032,0.826559,0.852436
170,0.465813,0.162667,0.677188,0.212841,0.941815,0.030165,0.072619,0.961931,0.692503,0.793079,0.632483,0.704321,0.270565,0.683148,0.815055,0.80464,0.332829,0.480995
171,0.207855,0.092122,0.676211,0.751661,0.232368,0.592732,0.578484,0.313631,0.843245,0.052852,0.634398,0.113354,0.439926,0.047818,0.358183,0.063169,0.221795,0.674055
172,0.335135,0.753783,0.39036,0.242753,0.489769,0.540099,0.716574,0.712353,0.507466,0.785189,0.22697,0.182959,0.674776,0.289077,0.529278,0.478193,0.980403,0.243984
173,0.567565,0.241756,0.809063,0.86027,0.107763,0.715119,0.574524,0.447049,0.482938,0.563556,0.44834,0.219691,0.577456,0.785916,0.089815,0.263536,0.463934,0.576962
174,0.957842,0.749913,0.894382,0.626736,0.682171,0.938896,0.930385,0.904158,0.270671,0.031021,0.031787,0.445325,0.477036,0.434205,0.108198,0.443016,0.213974,0.018383
175,0.936312,0.291215,0.327447,0.739263,0.525786,0.052495,0.859731,0.893261,0.873003,0.324425,0.0459,0.888861,0.236858,0.857525,0.336972,0.689593,0.468121,0.72136
176,0.073896,0.444586,0.11394,0.478072,0.95235,0.80581,0.230679,0.920413,0.080123,0.10759,0.280296,0.814904,0.700996,0.592416,0.105041,0.516066,0.651127,0.627251
177,0.853314,0.737695,0.021845,0.428001,0.61458,0.809702,0.473411,0.657685,0.230026,0.694333,0.622038,0.756074,0.20817,0.256076,0.420878,0.586513,0.830255,0.979656
178,0.167824,0.91248,0.164404,0.813158,0.196271,0.162121,0.745297,0.313299,0.008043,0.570224,0.416746,0.98234,0.265211,0.515873,0.791024,0.748288,0.146379,0.703349
179,0.811433,0.459567,0.362868,0.629427,0.939155,0.066693,0.635598,0.001499,0.648785,0.077341,0.133407,0.930459,0.595692,0.069959,0.390675,0.59422,0.264029,0.284746
180,0.296347,0.347788,0.137927,0.541627,0.947227,0.485868,0.197775,0.963023,0.712454,0.389435,0.631968,0.294109,0.913012,0.468431,0.627645,0.710139,0.816671,0.707369
181,0.717834,0.658881,0.287795,0.160305,0.421991,0.081393,0.648368,0.018085,0.38766,0.416797,0.505418,0.963824,0.022986,0.584483,0.447164,0.917892,0.283361,0.056236
182,0.718793,0.247535,0.625675,0.835375,0.458481,0.672211,0.358188,0.97352,0.915608,0.709417,0.756838,0.910779,0.978446,0.085341,0.69125,0.159453,0.772028,0.239392
183,0.850551,0.236232,0.121113,0.239451,0.742092,0.353257,0.14028,0.602489,0.962578,0.154415,0.073584,0.612495,0.046113,0.59023,0.051138,0.372538,0.397505,0.94377
184,0.979626,0.148379,0.527278,0.69446,0.398231,0.876263,0.328642,0.898162,0.012123,0.982288,0.008004,0.894465,0.914829,0.708677,0.248639,0.015319,0.11291,0.062636
185,0.275481,0.284482,0.871035,0.70806,0.089876,0.760919,0.233553,0.503548,0.041133,0.258703,0.308503,0.521234,0.594547,0.309985,0.664424,0.908799,0.928049,0.601137
186,0.628308,0.560148,0.164314,0.292838,0.200148,0.573269,0.01018,0.903773,0.59833,0.341843,0.41301,0.21601,0.562427,0.062787,0.700914,0.542081,0.096099,0.585258
187,0.739261,0.633105,0.010529,0.439289,0.385028,0.011106,0.073911,0.153516,0.344253,0.600917,0.410561,0.857469,0.372784,0.669895,0.458129,0.169364,0.929264,0.106043
188,0.079629,0.932576,0.677253,0.81582,0.146351,0.063513,0.248507,0.182494,0.174197,0.853174,0.321256,0.623998,0.357006,0.966761,0.947627,0.06799,0.379361,0.433545
189,0.662961,0.287866,0.034516,0.473445,0.082854,0.681239,0.54297,0.267351,0.583486,0.758944,0.391608,0.886651,0.483562,0.053192,0.170526,0.661023,0.771469,0.699009
190,0.321516,0.748331,0.704349,0.400804,0.283972,0.145067,0.352316,0.153774,0.872853,0.688223,0.878428,0.004226,0.25903,0.893853,0.067922,0.143648,0.551607,0.171633
191,0.161469,0.629924,0.631476,0.887324,0.818678,0.12922,0.509344,0.96479,0.133039,0.050703,0.577973,0.27039,0.751829,0.655388,0.1472,0.2758,0.024793,0.720249
192,0.549472,0.947634,0.061259,0.918692,0.847921,0.156089,0.641058,0.676293,0.846959,0.94327,0.300968,0.063744,0.624607,0.453178,0.852893,0.502447,0.074828,0.210086
193,0.461884,0.964557,0.705143,0.838368,0.664412,0.31052,0.424419,0.329345,0.74001,0.021427,0.708114,0.524068,0.170993,0.150428,0.269442,0.044177,0.764845,0.422698
194,0.57708,0.470723,0.728527,0.444478,0.713811,0.045016,0.287954,0.397118,0.286235,0.170128,0.112574,0.390879,0.119534,0.429836,0.609454,0.010912,0.464271,0.234332
195,0.641918,0.40527,0.5167,0.25976,0.510213,0.141887,0.618666,0.771282,0.597496,0.892179,0.619218,0.550008,0.239982,0.281589,0.160425,0.16277,0.45186,0.069895
196,0.498669,0.838373,0.997043,0.816564,0.169993,0.084442,0.247122,0.753465,0.794181,0.283468,0.902088,0.805781,0.386838,0.546359,0.328988,0.072335,0.356388,0.009824
197,0.905151,0.02212,0.192208,0.86608,0.14944,0.792847,0.524962,0.728734,0.604904,0.234551,0.775259,0.247223,0.605046,0.805789,0.961158,0.720128,0.985802,0.63774
198,0.177914,0.736651,0.81575,0.56855,0.485839,0.490063,0.647915,0.481234,0.889633,0.678167,0.132011,0.56621,0.201155,0.338357,0.688483,0.602747,0.127757,0.088721
199,0.288792,0.840866,0.65107,0.828461,0.895504,0.584279,0.026704,0.350354,0.846973,0.745961,0.019928,0.720094,0.487305,0.373774,0.930701,0.038404,0.593296,0.0443
200,0.356222,0.889806,0.058081,0.831978,0.935247,0.832444,0.098515,0.224624,0.22643,0.423239,0.865085,0.706816,0.71315,0.462704,0.917355,0.373021,0.430284,0.783088
201,0.774382,0.02003,0.80669,0.577814,0.0886,0.248527,0.145467,0.160527,0.268773,0.416923,0.719366,0.985435,0.98391,0.4853,0.607497,0.074914,0.422634,0.236711
202,0.652098,0.612233,0.559524,0.363071,0.051071,0.510726,0.860493,0.171847,0.494996,0.803556,0.632995,0.823833,0.773219,0.624471,0.671377,0.81817,0.499353,0.842903
203,0.206423,0.405331,0.252393,0.243397,0.417713,0.191609,0.10329,0.457956,0.375609,0.546228,0.834161,0.468227,0.352932,0.395771,0.643368,0.287544,0.40148,0.393627
204,0.744442,0.069076,0.937819,0.465356,0.303793,0.533257,0.381492,0.346741,0.084125,0.690757,0.01451,0.579186,0.283789,0.550253,0.724285,0.047642,0.006332,0.4183
205,0.771537,0.796166,0.638632,0.175085,0.951385,0.438923,0.767459,0.731691,0.249675,0.615207,0.296218,0.463768,0.146017,0.56116,0.993777,0.941949,0.302476,0.026384
206,0.770241,0.410858,0.402193,0.085066,0.417487,0.136282,0.2434,0.561386,0.974573,0.240886,0.193514,0.665813,0.489362,0.530089,0.816736,0.292555,0.186987,0.086169
207,0.078373,0.575227,0.792471,0.595946,0.189234,0.891479,0.014454,0.329693,0.365947,0.961103,0.786848,0.457435,0.808079,0.738271,0.559114,0.878267,0.348856,0.435836
208,0.212139,0.365032,0.550138,0.030836,0.546682,0.338912,0.762788,0.113438,0.409133,0.975337,0.990423,0.609812,0.316503,0.953963,0.639294,0.020942,0.641728,0.379567
209,0.895385,0.299048,0.698699,0.276681,0.913244,0.153213,0.960418,0.08009,0.703306,0.714639,0.189819,0.558491,0.089858,0.118093,0.845517,0.72719,0.021742,0.652712
210,0.879432,0.803676,0.900563,0.889386,0.467736,0.719568,0.238004,0.823116,0.010684,0.207223,0.604234,0.196711,0.222073,0.610873,0.371445,0.68581,0.740721,0.707654
211,0.205573,0.826963,0.930924,0.204931,0.713736,0.610415,0.705324,0.011471,0.288335,0.51759,0.614299,0.055248,0.470158,0.224002,0.783706,0.583592,0.723996,0.457438
212,0.551376,0.147188,0.138719,0.261647,0.957755,0.740787,0.648955,0.065044,0.576166,0.360683,0.12761,0.456076,0.134211,0.753886,0.338925,0.265439,0.035042,0.201935
213,0.262683,0.507209,0.585535,0.828019,0.04884,0.654684,0.015179,0.972793,0.85465,0.417408,0.278522,0.642359,0.027317,0.530161,0.138448,0.799958,0.68206,0.165315
214,0.416285,0.140871,0.386567,0.577398,0.3675,0.14295,0.047758,0.204916,0.690956,0.990418,0.269754,0.331986,0.001625,0.923904,0.469665,0.787218,0.143154,0.178628
215,0.020945,0.118374,0.462056,0.242612,0.917034,0.194603,0.6047,0.302765,0.120244,0.968996,0.224538,0.447498,0.107291,0.043582,0.390459,0.590917,0.960912,0.901605
216,0.28176,0.126046,0.043971,0.059118,0.10674,0.3876,0.548592,0.985423,0.077943,0.44652,0.464463,0.494737,0.081499,0.158261,0.060203,0.144533,0.860796,0.015372
217,0.270681,0.78828,0.131193,0.070688,0.03554,0.089961,0.291504,0.158398,0.493275,0.488761,0.171737,0.837129,0.096689,0.266985,0.204339,0.691583,0.489131,0.349525
218,0.91913,0.784728,0.828874,0.548088,0.88064,0.950498,0.284905,0.656178,0.94814,0.05675,0.56954,0.659688,0.20058,0.100572,0.580288,0.907491,0.062812,0.978061
219,0.58797,0.446509,0.778591,0.10705,0.537926,0.736029,0.761007,0.036434,0.278429,0.050418,0.169445,0.682655,0.700278,0.025836,0.611228,0.447283,0.013266,0.488932
220,0.177516,0.179434,0.163472,0.040263,0.874096,0.93942,0.285534,0.712818,0.192502,0.342687,0.858254,0.063403,0.796856,0.906897,0.25588,0.609413,0.68443,0.434017
221,0.427565,0.025112,0.707815,0.292598,0.959006,0.538607,0.44392,0.110557,0.044451,0.549367,0.980212,0.405077,0.884806,0.260452,0.728004,0.788168,0.544331,0.044092
222,0.492936,0.077827,0.500289,0.324692,0.151536,0.736867,0.443137,0.484852,0.27005,0.112692,0.797053,0.105413,0.868021,0.499923,0.288737,0.314516,0.422895,0.234106
223,0.63736,0.916552,0.898242,0.440287,0.267159,0.729819,0.096303,0.490075,0.17953,0.021667,0.281299,0.814287,0.070589,0.540524,0.663262,0.544982,0.202755,0.037543
224,0.532448,0.327044,0.3916,0.62212,0.811894,0.360278,0.450628,0.052994,0.597058,0.974119,0.890695,0.340289,0.488682,0.619912,0.421419,0.907538,0.113005,0.505929
225,0.420993,0.119327,0.307907,0.303147,0.129717,0.839919,0.834716,0.333927,0.291639,0.511027,0.276217,0.124023,0.11508,0.083679,0.493284,0.358162,0.186308,0.08076
226,0.310793,0.92723,0.026241,0.730218,0.096717,0.049861,0.496522,0.588417,0.041789,0.166001,0.744258,0.702764,0.475738,0.750998,0.180861,0.608296,0.225541,0.690429
227,0.575,0.925095,0.246188,0.345549,0.202538,0.367846,0.319559,0.55639,0.766369,0.548684,0.537579,0.524905,0.212583,0.933501,0.041856,0.08287,0.623509,0.905754
228,0.975832,0.433957,0.008377,0.559033,0.386333,0.318652,0.31349,0.061454,0.892552,0.706824,0.930176,0.455853,0.383498,0.364145,0.197179,0.427695,0.911185,0.665445
229,0.552987,0.331183,0.475515,0.529138,0.765521,0.657591,0.835861,0.962807,0.440094,0.926436,0.907849,0.430875,0.33234,0.720678,0.820259,0.620039,0.027797,0.048275
230,0.887012,0.230548,0.298661,0.745599,0.969431,0.752886,0.460205,0.252645,0.443912,0.385232,0.251829,0.069344,0.323164,0.216866,0.534683,0.063066,0.612418,0.359868
231,0.015272,0.579713,0.415973,0.254619,0.956019,0.660324,0.987417,0.482063,0.369912,0.97155,0.386687,0.821077,0.895775,0.121791,0.363357,0.834414,0.342439,0.717725
232,0.203097,0.23352,0.172456,0.724133,0.887231,0.920402,0.937613,0.563907,0.330659,0.749517,0.761198,0.359555,0.05165,0.890453,0.913392,0.717437,0.958219,0.264978
233,0.864768,0.243964,0.529248,0.413602,0.140525,0.651465,0.896899,0.444148,0.227689,0.368804,0.720308,0.789662,0.784783,0.533964,0.191499,0.453343,0.865328,0.25579
234,0.569473,0.929005,0.646719,0.797588,0.223014,0.298085,0.003792,0.042953,0.002346,0.359997,0.74227,0.429783,0.847744,0.997029,0.557176,0.103284,0.188645,0.972911
235,0.487558,0.059863,0.352874,0.074145,0.470774,0.996375,0.224404,0.173498,0.238156,0.979585,0.935568,0.355377,0.64009,0.356213,0.523374,0.241921,0.919961,0.7056
236,0.368804,0.188975,0.256335,0.13717,0.848035,0.60891,0.480007,0.679663,0.229792,0.217238,0.677105,0.619593,0.612687,0.129492,0.617757,0.173709,0.209331,0.355087
237,0.295266,0.078306,0.696806,0.403567,0.808307,0.989845,0.059467,0.397773,0.186038,0.174985,0.015542,0.373117,0.227315,0.456466,0.804289,0.845134,0.752551,0.786737
238,0.67883,0.037067,0.809471,0.946459,0.681044,0.302597,0.067352,0.231955,0.810528,0.586213,0.842933,0.410012,0.797602,0.534642,0.132735,0.147438,0.398404,0.582036
239,0.365735,0.098893,0.384685,0.994569,0.707657,0.950621,0.302191,0.048274,0.348585,0.296426,0.096884,0.378644,0.287418,0.552059,0.32591,0.621412,0.493802,0.980803
240,0.435235,0.920242,0.708058,0.155748,0.702394,0.972073,0.95797,0.922997,0.816951,0.844843,0.881809,0.52724,0.714366,0.070172,0.739638,0.324841,0.971927,0.883162
241,0.776848,0.948235,0.952087,0.048063,0.490598,0.020151,0.974183,0.832533,0.724608,0.363971,0.933386,0.06044,0.805026,0.93207,0.564399,0.74509,0.836464,0.94291
242,0.946183,0.979474,0.652359,0.241214,0.279002,0.627263,0.965438,0.793996,0.109408,0.599192,0.159826,0.520252,0.202085,0.548726,0.013495,0.204452,0.574119,0.332775
243,0.993657,0.343301,0.826924,0.533249,0.620001,0.408796,0.017034,0.342029,0.137505,0.818525,0.703608,0.591987,0.220872,0.497664,0.662456,0.023287,0.59699,0.119797
244,0.484915,0.974755,0.986376,0.576199,0.269274,0.456108,0.626514,0.621617,0.962838,0.690114,0.588986,0.593987,0.279213,0.771881,0.827602,0.22238,0.453521,0.531505
245,0.138169,0.92195,0.498577,0.90371,0.427855,0.997168,0.409079,0.02497,0.63062,0.900528,0.693369,0.018813,0.842818,0.748859,0.235254,0.867081,0.990488,0.954354
246,0.024924,0.323602,0.975465,0.769498,0.90876,0.643429,0.479316,0.291397,0.165033,0.265124,0.813913,0.915544,0.775543,0.69109,0.617284,0.060413,0.548553,0.107025
247,0.494657,0.586775,0.160604,0.860866,0.506015,0.448948,0.192435,0.100942,0.584453,0.524165,0.364187,0.671917,0.52488,0.598142,0.211798,0.219702,0.509634,0.905187
248,0.076355,0.633881,0.558775,0.314128,0.856808,0.255275,0.480426,0.002806,0.81827,0.037902,0.019542,0.000898,0.264231,0.569126,0.854063,0.977186,0.608234,0.652944
249,0.117713,0.176468,0.478352,0.89207,0.835887,0.780119,0.920671,0.445776,0.953943,0.975384,0.66135,0.02204,0.992715,0.440801,0.305339,0.399027,0.948039,0.133461
250,0.234839,0.769935,0.494158,0.22281,0.931558,0.587144,0.391875,0.112393,0.346699,0.505531,0.957872,0.024467,0.971171,0.254709,0.681399,0.005974,0.280902,0.842012
251,0.991993,0.612862,0.025862,0.538123,0.792363,0.036793,0.663334,0.172847,0.093141,0.861822,0.459415,0.753245,0.175688,0.733462,0.116697,0.366094,0.170952,0.117424
252,0.162229,0.321052,0.98207,0.48788,0.493544,0.144726,0.46651,0.255577,0.096937,0.640925,0.341934,0.32632,0.788168,0.866032,0.647286,0.517724,0.312432,0.011708
253,0.110132,0.738727,0.128331,0.824256,0.41178,0.033587,0.092367,0.373731,0.416454,0.202063,0.06645,0.550877,0.112427,0.331612,0.247448,0.092336,0.627848,0.826202
254,0.915924,0.452013,0.110855,0.273939,0.954639,0.237648,0.362001,0.726755,0.614935,0.037872,0.343805,0.15368,0.660988,0.636918,0.453772,0.163053,0.626927,0.12693
255,0.62207,0.129433,0.796126,0.507656,0.118729,0.091981,0.695086,0.827479,0.907256,0.97919,0.605832,0.203655,0.054834,0.341642,0.443,0.932186,0.616149,0.636899
256,0.739901,0.42047,0.839096,0.817631,0.682249,0.642901,0.458464,0.41943,0.659877,0.0079,0.342505,0.465826,0.705741,0.067037,0.201569,0.398257,0.958904,0.611166
257,0.354733,0.117112,0.394153,0.98675,0.721338,0.185684,0.604342,0.403817,0.952875,0.519109,0.420523,0.596064,0.662029,0.494872,0.971515,0.336597,0.557544,0.902621
258,0.933833,0.409652,0.58934,0.567314,0.700755,0.436508,0.72655,0.503521,0.348301,0.735896,0.391531,0.202293,0.583763,0.244775,0.137176,0.096136,0.365274,0.046267
259,0.976101,0.251533,0.798231,0.978181,0.947255,0.565556,0.734456,0.77548,0.255869,0.640914,0.611458,0.421674,0.652342,0.441545,0.284843,0.953225,0.266858,0.483052
260,0.558456,0.072215,0.93036,0.328568,0.666786,0.477547,0.864557,0.84843,0.991253,0.36539,0.304252,0.654154,0.93214,0.06407,0.876887,0.52063,0.395176,0.70864
261,0.98684,0.143736,0.149667,0.243891,0.48962,0.803563,0.021984,0.366745,0.032113,0.29799,0.796327,0.970091,0.148122,0.000633,0.880799,0.884107,0.654993,0.444966
262,0.505794,0.102195,0.715121,0.660649,0.606419,0.21363,0.78551,0.52998,0.457241,0.096794,0.013042,0.795626,0.88567,0.01775,0.380989,0.137853,0.396517,0.268425
263,0.43974,0.745942,0.49304,0.856104,0.25827,0.221935,0.185875,0.456638,0.208509,0.847648,0.526278,0.11001,0.74645,0.020862,0.888446,0.058083,0.887682,0.338813
264,0.785434,0.871157,0.924759,0.738557,0.745274,0.174562,0.035369,0.168603,0.743276,0.543364,0.316482,0.291576,0.064896,0.453416,0.303832,0.406309,0.012323,0.735593
265,0.644248,0.257881,0.528517,0.818504,0.718752,0.352649,0.283217,0.936398,0.897709,0.229166,0.037388,0.200244,0.017775,0.897823,0.092539,0.825951,0.043311,0.374025
266,0.20053,0.414144,0.067979,0.161067,0.19247,0.45029,0.420498,0.700685,0.785058,0.354662,0.041356,0.186238,0.551649,0.550238,0.395623,0.242202,0.348521,0.158374
267,0.514939,0.899481,0.969975,0.367506,0.157745,0.513506,0.711756,0.311377,0.586992,0.201494,0.139033,0.391942,0.691741,0.189479,0.312291,0.25074,0.768178,0.839459
268,0.016459,0.338967,0.944169,0.307875,0.792522,0.834928,0.277529,0.913787,0.267107,0.724684,0.85413,0.487583,0.497237,0.458593,0.26828,0.081177,0.984826,0.578721
269,0.87566,0.623557,0.098886,0.787681,0.031248,0.102133,0.591366,0.695645,0.247766,0.768896,0.379894,0.663114,0.982172,0.279108,0.006367,0.833922,0.626206,0.445745
270,0.542446,0.720616,0.187636,0.485779,0.358323,0.611511,0.582302,0.107942,0.824414,0.249532,0.488979,0.616312,0.329735,0.338202,0.931214,0.862251,0.171986,0.663664
271,0.046187,0.598697,0.091798,0.569633,0.568012,0.284884,0.204842,0.228823,0.577348,0.221681,0.396015,0.316356,0.182559,0.583673,0.039527,0.247395,0.288719,0.77498
272,0.937759,0.988715,0.487335,0.187324,0.416718,0.117975,0.766935,0.346844,0.309719,0.207335,0.871573,0.295632,0.309234,0.368251,0.053793,0.742924,0.45563,0.215109
273,0.999436,0.062583,0.123199,0.770718,0.114475,0.417913,0.471121,0.330384,0.411326,0.073016,0.645224,0.224366,0.196417,0.772209,0.612076,0.959911,0.30495,0.082875
274,0.737305,0.107551,0.853359,0.363341,0.208445,0.327451,0.934002,0.187315,0.949647,0.245013,0.890508,0.468671,0.031268,0.003793,0.440177,0.541785,0.299629,0.902921
275,0.431323,0.986573,0.363198,0.708412,0.458518,0.349576,0.666079,0.074589,0.27677,0.123535,0.533724,0.975986,0.252461,0.966157,0.501474,0.594795,0.392719,0.233703
276,0.591419,0.565692,0.658858,0.821084,0.454022,0.014064,0.538938,0.274683,0.141634,0.929753,0.301188,0.591006,0.451181,0.66218,0.204545,0.71882,0.085662,0.681436
277,0.010232,0.372236,0.572174,0.504414,0.931056,0.503288,0.989152,0.343951,0.829419,0.371248,0.81081,0.678924,0.587551,0.99617,0.817148,0.047421,0.190759,0.3928
278,0.108449,0.941703,0.94499,0.049292,0.746384,0.592002,0.064179,0.083089,0.786366,0.271818,0.192564,0.970368,0.848801,0.088956,0.245676,0.889405,0.597055,0.544358
279,0.330999,0.909836,0.847772,0.134755,0.623213,0.678541,0.289582,0.473873,0.839164,0.376525,0.643538,0.908126,0.377611,0.413856,0.187805,0.061942,0.834994,0.566367
280,0.411269,0.882698,0.779825,0.827963,0.424015,0.901312,0.996373,0.51019,0.707998,0.304253,0.642587,0.376938,0.686832,0.157725,0.308722,0.965465,0.301075,0.389667
281,0.755949,0.028666,0.015091,0.489173,0.723788,0.850824,0.611895,0.759148,0.738817,0.666814,0.432938,0.336966,0.017995,0.18474,0.920256,0.064767,0.962957,0.891503
282,0.17073,0.407784,0.413371,0.953823,0.769793,0.917098,0.780152,0.023151,0.457974,0.927647,0.473846,0.703323,0.045248,0.762622,0.814987,0.754738,0.99815,0.0931
283,0.116105,0.832376,0.662617,0.182591,0.29338,0.51205,0.763813,0.113396,0.780382,0.344401,0.366852,0.963218,0.661174,0.645247,0.243917,0.610898,0.90735,0.835637
284,0.697464,0.421992,0.438402,0.740097,0.371743,0.775275,0.314267,0.596115,0.801326,0.708696,0.75757,0.627656,0.956571,0.864827,0.621733,0.770191,0.146428,0.995783
285,0.888032,0.691013,0.106044,0.11096,0.640341,0.18659,0.876806,0.488191,0.186902,0.749881,0.628453,0.789438,0.198306,0.254861,0.515894,0.002106,0.853397,0.371836
286,0.879667,0.822667,0.197626,0.486938,0.977016,0.256141,0.165073,0.167167,0.268347,0.522456,0.73071,0.553115,0.102038,0.589261,0.522527,0.79505,0.297028,0.722139
287,0.741916,0.675997,0.65344,0.57266,0.992423,0.713069,0.206637,0.816036,0.535897,0.731474,0.560797,0.284939,0.179057,0.309194,0.74491,0.30821,0.549192,0.22679
288,0.983567,0.280896,0.020601,0.001017,0.354398,0.897438,0.247761,0.333639,0.308868,0.904852,0.131461,0.588156,0.26216,0.653597,0.186037,0.541976,0.871899,0.765661
289,0.522092,0.7183,0.517324,0.037819,0.165088,0.859723,0.474615,0.596331,0.894877,0.341015,0.247096,0.928213,0.808955,0.057772,0.670575,0.995471,0.487053,0.2261
290,0.774469,0.942501,0.394937,0.930705,0.28159,0.009344,0.555951,0.200054,0.414945,0.927281,0.989534,0.525193,0.93998,0.282652,0.368735,0.184305,0.444813,0.161413
291,0.417177,0.427202,0.105147,0.019891,0.731549,0.390724,0.200051,0.978233,0.842861,0.594047,0.392273,0.475654,0.274131,0.324375,0.811283,0.044858,0.590694,0.058754
292,0.353256,0.309271,0.786768,0.100437,0.249027,0.294297,0.743897,0.739672,0.867188,0.411914,0.63335,0.50557,0.220537,0.292694,0.067286,0.28952,0.532245,0.82295
293,0.910822,0.641989,0.651074,0.950294,0.828003,0.552533,0.804639,0.1264,0.80008,0.127676,0.16498,0.072214,0.882321,0.703013,0.642647,0.175933,0.366358,0.544876
294,0.430707,0.243294,0.911631,0.7057,0.928497,0.543626,0.955977,0.724777,0.454844,0.501857,0.234099,0.484854,0.244794,0.612444,0.833273,0.222572,0.412288,0.352503
295,0.746471,0.335367,0.713646,0.45354,0.228064,0.109677,0.422997,0.440094,0.105164,0.31061,0.797682,0.85671,0.420262,0.934008,0.31426,0.466717,0.464445,0.625021
296,0.497023,0.373087,0.849405,0.061318,0.549845,0.750172,0.594631,0.936567,0.390097,0.056289,0.887906,0.337901,0.788841,0.676562,0.683376,0.555825,0.64316,0.905716
297,0.112213,0.83805,0.753967,0.514649,0.641984,0.82437,0.781292,0.81136,0.884432,0.485366,0.107616,0.055498,0.249739,0.161885,0.118145,0.748139,0.411751,0.907478
298,0.126876,0.745191,0.301522,0.68377,0.931682,0.555887,0.355493,0.459507,0.651677,0.827917,0.396118,0.155743,0.682586,0.644981,0.154071,0.480869,0.183763,0.527448
299,0.510123,0.8569,0.620528,0.522116,0.109371,0.716201,0.071206,0.773458,0.193169,0.78415,0.587328,0.773185,0.238105,0.705322,0.85045,0.040542,0.998133,0.4662
300,0.707678,0.003427,0.763368,0.99232,0.192642,0.201347,0.578312,0.181971,0.38824,0.47683,0.40073,0.791437,0.411612,0.751656,0.262342,0.436669,0.255908,0.427026
301,0.742484,0.181685,0.670462,0.475683,0.87468,0.919824,0.882007,0.730522,0.084668,0.558576,0.576044,0.299462,0.434864,0.932817,0.041552,0.655829,0.821329,0.741282
302,0.335697,0.913207,0.129177,0.842038,0.0512,0.46735,0.518805,0.204286,0.124169,0.495568,0.405961,0.366528,0.238431,0.530211,0.855028,0.306599,0.432282,0.638611
303,0.009211,0.59778,0.722371,0.217931,0.923395,0.521528,0.763617,0.115889,0.476138,0.965304,0.737287,0.308138,0.386174,0.802809,0.875653,0.239999,0.20139,0.76409
304,0.533356,0.946481,0.983781,0.159455,0.832988,0.541109,0.974615,0.462829,0.126678,0.916102,0.783605,0.076081,0.414217,0.607048,0.798608,0.024796,0.969617,0.997995
305,0.189567,0.388382,0.478382,0.816793,0.756897,0.007952,0.181484,0.125138,0.568566,0.960125,0.736255,0.871679,0.859423,0.975606,0.207464,0.915036,0.258019,0.728393
306,0.32012,0.202934,0.697351,0.558519,0.319617,0.179295,0.569428,0.369939,0.531132,0.997887,0.456169,0.832652,0.736922,0.113575,0.45853,0.472214,0.100251,0.209341
307,0.566449,0.644355,0.1901,0.236142,0.767951,0.928462,0.114869,0.787341,0.398219,0.373837,0.621382,0.999933,0.525589,0.435905,0.391716,0.087587,0.466561,0.706083
308,0.391833,0.206803,0.277344,0.933256,0.771758,0.648046,0.78347,0.969756,0.258441,0.93689,0.367607,0.30985,0.908604,0.472983,0.07213,0.829404,0.174283,0.4405
309,0.459002,0.28161,0.82442,0.03388,0.514488,0.427112,0.163646,0.796906,0.340859,0.900066,0.910766,0.287606,0.697406,0.733861,0.707037,0.922409,0.381032,0.978423
310,0.050459,0.41115,0.287287,0.715388,0.484033,0.144511,0.572635,0.403314,0.215606,0.10664,0.249938,0.456248,0.035178,0.27171,0.630994,0.300003,0.404878,0.117448
311,0.183015,0.755625,0.458145,0.591042,0.07333,0.18171,0.707768,0.061421,0.306236,0.079161,0.782349,0.754156,0.150856,0.141182,0.952293,0.004739,0.057483,0.285991
312,0.841896,0.542652,0.130375,0.280139,0.936061,0.041248,0.795936,0.533465,0.549749,0.404867,0.525556,0.654871,0.153611,0.546695,0.242002,0.19015,0.009492,0.329799
313,0.511881,0.565903,0.583176,0.984176,0.844257,0.932712,0.674054,0.207694,0.669127,0.02956,0.276544,0.446893,0.125951,0.563679,0.24724,0.249239,0.352097,0.425183
314,0.885118,0.48675,0.527519,0.73368,0.481446,0.796589,0.95332,0.942599,0.374172,0.018252,0.076342,0.927584,0.295924,0.460513,0.388162,0.687588,0.769186,0.400069
315,0.857301,0.949799,0.621454,0.998291,0.768703,0.031471,0.612835,0.606779,0.04084,0.988511,0.682333,0.776495,0.139378,0.838291,0.477758,0.526793,0.912405,0.393058
316,0.19317,0.997052,0.31865,0.438403,0.920162,0.335343,0.593608,0.043955,0.04969,0.217158,0.793691,0.093687,0.200142,0.431377,0.409666,0.04218,0.934123,0.377002
317,0.399597,0.500908,0.489827,0.053167,0.574125,0.001354,0.9774,0.862293,0.918587,0.586674,0.347501,0.901277,0.015316,0.341837,0.370574,0.39144,0.50256,0.82746
318,0.525778,0.53926,0.113342,0.461452,0.249404,0.585097,0.848539,0.603415,0.207916,0.84674,0.487111,0.452901,0.056066,0.017513,0.428948,0.411562,0.570025,0.997328
319,0.097515,0.007537,0.873462,0.306414,0.548541,0.738836,0.59398,0.83789,0.953836,0.580442,0.618365,0.18205,0.734103,0.387328,0.649728,0.769461,0.486809,0.465024
320,0.085356,0.763153,0.443872,0.0811,0.251062,0.088829,0.382077,0.030314,0.668885,0.111808,0.625799,0.311174,0.459036,0.810175,0.382863,0.147837,0.91365,0.680339
321,0.841487,0.700145,0.138506,0.97175,0.128302,0.940767,0.571824,0.021824,0.361053,0.605102,0.53827,0.176334,0.393447,0.567426,0.116514,0.748395,0.256842,0.29185
322,0.826714,0.0768,0.615974,0.014743,0.488806,0.696723,0.820206,0.97552,0.609141,0.470528,0.870809,0.048953,0.911623,0.415223,0.297994,0.619985,0.23049,0.608759
323,0.383289,0.130176,0.7734,0.086582,0.171787,0.718504,0.453977,0.696682,0.321438,0.775006,0.294627,0.776482,0.085091,0.363065,0.58508,0.697475,0.372694,0.082981
324,0.706585,0.05709,0.52536,0.232996,0.120788,0.690521,0.347838,0.999496,0.002418,0.383052,0.565432,0.289617,0.888559,0.156278,0.542974,0.081718,0.677056,0.405119
325,0.517933,0.429973,0.800215,0.022379,0.400194,0.166644,0.838285,0.680621,0.584438,0.89854,0.109806,0.453207,0.360888,0.860614,0.766846,0.750927,0.107305,0.781182
326,0.747654,0.567674,0.118494,0.462036,0.884274,0.297083,0.504895,0.626637,0.035255,0.539227,0.28272,0.391514,0.989129,0.720179,0.97973,0.50504,0.447122,0.09128
327,0.315185,0.07906,0.943066,0.399348,0.331762,0.416147,0.998334,0.670134,0.035454,0.951579,0.512998,0.815789,0.312081,0.557093,0.652724,0.115311,0.150259,0.968063
328,0.474036,0.950121,0.131578,0.430819,0.957631,0.771386,0.146881,0.650552,0.103695,0.90012,0.487654,0.816269,0.383569,0.737271,0.021428,0.341752,0.062236,0.970708
329,0.892956,0.052947,0.481706,0.878437,0.697175,0.234293,0.431693,0.759237,0.352233,0.045851,0.950156,0.444819,0.094428,0.972767,0.125737,0.910574,0.714819,0.525303
330,0.816644,0.155744,0.712666,0.865766,0.33674,0.920592,0.154328,0.007619,0.234484,0.214252,0.097459,0.379661,0.08361,0.476241,0.63854,0.842288,0.055464,0.222784
331,0.309964,0.788897,0.561159,0.201367,0.920492,0.202639,0.056257,0.221427,0.9401,0.531541,0.84042,0.64214,0.159744,0.41483,0.385456,0.854182,0.151467,0.612855
332,0.881771,0.654152,0.400797,0.807651,0.915877,0.575555,0.405117,0.606231,0.33466,0.275535,0.966724,0.466718,0.581004,0.499128,0.973284,0.607706,0.386233,0.313358
333,0.398719,0.849306,0.89003,0.680877,0.037696,0.397566,0.271404,0.222118,0.835678,0.828302,0.872318,0.007666,0.950954,0.999535,0.971709,0.131361,0.122819,0.577213
334,0.68238,0.90743,0.128047,0.43443,0.981646,0.642194,0.784586,0.528323,0.864287,0.177735,0.568342,0.413289,0.289804,0.031803,0.660871,0.28782,0.052824,0.729278
335,0.711511,0.983404,0.748958,0.136902,0.553255,0.06505,0.748838,0.80581,0.506367,0.070967,0.353124,0.396879,0.904845,0.716171,0.079298,0.480149,0.524015,0.076687
336,0.401685,0.608133,0.174479,0.897334,0.398916,0.802313,0.415962,0.764403,0.203353,0.753293,0.064329,0.844976,0.659023,0.131537,0.563896,0.909826,0.915737,0.30699
337,0.827094,0.574466,0.105292,0.561051,0.625183,0.923442,0.155003,0.141387,0.64798,0.966624,0.768751,0.149936,0.395718,0.969771,0.0607,0.397243,0.269537,0.292667
338,0.465352,0.014953,0.166259,0.303211,0.173487,0.191903,0.446107,0.457218,0.639305,0.828924,0.945096,0.015324,0.324233,0.707497,0.138179,0.757502,0.189744,0.434067
339,0.960689,0.473653,0.688716,0.833299,0.196831,0.043441,0.479118,0.845271,0.978693,0.267104,0.073196,0.852086,0.635694,0.734046,0.429688,0.314369,0.477291,0.811707
340,0.936699,0.281308,0.047785,0.089361,0.905287,0.36861,0.363863,0.817694,0.85173,0.904225,0.413732,0.117095,0.946106,0.0853,0.050354,0.381578,0.836618,0.832765
341,0.900265,0.061853,0.585273,0.125948,0.122375,0.803841,0.442453,0.402529,0.210606,0.906042,0.994234,0.839579,0.639869,0.592113,0.76359,0.248126,0.102143,0.00475
342,0.908353,0.620189,0.658095,0.634353,0.442223,0.201,0.988026,0.746637,0.217899,0.583246,0.91029,0.906252,0.277662,0.036151,0.54004,0.299188,0.998705,0.604765
343,0.147047,0.045291,0.580299,0.187638,0.347603,0.965326,0.335794,0.610976,0.987718,0.741543,0.750195,0.000535,0.291035,0.263869,0.240758,0.158883,0.646609,0.21879
344,0.648334,0.630001,0.295718,0.183389,0.300973,0.539172,0.573206,0.394552,0.52122,0.866891,0.073069,0.58727,0.853773,0.215413,0.334583,0.920942,0.790493,0.270379
345,0.741115,0.963077,0.172027,0.5574,0.320913,0.512182,0.655138,0.859157,0.25243,0.073118,0.723576,0.273456,0.888946,0.904099,0.530434,0.592829,0.157272,0.302456
346,0.528759,0.416822,0.391305,0.790387,0.761961,0.686247,0.21323,0.711282,0.832197,0.636146,0.405757,0.55702,0.9983,0.048329,0.701925,0.368308,0.723158,0.539859
347,0.529221,0.655593,0.980872,0.924121,0.03271,0.16747,0.440803,0.843296,0.340129,0.493476,0.712936,0.684712,0.328009,0.210943,0.967594,0.061783,0.358618,0.132784
348,0.201431,0.009366,0.25877,0.116753,0.214902,0.743176,0.461989,0.534354,0.169643,0.935132,0.766541,0.348647,0.447415,0.780578,0.492113,0.214206,0.621352,0.12284
349,0.160787,0.355669,0.608482,0.95937,0.384497,0.921217,0.171599,0.85172,0.570217,0.111111,0.796577,0.474339,0.815904,0.799359,0.994367,0.671487,0.757771,0.229285
350,0.783134,0.110386,0.157573,0.771823,0.026343,0.120805,0.449462,0.033776,0.57026,0.763109,0.207431,0.383833,0.313721,0.797112,0.469096,0.930128,0.617123,0.139312
351,0.149606,0.253956,0.101729,0.138525,0.870244,0.269828,0.581518,0.290176,0.611809,0.480411,0.577096,0.414335,0.484495,0.10814,0.786729,0.256774,0.931999,0.096114
352,0.728197,0.024823,0.463589,0.42077,0.246322,0.398446,0.012075,0.733194,0.432905,0.722108,0.233408,0.879827,0.451167,0.026427,0.415032,0.475179,0.897538,0.206426
353,0.077068,0.491723,0.614886,0.291525,0.149833,0.497997,0.647776,0.408368,0.121559,0.588488,0.315263,0.682196,0.355015,0.795399,0.202959,0.898221,0.34396,0.118937
354,0.412252,0.777296,0.284469,0.727349,0.989956,0.147151,0.261959,0.325205,0.915595,0.860242,0.264334,0.114466,0.724005,0.331337,0.111618,0.315411,0.700655,0.845444
355,0.024011,0.731679,0.919644,0.320231,0.274275,0.87318,0.943969,0.639343,0.261787,0.730201,0.607079,0.330197,0.412903,0.146719,0.120633,0.208021,0.171444,0.056611
356,0.660373,0.983973,0.919665,0.228853,0.317769,0.520286,0.571098,0.2347,0.894305,0.347935,0.6375,0.252768,0.192369,0.372254,0.596722,0.907462,0.88531,0.60867
357,0.292916,0.901578,0.088569,0.102192,0.99321,0.386195,0.202767,0.334292,0.135978,0.243217,0.460722,0.466136,0.327797,0.221645,0.033789,0.040543,0.25129,0.668251
358,0.4677,0.7069,0.81389,0.591331,0.302646,0.070508,0.109129,0.992745,0.208881,0.246361,0.888412,0.373548,0.696409,0.249426,0.760284,0.206557,0.354512,0.178069
359,0.286449,0.760227,0.15111,0.635524,0.650455,0.820678,0.469395,0.639839,0.739734,0.899963,0.743657,0.727413,0.139264,0.779903,0.45863,0.61141,0.999755,0.199238
360,0.515774,0.58269,0.372251,0.356232,0.615787,0.752796,0.088041,0.773138,0.110322,0.811396,0.185932,0.023326,0.92069,0.302844,0.621444,0.656763,0.898102,0.337778
361,0.657647,0.017743,0.72682,0.719857,0.884139,0.112446,0.810643,0.018618,0.35566,0.198971,0.889085,0.355336,0.794152,0.97248,0.754915,0.06122,0.885378,0.459484
362,0.166913,0.765115,0.396563,0.664323,0.10035,0.537962,0.64639,0.952251,0.407918,0.818412,0.484428,0.942486,0.976535,0.572096,0.04871,0.049811,0.928068,0.876977
363,0.777049,0.614136,0.742124,0.093276,0.358497,0.598787,0.883343,0.614655,0.561744,0.518383,0.022199,0.050916,0.94522,0.335619,0.803921,0.551775,0.019373,0.050868
364,0.782515,0.933269,0.599968,0.439576,0.057344,0.443438,0.971004,0.712323,0.180509,0.124018,0.626746,0.604717,0.395865,0.77296,0.196909,0.888645,0.818548,0.058795
365,0.942166,0.18637,0.885572,0.779896,0.078223,0.685153,0.748057,0.53708,0.549655,0.804649,0.293977,0.745156,0.263531,0.480747,0.324512,0.191621,0.613169,0.454863
366,0.380695,0.931904,0.112818,0.352506,0.071962,0.506718,0.932797,0.447066,0.71929,0.875272,0.203094,0.861408,0.618876,0.293957,0.728097,0.713049,0.859171,0.707277
367,0.873131,0.162626,0.921155,0.08202,0.787088,0.223848,0.290462,0.185283,0.446327,0.851321,0.409073,0.746399,0.323621,0.747283,0.295892,0.41183,0.42498,0.233526
368,0.093685,0.064304,0.822757,0.511093,0.264934,0.688054,0.444536,0.016874,0.757553,0.932051,0.988111,0.538797,0.731772,0.839886,0.73728,0.96738,0.160907,0.060259
369,0.993906,0.632832,0.676501,0.134612,0.946713,0.152118,0.738811,0.274149,0.681787,0.393968,0.749459,0.810789,0.762507,0.532092,0.760721,0.279014,0.594786,0.479961
370,0.212207,0.324169,0.757837,0.634778,0.3457,0.567271,0.313894,0.610426,0.345691,0.77492,0.554383,0.671064,0.844195,0.230579,0.262995,0.307035,0.412858,0.18904
371,0.373849,0.532652,0.645245,0.835994,0.162615,0.029222,0.997154,0.00905,0.667126,0.946867,0.254888,0.05623,0.419877,0.614426,0.844857,0.242673,0.231326,0.90163
372,0.093503,0.377249,0.006367,0.958757,0.004645,0.7115,0.356827,0.411668,0.017479,0.553028,0.622884,0.435223,0.913974,0.698621,0.873852,0.955975,0.635946,0.702153
373,0.835142,0.180501,0.193835,0.572969,0.744385,0.136056,0.864428,0.886394,0.928544,0.259224,0.098165,0.348919,0.584537,0.625317,0.799526,0.717759,0.394581,0.464619
374,0.485933,0.856921,0.484081,0.83133,0.802139,0.423194,0.441918,0.789081,0.299024,0.818909,0.189228,0.293636,0.555506,0.464206,0.719472,0.680643,0.691677,0.177952
375,0.962401,0.802464,0.214626,0.160333,0.125478,0.031581,0.329669,0.532487,0.716886,0.322001,0.002266,0.34272,0.453459,0.907011,0.282698,0.579067,0.869377,0.354837
376,0.144616,0.286311,0.338282,0.190725,0.918542,0.685034,0.874424,0.751869,0.567002,0.934867,0.04343,0.916001,0.719124,0.971478,0.752189,0.469673,0.11035,0.330463
377,0.891822,0.333995,0.110992,0.472659,0.358757,0.06824,0.910746,0.129501,0.232522,0.539591,0.267098,0.504081,0.783455,0.355048,0.957319,0.041059,0.138466,0.234508
378,0.359546,0.765718,0.546039,0.707733,0.435056,0.417905,0.057528,0.659588,0.405233,0.505205,0.68433,0.58048,0.686678,0.797027,0.312533,0.614261,0.048553,0.383506
379,0.236291,0.455878,0.424878,0.312898,0.745032,0.292467,0.218783,0.837657,0.411699,0.407461,0.79831,0.715912,0.315173,0.907605,0.538959,0.126814,0.421702,0.573687
380,0.657123,0.700408,0.71848,0.304411,0.362225,0.102288,0.202377,0.570698,0.254288,0.886399,0.591108,0.980964,0.431481,0.976036,0.662049,0.108503,0.281819,0.154798
381,0.030188,0.917179,0.17411,0.916835,0.735464,0.826061,0.193929,0.692874,0.991678,0.517468,0.390767,0.011818,0.653171,0.711405,0.091326,0.131947,0.80828,0.909321
382,0.52547,0.836939,0.15632,0.103184,0.585975,0.013742,0.413546,0.159059,0.003,0.531318,0.035342,0.487085,0.287388,0.513619,0.973499,0.978394,0.55716,0.249012
383,0.473605,0.597607,0.11635,0.068592,0.088511,0.467909,0.759306,0.990815,0.347365,0.820839,0.415428,0.549097,0.798168,0.90383,0.509528,0.942803,0.854652,0.450205
384,0.048505,0.787989,0.899802,0.830617,0.67079,0.36402,0.187855,0.080918,0.397153,0.645106,0.114076,0.024224,0.987875,0.730838,0.932905,0.108973,0.351299,0.371653
385,0.434182,0.185445,0.702728,0.562039,0.90885,0.196267,0.377979,0.495259,0.26183,0.26501,0.103444,0.107922,0.330694,0.454527,0.524547,0.281945,0.994137,0.197516
386,0.304919,0.842996,0.876312,0.327198,0.88512,0.33222,0.702618,0.187948,0.661033,0.606479,0.990807,0.352112,0.453782,0.851122,0.23898,0.213343,0.339932,0.479088
387,0.248648,0.248884,0.17467,0.309996,0.238477,0.527116,0.08095,0.038493,0.036368,0.864111,0.007761,0.041396,0.256677,0.393272,0.959555,0.698707,0.00112,0.05781
388,0.930294,0.42297,0.295797,0.719117,0.100049,0.042787,0.430449,0.386606,0.748069,0.532979,0.169428,0.574477,0.873668,0.793651,0.815236,0.971129,0.622667,0.648745
389,0.598297,0.608902,0.746033,0.840308,0.759377,0.150305,0.087888,0.909668,0.494651,0.313946,0.600229,0.073861,0.462712,0.802294,0.672137,0.80945,0.597487,0.84138
390,0.154158,0.32455,0.279281,0.934362,0.277973,0.29751,0.671403,0.094025,0.64732,0.068765,0.040041,0.770515,0.297572,0.494023,0.840138,0.045185,0.794248,0.852811
391,0.757132,0.826816,0.337782,0.693137,0.91342,0.588557,0.378526,0.504912,0.453908,0.506775,0.754314,0.95134,0.11251,0.571452,0.976456,0.483828,0.687474,0.827555
392,0.369567,0.594349,0.414295,0.719887,0.528959,0.470412,0.904491,0.238468,0.777814,0.772508,0.560426,0.388244,0.567973,0.041788,0.109412,0.543523,0.401122,0.977255
393,0.598851,0.949714,0.475673,0.91513,0.231808,0.953496,0.148931,0.11306,0.005695,0.829673,0.730395,0.921107,0.632737,0.873964,0.809313,0.054778,0.568041,0.786922
394,0.379935,0.278965,0.139644,0.388863,0.839385,0.840559,0.387782,0.112988,0.902389,0.191641,0.856448,0.907527,0.754725,0.35556,0.028959,0.118761,0.177904,0.079827
395,0.638546,0.700401,0.940109,0.611123,0.060703,0.878782,0.912466,0.717491,0.426055,0.669085,0.087671,0.732736,0.741409,0.87361,0.833937,0.749355,0.781165,0.061018
396,0.681937,0.154051,0.606191,0.589127,0.016778,0.122376,0.249746,0.937685,0.174959,0.320485,0.418426,0.812106,0.319411,0.44614,0.726677,0.056178,0.891623,0.869328
397,0.283534,0.171552,0.89904,0.912075,0.983436,0.141201,0.939781,0.902613,0.48563,0.170926,0.475997,0.958516,0.662008,0.581231,0.36269,0.426957,0.947448,0.169048
398,0.831058,0.515619,0.602855,0.837327,0.213879,0.921565,0.98591,0.644613,0.025023,0.758748,0.256963,0.610442,0.065197,0.222335,0.706179,0.294115,0.714619,0.423149
399,0.618131,0.900897,0.142095,0.312832,0.810064,0.185123,0.253025,0.660847,0.688167,0.100605,0.016131,0.063334,0.365828,0.922183,0.287957,0.869435,0.727469,0.250221
400,0.605269,0.47231,0.980937,0.906848,0.614966,0.292051,0.563367,0.286838,0.84747,0.392913,0.251993,0.603604,0.240921,0.734032,0.061299,0.231584,0.568997,0.376263
401,0.218006,0.557939,0.747701,0.59042,0.988683,0.371144,0.095277,0.042617,0.898416,0.860003,0.651829,0.519365,0.423835,0.331019,0.278037,0.876856,0.380183,0.031894
402,0.253963,0.950779,0.855021,0.855301,0.611028,0.015344,0.96974,0.545797,0.362801,0.977111,0.124403,0.600511,0.924119,0.149319,0.806865,0.965388,0.332481,0.162373
403,0.395377,0.203588,0.681024,0.581492,0.736886,0.579382,0.090211,0.280285,0.780887,0.672512,0.964046,0.749829,0.017685,0.187075,0.904648,0.617187,0.100741,0.082215
404,0.033873,0.841359,0.022064,0.871988,0.367714,0.704442,0.647349,0.96208,0.673472,0.47949,0.306102,0.661649,0.035958,0.227289,0.100137,0.603189,0.972166,0.996808
405,0.054731,0.764547,0.955562,0.934688,0.221423,0.131788,0.113747,0.069185,0.991755,0.330187,0.679537,0.332985,0.398347,0.737203,0.31106,0.93944,0.832428,0.496755
406,0.662682,0.666631,0.05614,0.567873,0.849018,0.212921,0.792692,0.226032,0.645494,0.443507,0.833528,0.409446,0.638045,0.164326,0.176277,0.652585,0.108868,0.432735
407,0.316479,0.379424,0.05747,0.933851,0.695293,0.700075,0.042653,0.975069,0.119177,0.156582,0.444041,0.605748,0.354019,0.642203,0.215194,0.029278,0.62188,0.825655
408,0.720244,0.866047,0.36035,0.881576,0.961022,0.188798,0.250009,0.441756,0.731267,0.188909,0.34122,0.4612,0.237103,0.786409,0.499334,0.21568,0.530289,0.150901
409,0.074826,0.969755,0.341603,0.880151,0.603066,0.955667,0.995046,0.244559,0.23847,0.063344,0.775499,0.123426,0.812395,0.926575,0.89899,0.897223,0.164193,0.534975
410,0.740131,0.385346,0.529144,0.074989,0.842471,0.241302,0.507172,0.636857,0.712778,0.332653,0.838516,0.139646,0.810132,0.082297,0.349483,0.01411,0.399538,0.337911
411,0.214179,0.417062,0.611581,0.162836,0.953496,0.001025,0.940934,0.428828,0.34087,0.421111,0.009029,0.885774,0.677654,0.154516,0.43052,0.672812,0.231403,0.820989
412,0.869552,0.736087,0.822807,0.565758,0.791139,0.295196,0.143503,0.234205,0.129501,0.899369,0.731305,0.144589,0.929003,0.468424,0.46283,0.089791,0.774301,0.393955
413,0.906532,0.524493,0.983256,0.267539,0.366179,0.556226,0.125125,0.696274,0.075006,0.798487,0.270946,0.994537,0.089506,0.585436,0.916833,0.154012,0.83454,0.715546
414,0.689313,0.206622,0.785977,0.686858,0.152084,0.384808,0.779674,0.947901,0.321861,0.481912,0.346856,0.941219,0.229879,0.03778,0.121402,0.013646,0.471303,0.494405
415,0.394287,0.890026,0.918636,0.412913,0.811513,0.920965,0.634026,0.020493,0.932152,0.817838,0.133817,0.007217,0.409925,0.465152,0.517263,0.748568,0.136525,0.514081
416,0.025648,0.675638,0.952689,0.811992,0.460939,0.820092,0.259186,0.494851,0.615157,0.55442,0.47067,0.011442,0.195257,0.655755,0.613313,0.669335,0.252304,0.751203
417,0.761113,0.441059,0.630004,0.317048,0.844345,0.454891,0.574982,0.092688,0.277942,0.011362,0.237355,0.809424,0.536451,0.484405,0.846781,0.782392,0.348118,0.246795
418,0.562818,0.412028,0.291932,0.493949,0.154072,0.214959,0.862409,0.858134,0.739059,0.555377,0.202612,0.577009,0.550421,0.410221,0.403799,0.498434,0.95199,0.029515
419,0.082291,0.63045,0.160712,0.618063,0.586584,0.448583,0.756888,0.880916,0.009675,0.699401,0.738124,0.024412,0.624451,0.518629,0.896252,0.796444,0.653327,0.702259
420,0.570737,0.309074,0.076839,0.768558,0.996094,0.644447,0.871233,0.266183,0.9276,0.143237,0.49634,0.44879,0.871609,0.496272,0.712223,0.869605,0.925655,0.424415
421,0.006156,0.619302,0.649371,0.232293,0.566484,0.279132,0.72388,0.815343,0.151889,0.799643,0.994399,0.152805,0.29685,0.836836,0.977443,0.163014,0.246121,0.860466
422,0.451377,0.116841,0.922737,0.790429,0.175279,0.49513,0.795752,0.183172,0.054973,0.658805,0.275453,0.884149,0.95815,0.595504,0.114791,0.587985,0.09142,0.488265
423,0.613257,0.391413,0.707184,0.509751,0.529294,0.733541,0.347875,0.179107,0.085956,0.630082,0.218291,0.341708,0.300763,0.247368,0.319395,0.820914,0.381022,0.88213
424,0.802659,0.807729,0.579837,0.214598,0.614473,0.348895,0.738562,0.124243,0.774284,0.746454,0.564249,0.867317,0.656145,0.4033,0.954626,0.231294,0.302851,0.321283
425,0.290606,0.138851,0.894582,0.806778,0.643188,0.975121,0.265777,0.660602,0.263627,0.377851,0.047538,0.777408,0.1291,0.71839,0.053443,0.281255,0.19902,0.437852
426,0.232046,0.700594,0.670658,0.273263,0.047794,0.645056,0.890573,0.289836,0.142131,0.795501,0.72569,0.714567,0.081495,0.166053,0.137314,0.752255,0.865913,0.606677
427,0.331094,0.71398,0.478902,0.242463,0.258858,0.929873,0.747663,0.502994,0.899543,0.326902,0.009806,0.188197,0.967827,0.576551,0.831013,0.41726,0.723411,0.035686
428,0.059195,0.741133,0.825324,0.150096,0.568392,0.173392,0.589043,0.372023,0.019482,0.205189,0.62594,0.191409,0.736361,0.187152,0.863033,0.914648,0.171523,0.776175
429,0.931499,0.032484,0.774518,0.563063,0.069642,0.839591,0.486492,0.865279,0.771707,0.76212,0.217126,0.373766,0.327092,0.25291,0.599329,0.994363,0.182375,0.177647
430,0.880635,0.826424,0.92785,0.734688,0.542965,0.651176,0.716274,0.546187,0.535808,0.651707,0.911679,0.733884,0.075059,0.25148,0.916036,0.317717,0.575163,0.577879
431,0.602136,0.260001,0.808698,0.951391,0.018118,0.547635,0.264875,0.373692,0.521667,0.366487,0.112988,0.597735,0.623099,0.165757,0.868901,0.128746,0.214284,0.157288
432,0.074587,0.173531,0.324249,0.180924,0.133866,0.671515,0.712121,0.439557,0.548028,0.570279,0.633546,0.437045,0.040726,0.509847,0.651995,0.515018,0.540001,0.427767
433,0.083628,0.103878,0.944127,0.197373,0.058104,0.855483,0.592904,0.947499,0.23037,0.424901,0.214999,0.860239,0.827181,0.875919,0.431066,0.208923,0.543732,0.677969
434,0.932082,0.596741,0.500238,0.319047,0.389296,0.947226,0.531303,0.93131,0.341222,0.822168,0.075303,0.563606,0.073604,0.111299,0.060894,0.190948,0.106553,0.538872
435,0.125,0.717788,0.03022,0.821857,0.238376,0.603849,0.371583,0.405029,0.533021,0.789793,0.671041,0.612916,0.761926,0.517094,0.990695,0.615008,0.817452,0.835298
436,0.145669,0.637743,0.710772,0.595257,0.915269,0.794063,0.798969,0.80881,0.135939,0.815825,0.641398,0.381188,0.230383,0.906026,0.230066,0.407197,0.815914,0.433981
437,0.78547,0.923241,0.448465,0.471075,0.922594,0.437919,0.899841,0.225243,0.989412,0.453725,0.316713,0.753343,0.22237,0.531877,0.080929,0.618586,0.112226,0.987993
438,0.301531,0.386217,0.498561,0.331483,0.435679,0.21685,0.877533,0.819677,0.594756,0.347649,0.106332,0.279853,0.954735,0.914381,0.183807,0.661374,0.922208,0.417507
439,0.411554,0.103564,0.78803,0.492466,0.662598,0.111075,0.87046,0.192514,0.909506,0.328689,0.097444,0.604885,0.154694,0.560198,0.022785,0.25872,0.802588,0.399582
440,0.410023,0.29167,0.573302,0.9952,0.017601,0.220443,0.951257,0.382621,0.68906,0.588321,0.073104,0.114434,0.261664,0.378067,0.389595,0.78076,0.916693,0.753542
441,0.700066,0.19753,0.371447,0.039582,0.997016,0.75429,0.137613,0.780495,0.249859,0.810075,0.486069,0.125996,0.574409,0.443443,0.854831,0.062683,0.538375,0.622189
442,0.472332,0.720903,0.186109,0.181182,0.491267,0.583948,0.977848,0.308619,0.628485,0.411638,0.835014,0.005627,0.401673,0.496402,0.89462,0.149298,0.232414,0.534778
443,0.812205,0.773621,0.636187,0.913554,0.183923,0.554173,0.530702,0.593488,0.704517,0.151494,0.719698,0.402545,0.546947,0.279446,0.350047,0.528471,0.890062,0.095479
444,0.495939,0.480198,0.599986,0.524059,0.373905,0.547519,0.390776,0.823219,0.141025,0.841187,0.189733,0.790133,0.038417,0.264929,0.568069,0.563578,0.349808,0.409274
445,0.29046,0.262577,0.020258,0.921977,0.69934,0.528002,0.246389,0.627404,0.394677,0.242049,0.680932,0.701475,0.860622,0.107719,0.304207,0.106582,0.368328,0.278751
446,0.194577,0.455983,0.338193,0.198956,0.219658,0.579779,0.556181,0.171565,0.716008,0.613004,0.455294,0.167017,0.229701,0.894292,0.182102,0.839692,0.711641,0.226179
447,0.755013,0.669197,0.784008,0.502607,0.877634,0.653272,0.972473,0.006075,0.265734,0.784264,0.136398,0.679129,0.649798,0.504021,0.251983,0.584456,0.587277,0.060626
448,0.219508,0.16998,0.909892,0.303472,0.81224,0.348172,0.382358,0.292319,0.749144,0.881917,0.81156,0.489326,0.843282,0.008388,0.832577,0.457234,0.555448,0.826739
449,0.608908,0.523761,0.680734,0.465712,0.191983,0.38098,0.799539,0.290548,0.782802,0.940065,0.398555,0.648131,0.593916,0.494806,0.267384,0.880224,0.476669,0.8456
450,0.601404,0.2369,0.785758,0.074481,0.964077,0.319702,0.82812,0.667,0.930606,0.328991,0.616876,0.934233,0.939851,0.235885,0.505438,0.605603,0.249921,0.883877
451,0.963248,0.766397,0.453667,0.382464,0.527248,0.220639,0.220827,0.196229,0.727791,0.729915,0.604429,0.344452,0.489239,0.442622,0.982689,0.908662,0.469373,0.47391
452,0.089621,0.525759,0.22731,0.481021,0.996878,0.563992,0.000597,0.764441,0.959023,0.260215,0.910916,0.246791,0.77538,0.297436,0.522173,0.041236,0.931049,0.164866
453,0.20752,0.486465,0.39531,0.460371,0.088417,0.183576,0.046068,0.429653,0.728019,0.437283,0.079104,0.226304,0.378272,0.658949,0.792547,0.138574,0.598293,0.918466
454,0.661553,0.515411,0.350128,0.074194,0.288671,0.402022,0.486956,0.603371,0.101267,0.406415,0.57804,0.488528,0.768991,0.781759,0.006921,0.806581,0.254005,0.086624
455,0.330899,0.343924,0.718682,0.706929,0.881167,0.467826,0.118243,0.373069,0.305373,0.796819,0.273603,0.939656,0.290116,0.349351,0.115885,0.635626,0.345239,0.003609
456,0.128583,0.854358,0.501812,0.474844,0.16957,0.942136,0.36702,0.147832,0.003921,0.664965,0.079476,0.51301,0.159215,0.071946,0.893063,0.634604,0.759644,0.61303
457,0.895369,0.022128,0.686624,0.359362,0.232501,0.146615,0.31788,0.766146,0.777694,0.366125,0.611907,0.579054,0.992762,0.913364,0.81035,0.547516,0.382332,0.054733
458,0.731476,0.267666,0.765094,0.70039,0.527537,0.251666,0.924537,0.493528,0.214055,0.856871,0.245105,0.547531,0.129354,0.526476,0.251207,0.342666,0.783032,0.679948
459,0.222552,0.312835,0.42522,0.57733,0.234074,0.878793,0.964691,0.774253,0.324604,0.437702,0.436972,0.188516,0.95467,0.358142,0.33699,0.916103,0.796299,0.981861
460,0.09521,0.181808,0.110934,0.130084,0.454467,0.819436,0.118803,0.427695,0.768363,0.695873,0.064596,0.830858,0.005998,0.17218,0.982752,0.752699,0.852405,0.171045
461,0.842412,0.686972,0.835989,0.199738,0.848171,0.848486,0.113471,0.288103,0.803405,0.921863,0.610567,0.304601,0.219903,0.861168,0.325762,0.98735,0.187682,0.460713
462,0.569962,0.025748,0.864217,0.343373,0.41376,0.23461,0.443102,0.752339,0.700699,0.749592,0.663312,0.089792,0.662662,0.307396,0.786309,0.048833,0.139801,0.130308
463,0.929579,0.610498,0.296525,0.276508,0.464406,0.44078,0.719711,0.191935,0.428358,0.490076,0.578165,0.676707,0.957146,0.872657,0.906769,0.984801,0.871086,0.99571
464,0.517182,0.74119,0.416516,0.153745,0.831178,0.701987,0.813693,0.050326,0.42748,0.248887,0.21266,0.380463,0.985799,0.24697,0.482868,0.410612,0.080261,0.497495
465,0.230878,0.275992,0.586738,0.234693,0.731741,0.08845,0.12386,0.714928,0.326709,0.266639,0.893027,0.143232,0.255511,0.540641,0.036242,0.931844,0.011218,0.679477
466,0.133562,0.27472,0.057401,0.094261,0.673604,0.744217,0.697886,0.568902,0.513671,0.272861,0.015266,0.866941,0.285149,0.760896,0.991172,0.215675,0.350567,0.213824
467,0.417913,0.455953,0.321852,0.355076,0.571463,0.811488,0.110755,0.207117,0.767209,0.549861,0.075374,0.399227,0.263508,0.005278,0.71184,0.331709,0.825244,0.433601
468,0.684017,0.338648,0.86095,0.596652,0.982508,0.032788,0.420927,0.817084,0.633274,0.27266,0.327357,0.282842,0.994969,0.706827,0.830767,0.169825,0.463289,0.509536
469,0.0043,0.269627,0.440521,0.744839,0.419193,0.42308,0.874061,0.268112,0.527826,0.37627,0.19422,0.758046,0.454095,0.421103,0.304331,0.75866,0.427114,0.51694
470,0.395352,0.646889,0.721531,0.705004,0.98292,0.263327,0.611707,0.994421,0.440811,0.540143,0.995796,0.148844,0.215048,0.821507,0.776276,0.45146,0.535913,0.203803
471,0.403828,0.274296,0.222093,0.070291,0.838179,0.248046,0.391728,0.505321,0.033795,0.012867,0.689823,0.01118,0.523315,0.657204,0.583918,0.341945,0.571584,0.806696
472,0.671011,0.694864,0.992703,0.359848,0.252743,0.032985,0.165322,0.393943,0.625159,0.320192,0.242698,0.34661,0.510951,0.376946,0.011064,0.110461,0.573498,0.248899
473,0.194962,0.368033,0.851887,0.105076,0.076235,0.013066,0.861533,0.664336,0.176835,0.84515,0.367474,0.199484,0.463895,0.852683,0.304241,0.68768,0.489319,0.855572
474,0.876071,0.842742,0.599828,0.166464,0.667374,0.475775,0.597433,0.996598,0.641844,0.286989,0.201459,0.033335,0.402494,0.682626,0.214639,0.297661,0.364713,0.196804
475,0.325088,0.947408,0.926386,0.030333,0.857873,0.960706,0.506022,0.635438,0.877409,0.279104,0.09237,0.788734,0.656507,0.236767,0.314322,0.198307,0.530984,0.565922
476,0.826808,0.738199,0.921906,0.895549,0.273154,0.283332,0.442112,0.321047,0.1453,0.710594,0.473497,0.485954,0.899281,0.550148,0.65496,0.89135,0.527853,0.969795
477,0.827623,0.350821,0.63769,0.622002,0.749391,0.640362,0.83139,0.588519,0.177669,0.322081,0.455144,0.928835,0.151229,0.484868,0.943856,0.921198,0.814256,0.187794
478,0.88488,0.602182,0.777539,0.342186,0.921265,0.733988,0.086551,0.946471,0.757922,0.087773,0.280009,0.116603,0.356024,0.172002,0.195863,0.306839,0.980218,0.228556
479,0.258829,0.777787,0.873726,0.711066,0.438874,0.230841,0.631859,0.417933,0.125563,0.149686,0.03715,0.192223,0.391718,0.496141,0.126461,0.201563,0.671575,0.514465
480,0.839866,0.361779,0.789371,0.700435,0.062098,0.261086,0.346394,0.028533,0.097689,0.940462,0.559143,0.601891,0.749985,0.967976,0.711768,0.345174,0.945978,0.372932
481,0.230507,0.54546,0.753333,0.018615,0.104841,0.870679,0.744975,0.332167,0.039661,0.392061,0.829705,0.956094,0.971776,0.261509,0.578651,0.47187,0.251791,0.242093
482,0.399443,0.124752,0.51567,0.849583,0.173994,0.24447,0.125386,0.263551,0.821362,0.96218,0.230738,0.89323,0.49391,0.986185,0.625163,0.425646,0.558931,0.719358
483,0.177683,0.486424,0.625262,0.372535,0.031673,0.284522,0.444182,0.420666,0.415929,0.112497,0.559243,0.983438,0.445853,0.141698,0.149983,0.643362,0.663025,0.378284
484,0.484131,0.411666,0.458218,0.025363,0.28817,0.211143,0.289555,0.555013,0.737784,0.213386,0.022996,0.088926,0.983225,0.615266,0.112537,0.931978,0.410585,0.271337
485,0.075194,0.277037,0.409133,0.883708,0.239872,0.299044,0.020649,0.214266,0.066938,0.586142,0.846339,0.903712,0.320831,0.562677,0.173513,0.461213,0.43003,0.818887
486,0.956842,0.227223,0.475308,0.527291,0.582691,0.510416,0.344227,0.601198,0.383802,0.154042,0.594966,0.859145,0.515623,0.464163,0.27608,0.012206,0.501414,0.001221
487,0.012997,0.119564,0.23114,0.414671,0.259486,0.197446,0.708116,0.39343,0.62116,0.363045,0.454472,0.372091,0.474773,0.920666,0.036271,0.882619,0.813578,0.103018
488,0.496596,0.088888,0.034278,0.602646,0.749925,0.248692,0.82735,0.582355,0.049845,0.038721,0.203145,0.519743,0.800201,0.91357,0.71705,0.449206,0.78773,0.302458
489,0.838095,0.021738,0.540099,0.960664,0.991605,0.061922,0.06318,0.189916,0.163189,0.911095,0.22385,0.507391,0.984949,0.481248,0.562519,0.493798,0.765427,0.483388
490,0.132515,0.112737,0.60411,0.416414,0.974426,0.418863,0.66253,0.009276,0.444989,0.706269,0.245949,0.667813,0.918613,0.066103,0.705144,0.347872,0.230426,0.702594
491,0.597102,0.973712,0.806344,0.802768,0.218241,0.282712,0.30239,0.387121,0.525015,0.3121,0.717554,0.123845,0.743448,0.496272,0.709091,0.936686,0.733658,0.411854
492,0.531083,0.173986,0.72992,0.72957,0.342518,0.390655,0.625053,0.248434,0.881446,0.678906,0.17163,0.844172,0.540543,0.108778,0.234264,0.706901,0.315017,0.453242
493,0.757537,0.388422,0.340423,0.227623,0.015504,0.700904,0.575116,0.288466,0.365126,0.702176,0.716223,0.266264,0.177241,0.584416,0.723504,0.220936,0.541006,0.411903
494,0.698595,0.990704,0.589782,0.498159,0.18297,0.92592,0.835748,0.921415,0.582568,0.986944,0.025526,0.025315,0.649465,0.726072,0.329151,0.670769,0.189003,0.63256
495,0.825013,0.402646,0.209329,0.028891,0.754848,0.414455,0.915261,0.725593,0.319647,0.410017,0.166036,0.094319,0.57953,0.074864,0.762006,0.788231,0.446796,0.013954
496,0.793284,0.866458,0.197533,0.925617,0.812315,0.106378,0.486132,0.294566,0.611495,0.125414,0.251896,0.091072,0.732636,0.079686,0.930576,0.548668,0.010281,0.059398
497,0.58286,0.263733,0.498597,0.971098,0.294624,0.029548,0.624866,0.933703,0.891208,0.731532,0.672728,0.732453,0.943456,0.374235,0.817651,0.980748,0.60936,0.867495
498,0.349964,0.957317,0.868479,0.142386,0.448495,0.68509,0.245918,0.182993,0.736099,0.31981,0.818702,0.97235,0.4857,0.640099,0.864356,0.253802,0.883476,0.574697
499,0.107428,0.443258,0.541421,0.397897,0.497301,0.181084,0.693574,0.034376,0.068153,0.152534,0.470054,0.839028,0.71706,0.648737,0.822656,0.041899,0.623608,0.508855
500,0.163818,0.664041,0.029749,0.902057,0.405728,0.282427,0.866103,0.516272,0.919143,0.509614,0.472834,0.052924,0.362132,0.636134,0.282292,0.357726,0.171841,0.380571
501,0.871208,0.320721,0.889756,0.620262,0.540369,0.311311,0.586508,0.214346,0.526628,0.964956,0.791615,0.83695,0.275725,0.097282,0.145135,0.257785,0.720734,0.209605
502,0.266501,0.207192,0.354749,0.204424,0.545426,0.564796,0.467512,0.09929,0.096354,0.742888,0.365662,0.071944,0.656464,0.931293,0.020021,0.679881,0.61066,0.080472
503,0.894031,0.19793,0.298786,0.931151,0.210885,0.358141,0.545284,0.279623,0.238753,0.706615,0.900058,0.042676,0.484073,0.807999,0.166574,0.220928,0.411933,0.036918
504,0.306086,0.237024,0.794414,0.582303,0.550294,0.37776,0.456785,0.231799,0.574967,0.239878,0.563277,0.850676,0.983103,0.445457,0.820955,0.577968,0.521092,0.737486
505,0.057257,0.548865,0.74606,0.905921,0.053922,0.329636,0.518223,0.117043,0.64464,0.922086,0.95969,0.54437,0.128072,0.140528,0.147028,0.519312,0.650399,0.409428
506,0.289997,0.563391,0.105689,0.688894,0.234557,0.92273,0.172519,0.977166,0.544334,0.090861,0.466079,0.094335,0.196797,0.632637,0.037356,0.440549,0.538318,0.162471
507,0.384651,0.698202,0.603055,0.252671,0.055756,0.20278,0.185777,0.086933,0.122893,0.868049,0.001723,0.247478,0.850862,0.982183,0.651618,0.643401,0.932289,0.833398
508,0.10368,0.399781,0.676537,0.767438,0.953206,0.982345,0.151314,0.720092,0.304059,0.963638,0.44242,0.655406,0.734508,0.011137,0.215221,0.514536,0.300105,0.001558
509,0.429761,0.135464,0.913867,0.802189,0.546475,0.377779,0.473907,0.360233,0.044623,0.132871,0.62445,0.505552,0.983086,0.909403,0.779937,0.37295,0.914202,0.611263
510,0.797943,0.620799,0.555633,0.189441,0.446554,0.482745,0.602854,0.653397,0.484375,0.879434,0.173245,0.595127,0.503756,0.610222,0.145412,0.779449,0.147552,0.610678
511,0.41382,0.11123,0.330964,0.059844,0.244301,0.962719,0.899912,0.675004,0.673226,0.846787,0.294972,0.013645,0.454376,0.704138,0.729849,0.597438,0.900092,0.269414
512,0.493734,0.944051,0.361622,0.34564,0.107426,0.05745,0.352865,0.240564,0.048201,0.517239,0.202412,0.639907,0.536233,0.25329,0.544192,0.017547,0.082289,0.399341
513,0.998773,0.760139,0.316901,0.6629,0.149938,0.54363,0.417042,0.911316,0.536298,0.394475,0.93274,0.19768,0.656372,0.315391,0.5638,0.325755,0.601582,0.522465
514,0.21532,0.57309,0.08708,0.987252,0.773233,0.731971,0.077363,0.815391,0.289916,0.307345,0.491494,0.98037,0.378348,0.977652,0.267821,0.095719,0.621639,0.73653
515,0.543915,0.110475,0.295493,0.980625,0.205613,0.307572,0.996585,0.555644,0.663287,0.292935,0.422774,0.875828,0.227816,0.21229,0.864531,0.110302,0.652122,0.957808
516,0.987756,0.470651,0.255657,0.712969,0.867314,0.595623,0.098276,0.464318,0.340166,0.665967,0.648468,0.072381,0.981632,0.336523,0.579943,0.159869,0.751369,0.567048
517,0.495724,0.153355,0.748101,0.361129,0.444527,0.68111,0.318758,0.804247,0.885134,0.724167,0.595416,0.248634,0.472137,0.4432,0.158576,0.502207,0.317988,0.341334
518,0.591419,0.979877,0.862897,0.945574,0.106802,0.959063,0.091246,0.849955,0.52857,0.28512,0.311536,0.29268,0.558336,0.826572,0.70194,0.64425,0.051305,0.567676
519,0.546706,0.416721,0.897384,0.111521,0.173838,0.44824,0.611705,0.674316,0.759967,0.161303,0.425769,0.550736,0.935495,0.533638,0.874064,0.50573,0.184877,0.490341
520,0.115269,0.657193,0.323204,0.147357,0.553911,0.423244,0.452972,0.021291,0.279143,0.668186,0.364566,0.333906,0.340952,0.650888,0.756201,0.589784,0.707623,0.038513
521,0.716136,0.115511,0.439168,0.273667,0.86172,0.391555,0.067712,0.057048,0.545115,0.958281,0.857953,0.87534,0.698005,0.752666,0.603183,0.351018,0.819301,0.419573
522,0.912074,0.42854,0.193606,0.794677,0.252398,0.761019,0.720954,0.056751,0.588549,0.211737,0.348204,0.372593,0.471088,0.826586,0.519891,0.90983,0.807791,0.423529
523,0.926576,0.163804,0.997663,0.05788,0.648648,0.712578,0.737503,0.29969,0.981164,0.379102,0.090546,0.483183,0.326512,0.074716,0.088952,0.951097,0.819727,0.891351
524,0.586669,0.57642,0.685698,0.383512,0.834151,0.626388,0.052305,0.604147,0.409599,0.583757,0.536827,0.548777,0.330317,0.689483,0.594767,0.281757,0.609331,0.414604
525,0.352511,0.981708,0.848362,0.302288,0.78601,0.353452,0.735124,0.617352,0.994107,0.087587,0.658077,0.257877,0.801115,0.447469,0.869987,0.8945,0.169042,0.974969
526,0.67551,0.436362,0.926564,0.317688,0.386647,0.779682,0.93415,0.015772,0.684718,0.871744,0.333977,0.566915,0.07679,0.633003,0.589351,0.426003,0.509247,0.825739
527,0.944617,0.70854,0.463243,0.732521,0.559355,0.963102,0.532334,0.638627,0.467892,0.336899,0.714784,0.263038,0.529081,0.93826,0.066956,0.147658,0.604057,0.286449
528,0.978136,0.088765,0.536102,0.646389,0.411273,0.818926,0.942583,0.930968,0.691006,0.89136,0.170864,0.650275,0.835589,0.641707,0.838371,0.044259,0.811701,0.486481
529,0.282955,0.250054,0.428123,0.624591,0.793151,0.672823,0.15396,0.762422,0.260396,0.868472,0.595848,0.995334,0.43249,0.381489,0.975233,0.997643,0.121654,0.697024
530,0.935687,0.125431,0.933759,0.892599,0.947126,0.971857,0.605314,0.808522,0.544395,0.867836,0.91267,0.696511,0.451436,0.910956,0.057397,0.385256,0.505134,0.339419
531,0.730289,0.179422,0.688058,0.773627,0.886342,0.290404,0.337713,0.411347,0.047363,0.308628,0.118385,0.523013,0.287076,0.592615,0.39293,0.936365,0.125929,0.056191
532,0.871837,0.163069,0.135751,0.812364,0.933746,0.437667,0.299006,0.070144,0.268613,0.606452,0.12229,0.905511,0.749174,0.88367,0.876772,0.085149,0.749423,0.722525
533,0.167481,0.64533,0.618774,0.168778,0.244366,0.465374,0.981458,0.099874,0.997433,0.735493,0.404561,0.263661,0.101489,0.084431,0.393864,0.370587,0.69047,0.205265
534,0.976247,0.463057,0.098665,0.118333,0.752182,0.243783,0.599402,0.7097,0.210793,0.643567,0.658597,0.879816,0.431138,0.144982,0.454383,0.489641,0.696868,0.568595
535,0.753518,0.578046,0.261019,0.089365,0.469576,0.360037,0.303118,0.33456,0.533246,0.181992,0.860789,0.909527,0.240019,0.338887,0.654627,0.660697,0.593995,0.153191
536,0.166517,0.612021,0.856619,0.059786,0.457085,0.215941,0.526669,0.589933,0.885308,0.757791,0.408804,0.748962,0.328831,0.563551,0.662154,0.507351,0.695438,0.485216
537,0.540121,0.335117,0.660713,0.111001,0.092674,0.648022,0.075641,0.816907,0.81642,0.547481,0.805682,0.480119,0.110426,0.700735,0.657019,0.31329,0.802587,0.245475
538,0.111533,0.852289,0.883962,0.792361,0.136793,0.708548,0.925626,0.115628,0.05364,0.229897,0.984023,0.062346,0.614533,0.325964,0.090355,0.691276,0.964138,0.191093
539,0.724588,0.520196,0.111609,0.658091,0.551049,0.548192,0.057706,0.201341,0.68626,0.083374,0.891539,0.478198,0.50978,0.00173,0.399801,0.785795,0.155715,0.401495
540,0.595181,0.874465,0.931555,0.707432,0.214421,0.28445,0.293193,0.242192,0.909156,0.942427,0.138301,0.440898,0.376567,0.115697,0.988321,0.26269,0.489583,0.90007
541,0.578287,0.791378,0.427283,0.497372,0.712555,0.233453,0.165665,0.580418,0.135524,0.340441,0.178897,0.989807,0.157026,0.997368,0.163462,0.813685,0.700313,0.402605
542,0.847229,0.702358,0.305573,0.201997,0.508431,0.391508,0.526805,0.871196,0.540038,0.144516,0.487063,0.700701,0.125555,0.226201,0.799531,0.979347,0.160327,0.163678
543,0.769729,0.506392,0.986541,0.969789,0.477668,0.733802,0.737147,0.326431,0.683048,0.087353,0.997589,0.362885,0.691808,0.204592,0.119784,0.346983,0.496691,0.341115
544,0.091715,0.833174,0.10256,0.095585,0.289038,0.993269,0.547402,0.640997,0.379206,0.640052,0.654564,0.089088,0.585423,0.660148,0.125541,0.528456,0.262642,0.902299
545,0.762139,0.682924,0.037336,0.790497,0.820552,0.13203,0.328338,0.632594,0.440929,0.480327,0.733561,0.798265,0.617151,0.899348,0.570876,0.913424,0.685498,0.316
546,0.541466,0.746283,0.226266,0.806287,0.420813,0.043391,0.610138,0.20295,0.312233,0.155945,0.75374,0.307111,0.020105,0.245268,0.909468,0.830286,0.383295,0.384005
547,0.188781,0.062153,0.818242,0.389869,0.682477,0.433804,0.274457,0.086484,0.737516,0.986452,0.89635,0.143025,0.242897,0.416027,0.703614,0.46141,0.76058,0.494134
548,0.347179,0.397525,0.641025,0.554093,0.948567,0.097893,0.089583,0.194535,0.614324,0.765935,0.564751,0.738727,0.248394,0.943689,0.533074,0.765741,0.355375,0.003462
549,0.509194,0.656804,0.870749,0.53991,0.198354,0.736807,0.824237,0.216596,0.706959,0.855249,0.150163,0.241931,0.629407,0.381518,0.270219,0.52846,0.46393,0.036151
550,0.858846,0.070939,0.711734,0.376765,0.838285,0.556205,0.726274,0.545458,0.406778,0.491367,0.512656,0.898772,0.43572,0.529372,0.884421,0.564826,0.127585,0.282343
551,0.881903,0.506711,0.967006,0.572643,0.948594,0.748377,0.979473,0.603039,0.399392,0.94961,0.864394,0.358887,0.934824,0.191377,0.030737,0.943422,0.419131,0.078502
552,0.102102,0.539905,0.894056,0.202264,0.886875,0.273072,0.194703,0.418072,0.866736,0.258446,0.51442,0.347782,0.272789,0.267687,0.159364,0.575867,0.777923,0.926201
553,0.442154,0.259801,0.517706,0.480653,0.246136,0.343951,0.139086,0.63597,0.628563,0.984312,0.823754,0.088959,0.026899,0.147362,0.572973,0.424396,0.956705,0.69879
554,0.843529,0.29216,0.803421,0.182152,0.676263,0.996856,0.965762,0.642535,0.217119,0.73234,0.7807,0.693744,0.621404,0.343222,0.838574,0.248112,0.625385,0.869602
555,0.602364,0.728551,0.816147,0.788303,0.230736,0.599915,0.319563,0.411532,0.736193,0.403729,0.943086,0.000692,0.443887,0.482461,0.405644,0.827245,0.613671,0.50995
556,0.855162,0.081206,0.126775,0.506775,0.20621,0.70469,0.857234,0.430109,0.779767,0.423269,0.723553,0.076935,0.628052,0.370909,0.3777,0.445376,0.00661,0.569888
557,0.59726,0.010408,0.705372,0.893924,0.071213,0.750785,0.57372,0.224109,0.858809,0.885185,0.648631,0.210324,0.271576,0.119218,0.638842,0.973942,0.045593,0.462524
558,0.223036,0.931444,0.473349,0.406669,0.323409,0.994031,0.493435,0.152879,0.285231,0.277252,0.741745,0.866405,0.460188,0.208511,0.984519,0.487023,0.646862,0.08911
559,0.502853,0.711869,0.11038,0.30091,0.523098,0.622709,0.479464,0.823852,0.315687,0.96871,0.565942,0.326769,0.980657,0.301282,0.865734,0.458598,0.597246,0.979591
560,0.515155,0.55661,0.430361,0.822227,0.367684,0.79226,0.95058,0.469264,0.213658,0.841953,0.123245,0.519167,0.994409,0.051642,0.736452,0.852054,0.166321,0.809096
561,0.894078,0.772295,0.018031,0.220094,0.968643,0.510464,0.791158,0.683052,0.88206,0.385875,0.812701,0.24064,0.517428,0.542358,0.343221,0.75156,0.982901,0.069524
562,0.355752,0.26667,0.464836,0.159031,0.998788,0.797745,0.685022,0.316005,0.713311,0.282474,0.597627,0.658486,0.888232,0.825275,0.229202,0.925296,0.511314,0.244958
563,0.23499,0.684483,0.006972,0.608343,0.683121,0.745675,0.845318,0.62653,0.689198,0.91921,0.489819,0.45345,0.746626,0.592848,0.343356,0.415143,0.277992,0.616765
564,0.748858,0.596172,0.809126,0.083314,0.856341,0.047079,0.181739,0.533419,0.954135,0.810412,0.071525,0.944528,0.131074,0.320227,0.75685,0.100684,0.489938,0.776585
565,0.419581,0.299354,0.198611,0.043082,0.004242,0.988459,0.447647,0.273951,0.938915,0.833117,0.254082,0.48318,0.635035,0.092427,0.079485,0.174172,0.060235,0.20074
566,0.484351,0.291074,0.241402,0.123771,0.254699,0.430853,0.577502,0.571628,0.667054,0.374031,0.846159,0.295996,0.489686,0.111087,0.369148,0.613494,0.722414,0.089782
567,0.976586,0.485588,0.887815,0.535189,0.777936,0.69987,0.938403,0.457375,0.786436,0.322312,0.403697,0.655656,0.168563,0.200704,0.947637,0.426358,0.967091,0.859436
568,0.674645,0.087796,0.434512,0.788459,0.915104,0.170914,0.849158,0.96671,0.751911,0.149942,0.078176,0.586296,0.571855,0.776159,0.288173,0.759264,0.586009,0.413029
569,0.671849,0.716854,0.306195,0.878615,0.459558,0.578431,0.443356,0.696125,0.237307,0.304301,0.734395,0.438629,0.114231,0.22932,0.188851,0.639488,0.850781,0.153862
570,0.933888,0.914648,0.066036,0.050171,0.416133,0.845194,0.507335,0.756232,0.314698,0.234415,0.377349,0.247633,0.82775,0.707555,0.405025,0.463986,0.987508,0.724302
571,0.716295,0.906522,0.605991,0.395582,0.470328,0.97042,0.122372,0.900487,0.785572,0.590124,0.767486,0.482259,0.44304,0.723595,0.624696,0.195607,0.517294,0.040531
572,0.954772,0.58906,0.772693,0.933506,0.06874,0.35503,0.255208,0.635672,0.922856,0.791025,0.717459,0.029118,0.546359,0.980373,0.006831,0.98518,0.641731,0.378788
573,0.633303,0.212082,0.0297,0.119157,0.119354,0.134853,0.703474,0.412053,0.602629,0.00447,0.925449,0.178602,0.169502,0.618914,0.991172,0.690511,0.210896,0.697186
574,0.587415,0.008542,0.89839,0.80953,0.712466,0.261361,0.278837,0.433581,0.645528,0.817886,0.7719,0.720006,0.935423,0.905229,0.469468,0.309282,0.529128,0.801617
575,0.284226,0.544029,0.17917,0.124485,0.308744,0.40145,0.900874,0.881046,0.742449,0.865004,0.56048,0.1524,0.735798,0.254361,0.243224,0.810828,0.920093,0.548965
576,0.230796,0.24767,0.52161,0.305648,0.2377,0.979097,0.691795,0.422433,0.342464,0.078495,0.708517,0.834872,0.725457,0.237029,0.376083,0.45168,0.261564,0.275329
577,0.531502,0.288918,0.065343,0.194256,0.091566,0.714541,0.928346,0.00033,0.273466,0.900288,0.453427,0.232663,0.770542,0.256629,0.99577,0.823906,0.52746,0.225124
578,0.059056,0.665113,0.746408,0.121518,0.136923,0.185954,0.387797,0.476519,0.296857,0.834401,0.00351,0.720561,0.287013,0.23779,0.242867,0.664666,0.27899,0.712757
579,0.168288,0.122909,0.861751,0.584469,0.108735,0.536315,0.711577,0.282593,0.875702,0.542416,0.802583,0.677235,0.650708,0.930344,0.71704,0.18955,0.250078,0.279812
580,0.708369,0.601838,0.223165,0.473701,0.434648,0.003587,0.990123,0.740587,0.236824,0.941897,0.231394,0.579715,0.21305,0.268823,0.815189,0.658096,0.165561,0.701012
581,0.679011,0.746314,0.680796,0.445269,0.716436,0.968602,0.844731,0.324926,0.776762,0.131704,0.487866,0.680861,0.025981,0.722238,0.281366,0.196059,0.737385,0.943636
582,0.028343,0.034443,0.653386,0.084197,0.634893,0.617812,0.450267,0.511443,0.300955,0.648572,0.701878,0.370235,0.228773,0.921738,0.186273,0.384895,0.270816,0.020808
583,0.163165,0.56056,0.946008,0.920194,0.630965,0.54309,0.9826,0.0303,0.361778,0.561132,0.973498,0.497703,0.815057,0.569137,0.026762,0.923724,0.995024,0.768919
584,0.617824,0.721602,0.584815,0.300096,0.428538,0.818711,0.688038,0.982624,0.188162,0.227124,0.332755,0.118591,0.768269,0.61205,0.360775,0.106936,0.265654,0.101268
585,0.407654,0.433168,0.470615,0.182,0.943852,0.499665,0.972283,0.601347,0.613978,0.166743,0.330864,0.556505,0.116922,0.101963,0.756193,0.339415,0.459094,0.516862
586,0.588966,0.30148,0.178604,0.375966,0.962619,0.824478,0.725909,0.212454,0.553507,0.554694,0.785842,0.299908,0.555759,0.061994,0.894085,0.444602,0.530868,0.332597
587,0.128702,0.156494,0.171432,0.082764,0.474152,0.009534,0.27859,0.088323,0.622915,0.088833,0.384101,0.458672,0.041341,0.874438,0.8894,0.838735,0.030266,0.652835
588,0.862486,0.955396,0.164321,0.937272,0.315262,0.876525,0.972334,0.188986,0.380875,0.216154,0.348474,0.969016,0.662187,0.241052,0.077511,0.100658,0.209196,0.382687
589,0.258935,0.407277,0.02148,0.596387,0.482733,0.730145,0.746421,0.16459,0.911164,0.642095,0.913905,0.502583,0.249802,0.108291,0.358355,0.639531,0.925625,0.606865
590,0.374404,0.195299,0.566196,0.124044,0.858899,0.35111,0.392556,0.036042,0.063548,0.359373,0.820923,0.801769,0.250025,0.429337,0.61004,0.094469,0.057328,0.977547
591,0.44937,0.050801,0.857979,0.466661,0.790974,0.466459,0.698121,0.065333,0.133744,0.138798,0.697318,0.669676,0.242894,0.580002,0.87824,0.921655,0.568759,0.758727
592,0.592829,0.234542,0.83642,0.738531,0.966304,0.53781,0.476823,0.00169,0.882543,0.188234,0.514939,0.396212,0.472469,0.207717,0.888184,0.242747,0.311788,0.210242
593,0.980519,0.828422,0.267137,0.121362,0.289743,0.750389,0.842976,0.820521,0.752857,0.765062,0.174332,0.01159,0.534564,0.388964,0.400172,0.382248,0.433768,0.909222
594,0.209429,0.185238,0.478787,0.655275,0.132513,0.416015,0.897499,0.710178,0.730865,0.307969,0.199304,0.647391,0.530362,0.073127,0.866613,0.731118,0.629568,0.281247
595,0.162385,0.670733,0.865764,0.327124,0.36532,0.394483,0.152336,0.66962,0.336247,0.601314,0.533125,0.496613,0.673229,0.756047,0.734384,0.640397,0.565195,0.995094
596,0.145337,0.9166,0.163548,0.914449,0.261352,0.353563,0.321842,0.950186,0.958757,0.184804,0.976716,0.711225,0.683759,0.163773,0.905907,0.11177,0.952842,0.092251
597,0.774733,0.38459,0.457645,0.205378,0.525069,0.938107,0.627058,0.084984,0.150505,0.439479,0.485274,0.630775,0.291286,0.653422,0.720361,0.131371,0.430995,0.050763
598,0.382456,0.530171,0.412715,0.463917,0.056856,0.634597,0.101725,0.449984,0.243938,0.396252,0.827107,0.677131,0.050775,0.85607,0.904604,0.138625,0.718364,0.979448
599,0.926967,0.155351,0.934847,0.108986,0.285751,0.025091,0.71644,0.143157,0.779893,0.599449,0.052601,0.586122,0.95828,0.977205,0.020347,0.694024,0.406181,0.944899
600,0.066559,0.228169,0.644076,0.275079,0.078495,0.918279,0.935338,0.143394,0.330276,0.338316,0.075787,0.406115,0.831928,0.933861,0.93928,0.386616,0.022292,0.696945
601,0.531556,0.386611,0.750694,0.429008,0.759456,0.434837,0.812263,0.319261,0.789747,0.363185,0.000427,0.976234,0.947165,0.583964,0.991027,0.873381,0.463121,0.379145
602,0.757236,0.68285,0.906703,0.460179,0.626353,0.516737,0.67805,0.675485,0.425713,0.936148,0.806723,0.586946,0.614429,0.687924,0.036156,0.920125,0.328736,0.500066
603,0.507085,0.485275,0.281102,0.040347,0.640835,0.117984,0.455263,0.53198,0.253321,0.815538,0.377364,0.020056,0.807012,0.2406,0.052629,0.44992,0.208647,0.898656
604,0.406599,0.849446,0.084259,0.345481,0.868387,0.381658,0.6318,0.08501,0.571096,0.836966,0.4335,0.59895,0.795819,0.11715,0.321114,0.515577,0.035636,0.403875
605,0.811516,0.747768,0.867243,0.887712,0.186193,0.760974,0.573913,0.489909,0.780684,0.968344,0.210572,0.44809,0.352729,0.748725,0.379702,0.182699,0.320875,0.772427
606,0.509104,0.567886,0.609816,0.415948,0.986275,0.952648,0.807313,0.23426,0.594215,0.491771,0.375708,0.331797,0.003772,0.924156,0.203494,0.387938,0.627057,0.927094
607,0.906537,0.433868,0.649595,0.242349,0.074185,0.565101,0.979915,0.917324,0.135687,0.453734,0.949504,0.842267,0.327915,0.429549,0.503023,0.345079,0.458045,0.165841
608,0.238603,0.559029,0.358295,0.256086,0.438733,0.567457,0.031727,0.096465,0.722116,0.477811,0.664225,0.11716,0.574164,0.018308,0.227128,0.714534,0.017686,0.65196
609,0.598456,0.434276,0.834937,0.499297,0.381939,0.379275,0.50576,0.77755,0.575193,0.829776,0.759171,0.384072,0.066082,0.894011,0.377448,0.063364,0.016721,0.523254
610,0.634479,0.4674,0.858924,0.348727,0.875658,0.995031,0.276891,0.727689,0.367781,0.264291,0.245497,0.239226,0.422125,0.885377,0.456313,0.941206,0.690178,0.012791
611,0.907131,0.30461,0.678754,0.389794,0.629346,0.550114,0.841084,0.912171,0.602712,0.964976,0.58629,0.624493,0.73217,0.63631,0.81247,0.939517,0.492872,0.382756
612,0.093256,0.17107,0.405495,0.474428,0.515747,0.286385,0.953925,0.539223,0.307993,0.670195,0.57388,0.844854,0.16435,0.800396,0.189891,0.69517,0.784616,0.68583
613,0.80572,0.964252,0.226024,0.305414,0.545311,0.158869,0.925196,0.397179,0.13335,0.266522,0.238559,0.125373,0.65086,0.11717,0.502504,0.309135,0.15098,0.088076
614,0.68349,0.047297,0.843275,0.335261,0.27946,0.598703,0.671962,0.564306,0.735271,0.629432,0.429669,0.614216,0.309838,0.690033,0.609215,0.917668,0.898885,0.555033
615,0.860609,0.050704,0.08901,0.656845,0.501502,0.956667,0.494651,0.547656,0.308347,0.267548,0.566297,0.032325,0.961217,0.757531,0.639903,0.16461,0.301266,0.141465
616,0.608859,0.109336,0.513915,0.36506,0.721476,0.214577,0.344171,0.401762,0.726889,0.248667,0.345864,0.508659,0.908229,0.036871,0.855363,0.402936,0.122317,0.29966
617,0.453773,0.39966,0.457677,0.785465,0.806559,0.218647,0.135642,0.45859,0.290616,0.23616,0.805254,0.584846,0.015397,0.401515,0.509955,0.782905,0.57502,0.215249
618,0.796326,0.509581,0.029185,0.908866,0.93416,0.846537,0.79443,0.118601,0.773567,0.683381,0.051571,0.75333,0.92179,0.265645,0.335895,0.761932,0.918255,0.101688
619,0.284184,0.30542,0.175092,0.451687,0.029851,0.412804,0.760526,0.692798,0.297457,0.354633,0.735151,0.134161,0.715198,0.486821,0.113797,0.858777,0.049419,0.420877
620,0.055418,0.743705,0.646548,0.569511,0.079103,0.292769,0.549407,0.293623,0.292505,0.312795,0.279372,0.391706,0.613793,0.583838,0.065799,0.976655,0.52918,0.905075
621,0.749965,0.360155,0.7583,0.112218,0.333783,0.289552,0.655384,0.178471,0.854294,0.219651,0.175876,0.344542,0.056444,0.09359,0.121363,0.319091,0.731789,0.824554
622,0.812374,0.122828,0.590664,0.185738,0.041603,0.336267,0.669774,0.402142,0.3039,0.906254,0.727962,0.872499,0.126757,0.923315,0.19155,0.492947,0.90909,0.91718
623,0.828679,0.428368,0.793354,0.036643,0.988016,0.948082,0.187353,0.641563,0.877526,0.963971,0.691192,0.672758,0.793134,0.370365,0.423722,0.526095,0.258606,0.951916
624,0.447689,0.444435,0.175878,0.659768,0.252066,0.654858,0.917942,0.250812,0.32853,0.256891,0.53182,0.338948,0.407843,0.622299,0.764731,0.774441,0.251972,0.00238
625,0.732674,0.509047,0.005612,0.726292,0.612832,0.748468,0.017941,0.82047,0.336912,0.742886,0.712921,0.033058,0.787718,0.232595,0.642638,0.871835,0.064196,0.691205
626,0.713643,0.297838,0.199839,0.400737,0.671471,0.472156,0.956733,0.289162,0.753954,0.573876,0.180313,0.024706,0.257447,0.347527,0.585772,0.754694,0.12491,0.736651
627,0.288549,0.412107,0.112617,0.402518,0.662695,0.19013,0.949275,0.914757,0.789476,0.502667,0.431074,0.707598,0.336784,0.102982,0.860789,0.412977,0.010894,0.464559
628,0.765539,0.34778,0.402756,0.858653,0.700704,0.484985,0.315396,0.195219,0.398913,0.615104,0.02956,0.112286,0.567413,0.088226,0.592353,0.487713,0.882796,0.697199
629,0.964191,0.181216,0.286454,0.359308,0.21175,0.965911,0.225549,0.994978,0.707786,0.322774,0.479665,0.957027,0.701127,0.111248,0.682011,0.170634,0.001976,0.792613
630,0.352104,0.356964,0.973043,0.444175,0.280304,0.570653,0.87222,0.044191,0.645318,0.053958,0.012991,0.742864,0.266806,0.43768,0.634928,0.258147,0.184049,0.4936
631,0.273446,0.644553,0.091585,0.470645,0.046141,0.354884,0.272746,0.224363,0.276293,0.95971,0.150673,0.249563,0.844448,0.132976,0.032532,0.055152,0.787577,0.761807
632,0.583858,0.97599,0.022271,0.865329,0.679233,0.91045,0.148502,0.829934,0.325082,0.20999,0.405001,0.237857,0.565528,0.12672,0.294474,0.052605,0.285522,0.656744
633,0.87781,0.492649,0.862446,0.529727,0.59508,0.414021,0.325186,0.005375,0.704842,0.896052,0.330105,0.726399,0.442226,0.701949,0.850097,0.583897,0.758957,0.708955
634,0.608292,0.487114,0.170604,0.794706,0.459142,0.938082,0.864427,0.303435,0.930066,0.748271,0.922065,0.191954,0.066816,0.867629,0.199385,0.450156,0.817858,0.898466
635,0.970048,0.278604,0.112502,0.720344,0.30282,0.081394,0.837973,0.953194,0.388809,0.199879,0.228201,0.401766,0.385941,0.43624,0.196764,0.898789,0.297238,0.272
636,0.922614,0.400594,0.014655,0.336115,0.539326,0.6224,0.071108,0.576942,0.99364,0.665339,0.845784,0.3537,0.612501,0.45361,0.960497,0.598432,0.243603,0.905819
637,0.71072,0.89735,0.828579,0.216698,0.863705,0.346428,0.421512,0.806186,0.90142,0.635612,0.07443,0.083803,0.565116,0.256161,0.191044,0.194861,0.876006,0.358937
638,0.706894,0.199203,0.330117,0.704903,0.148157,0.154721,0.531245,0.97813,0.738165,0.598641,0.407554,0.608341,0.954687,0.792928,0.600724,0.00173,0.957144,0.791321
639,0.178054,0.465504,0.107403,0.349352,0.170775,0.896876,0.987867,0.021946,0.948669,0.573087,0.753162,0.815965,0.621497,0.300274,0.198682,0.034448,0.926325,0.550805
640,0.341049,0.944468,0.702717,0.599951,0.988734,0.712134,0.462909,0.462728,0.928712,0.393178,0.589183,0.904088,0.437434,0.947639,0.675344,0.256158,0.800694,0.261024
641,0.810146,0.704416,0.658345,0.360354,0.466846,0.527405,0.793284,0.854338,0.089644,0.353835,0.241085,0.094021,0.58959,0.617967,0.415082,0.669728,0.958595,0.745437
642,0.400456,0.610015,0.396241,0.997676,0.60716,0.791443,0.926113,0.541706,0.485947,0.426489,0.950014,0.720208,0.520318,0.024698,0.715547,0.807088,0.89763,0.626062
643,0.228057,0.545529,0.082057,0.369368,0.63091,0.234887,0.102462,0.402364,0.720645,0.090023,0.549451,0.428528,0.247512,0.814469,0.377931,0.24293,0.64867,0.090806
644,0.063123,0.015819,0.314419,0.416283,0.225202,0.387557,0.816534,0.714946,0.498816,0.83717,0.98435,0.037672,0.475874,0.204286,0.212274,0.07641,0.7566,0.134973
645,0.223046,0.558279,0.699493,0.384921,0.366864,0.028997,0.878923,0.403425,0.042481,0.170566,0.783364,0.329973,0.07746,0.460418,0.033581,0.170872,0.763658,0.957456
646,0.577113,0.351174,0.690654,0.544471,0.58341,0.78372,0.569846,0.488448,0.12979,0.415384,0.67904,0.959608,0.990708,0.512348,0.164769,0.730316,0.64026,0.098396
647,0.924137,0.150138,0.638995,0.573437,0.736222,0.845094,0.803754,0.562316,0.812369,0.924612,0.083558,0.090703,0.357791,0.637892,0.005715,0.623073,0.901251,0.094511
648,0.391521,0.406585,0.240022,0.169103,0.704196,0.494813,0.142471,0.923697,0.624264,0.732826,0.743178,0.785485,0.536065,0.111536,0.423739,0.306212,0.436245,0.4464
649,0.789535,0.485978,0.344723,0.687034,0.425196,0.074007,0.805694,0.678125,0.951126,0.93908,0.945538,0.197754,0.563739,0.999752,0.342175,0.993915,0.696838,0.804226
650,0.128795,0.71836,0.708581,0.390265,0.325178,0.250548,0.519844,0.738116,0.08031,0.840605,0.687443,0.912595,0.06661,0.470079,0.892649,0.200521,0.144205,0.127756
651,0.822736,0.601083,0.814706,0.030043,0.197825,0.964565,0.437998,0.430563,0.353087,0.426431,0.101267,0.755151,0.583751,0.600924,0.65445,0.016003,0.053912,0.381047
652,0.927533,0.244126,0.837615,0.162429,0.392041,0.33486,0.697759,0.135794,0.355835,0.057232,0.7379,0.29941,0.863334,0.915399,0.189271,0.177331,0.017093,0.375681
653,0.502561,0.600306,0.454193,0.501357,0.483667,0.46886,0.378322,0.525421,0.375195,0.682791,0.934072,0.25469,0.817021,0.420422,0.937532,0.182185,0.370342,0.977161
654,0.454775,0.490309,0.87508,0.265076,0.023214,0.691408,0.142143,0.717828,0.962257,0.881064,0.689528,0.030326,0.039275,0.218944,0.916815,0.644666,0.464904,0.705099
655,0.90811,0.41195,0.839091,0.253485,0.629507,0.068385,0.130539,0.160832,0.898879,0.202752,0.381105,0.085637,0.606357,0.440436,0.348401,0.390381,0.155078,0.391089
656,0.227819,0.61755,0.970787,0.460404,0.275377,0.953233,0.667447,0.247432,0.436386,0.754663,0.716609,0.122494,0.353153,0.704664,0.612741,0.333601,0.818789,0.717306
657,0.920627,0.448337,0.080178,0.804241,0.171323,0.649669,0.129199,0.646845,0.941561,0.328147,0.960344,0.724337,0.653959,0.082269,0.515382,0.185555,0.458296,0.654704
658,0.9175,0.658646,0.319007,0.146476,0.461333,0.210211,0.328937,0.770704,0.958918,0.780472,0.885927,0.754091,0.637456,0.623261,0.762342,0.767232,0.674306,0.479293
659,0.957546,0.926394,0.646046,0.44454,0.055284,0.105789,0.641646,0.752092,0.203146,0.36047,0.158881,0.868037,0.724954,0.771561,0.500593,0.430745,0.473956,0.382449
660,0.891127,0.554348,0.665668,0.593023,0.422088,0.545372,0.449978,0.260747,0.751244,0.533829,0.562226,0.903623,0.205417,0.203054,0.393595,0.17032,0.206994,0.662177
661,0.525735,0.63655,0.45948,0.927357,0.276798,0.075794,0.231875,0.805343,0.024692,0.022642,0.604749,0.349556,0.089641,0.353159,0.496664,0.035898,0.85132,0.537853
662,0.681767,0.279687,0.105723,0.388496,0.330116,0.424204,0.639223,0.774311,0.720015,0.942528,0.409731,0.709817,0.586231,0.305326,0.65811,0.23662,0.316438,0.615785
663,0.532996,0.333132,0.864217,0.061887,0.746278,0.155576,0.654087,0.377367,0.376282,0.862663,0.170699,0.154554,0.611148,0.47096,0.431276,0.531061,0.078643,0.904883
664,0.301747,0.121943,0.397843,0.313077,0.103073,0.61841,0.529004,0.6534,0.771616,0.823292,0.323309,0.198575,0.273878,0.104112,0.852512,0.615036,0.259581,0.723006
665,0.99064,0.612008,0.174889,0.787736,0.647706,0.190115,0.652675,0.244364,0.570287,0.459643,0.070019,0.554385,0.951707,0.833527,0.317412,0.560882,0.88713,0.124306
666,0.024971,0.297345,0.096559,0.076395,0.140897,0.083016,0.297392,0.129367,0.084031,0.440416,0.241167,0.275718,0.316691,0.04748,0.854289,0.660394,0.47459,0.080255
667,0.251528,0.223669,0.619636,0.169132,0.808563,0.450355,0.576107,0.957377,0.229498,0.316109,0.66741,0.496832,0.253309,0.563333,0.089581,0.210657,0.683338,0.424153
668,0.928645,0.949562,0.283048,0.075642,0.109722,0.533099,0.950673,0.428547,0.416803,0.243588,0.185061,0.9354,0.876635,0.100949,0.942853,0.61025,0.730063,0.912188
669,0.952309,0.347578,0.726911,0.976925,0.866879,0.111866,0.454068,0.54617,0.292525,0.226528,0.879557,0.001778,0.162064,0.892822,0.876692,0.725865,0.878152,0.281697
670,0.278815,0.255614,0.163878,0.658431,0.824059,0.763605,0.614587,0.514739,0.939461,0.234213,0.769552,0.519123,0.446221,0.964916,0.110329,0.262081,0.929573,0.133658
671,0.999783,0.277696,0.250778,0.268359,0.998427,0.27434,0.903763,0.383078,0.948786,0.12171,0.557563,0.351081,0.088678,0.151053,0.702042,0.0118,0.900088,0.950138
672,0.812644,0.640087,0.396902,0.963358,0.395855,0.395306,0.670807,0.773624,0.488905,0.050449,0.848281,0.68316,0.882113,0.806745,0.683298,0.452597,0.27392,0.107152
673,0.776859,0.512862,0.387228,0.730684,0.667487,0.883175,0.700248,0.308795,0.450827,0.01401,0.13946,0.991068,0.764329,0.459958,0.222225,0.310177,0.282288,0.440608
674,0.571845,0.570461,0.403663,0.927084,0.297518,0.260706,0.44436,0.614637,0.211442,0.985455,0.140343,0.590335,0.73113,0.531848,0.515197,0.494763,0.723496,0.863548
675,0.394272,0.318752,0.512294,0.834234,0.189735,0.300017,0.409471,0.661649,0.872462,0.452376,0.395028,0.15245,0.502338,0.490541,0.645387,0.399355,0.796331,0.609019
676,0.009241,0.950559,0.667267,0.80389,0.879349,0.21913,0.006894,0.784461,0.23891,0.34222,0.68371,0.023959,0.334185,0.213978,0.724817,0.979534,0.628433,0.174855
677,0.365581,0.32411,0.229104,0.80273,0.553958,0.826779,0.396426,0.357683,0.587342,0.518851,0.097702,0.978921,0.221147,0.052136,0.405454,0.180955,0.15241,0.026171
678,0.374784,0.076245,0.268502,0.161357,0.104805,0.838584,0.387136,0.171536,0.093022,0.443761,0.37796,0.418821,0.118122,0.282817,0.5974,0.248847,0.140794,0.529907
679,0.081488,0.599431,0.999566,0.436162,0.147,0.776216,0.942832,0.069206,0.197395,0.029389,0.822727,0.38297,0.647123,0.842343,0.602817,0.826087,0.464727,0.502814
680,0.084504,0.919469,0.643138,0.891216,0.769187,0.083312,0.454779,0.209351,0.534736,0.459844,0.318965,0.858755,0.455653,0.899802,0.304115,0.76239,0.911108,0.26802
681,0.263369,0.188084,0.1566,0.56182,0.706965,0.120466,0.751262,0.294903,0.091385,0.805337,0.467435,0.757065,0.623472,0.840495,0.509127,0.052542,0.830052,0.793951
682,0.494353,0.154948,0.524019,0.952317,0.218394,0.663056,0.533505,0.816172,0.381947,0.982418,0.27633,0.361446,0.164545,0.021072,0.480676,0.557382,0.522896,0.961159
683,0.77412,0.017651,0.325344,0.354316,0.961315,0.507543,0.225114,0.355802,0.746697,0.656346,0.397024,0.901507,0.109986,0.168868,0.047768,0.097449,0.671029,0.1394
684,0.588879,0.89309,0.795024,0.817829,0.022954,0.582505,0.021517,0.339209,0.344324,0.510128,0.057242,0.936731,0.377013,0.543116,0.92293,0.005978,0.837616,0.376311
685,0.540963,0.534088,0.024436,0.313045,0.632141,0.390913,0.362695,0.002243,0.380035,0.226599,0.109091,0.638089,0.160724,0.628581,0.304661,0.393369,0.126177,0.909219
686,0.796597,0.756602,0.833281,0.37697,0.462978,0.473594,0.805277,0.973701,0.437268,0.931087,0.11637,0.772604,0.407391,0.719515,0.190761,0.406299,0.429456,0.991426
687,0.848001,0.992356,0.247534,0.748494,0.76662,0.2344,0.961806,0.541487,0.669829,0.152566,0.505243,0.168485,0.230541,0.501466,0.675611,0.297653,0.19744,0.134384
688,0.439844,0.789211,0.277044,0.91432,0.934645,0.651942,0.303233,0.481451,0.881617,0.579073,0.973824,0.450781,0.370406,0.477302,0.435637,0.097371,0.980605,0.545995
689,0.607167,0.635735,0.44662,0.994719,0.194935,0.962064,0.177743,0.60347,0.182382,0.113062,0.832479,0.138586,0.18949,0.10795,0.428208,0.775931,0.004598,0.480213
690,0.921273,0.285403,0.737873,0.420012,0.124472,0.435598,0.938241,0.381583,0.837584,0.014857,0.49259,0.111529,0.51416,0.285047,0.664986,0.856644,0.659057,0.89815
691,0.07981,0.080879,0.526353,0.795271,0.592824,0.982264,0.788264,0.043852,0.194288,0.763786,0.540153,0.147294,0.842305,0.101602,0.548849,0.855753,0.021005,0.154094
692,0.608907,0.314337,0.393208,0.577644,0.699963,0.816133,0.98918,0.214115,0.485684,0.974866,0.855416,0.234606,0.95916,0.350919,0.629982,0.372635,0.829548,0.229957
693,0.776513,0.034901,0.790254,0.678012,0.271301,0.588451,0.666549,0.963227,0.00054,0.986681,0.118393,0.143514,0.365704,0.098044,0.617562,0.756658,0.587619,0.851211
694,0.427333,0.8476,0.714328,0.929148,0.351313,0.271858,0.828573,0.9614,0.510695,0.138861,0.73915,0.077114,0.970777,0.543676,0.775781,0.112759,0.158665,0.781136
695,0.749942,0.753454,0.487386,0.029149,0.07935,0.195217,0.596036,0.509442,0.464453,0.685111,0.648728,0.897007,0.41019,0.265039,0.593329,0.482767,0.833028,0.073669
696,0.840037,0.675155,0.747031,0.051973,0.505616,0.675797,0.710699,0.090608,0.245054,0.612503,0.814098,0.125187,0.922728,0.526741,0.081065,0.374673,0.88351,0.515307
697,0.764344,0.570282,0.772506,0.390895,0.710467,0.791358,0.588984,0.934452,0.898333,0.187714,0.732552,0.006456,0.467367,0.64684,0.240656,0.372518,0.926427,0.197372
698,0.536807,0.622575,0.655194,0.151978,0.665745,0.100821,0.421702,0.232584,0.262601,0.912228,0.840472,0.820684,0.725079,0.142882,0.944687,0.141527,0.300032,0.255081
699,0.72437,0.484442,0.285295,0.390721,0.773238,0.351542,0.262283,0.288308,0.846752,0.680919,0.640881,0.114452,0.174727,0.823576,0.802861,0.204609,0.688425,0.589696
700,0.709336,0.069232,0.932807,0.331851,0.372445,0.933577,0.941825,0.65989,0.855467,0.015494,0.380049,0.209724,0.888936,0.859341,0.783163,0.336628,0.152795,0.126224
701,0.383366,0.986725,0.711288,0.658967,0.66875,0.79819,0.214821,0.094275,0.894725,0.116372,0.599602,0.781762,0.897502,0.127903,0.332646,0.142078,0.077425,0.043426
702,0.021267,0.189009,0.014582,0.731651,0.700137,0.608909,0.807461,0.934236,0.720893,0.314819,0.692437,0.835688,0.881144,0.284842,0.393153,0.138547,0.10729,0.947416
703,0.949717,0.044078,0.684679,0.228677,0.846282,0.120802,0.186817,0.036679,0.547028,0.843858,0.10638,0.715847,0.226123,0.774567,0.7535,0.218327,0.074355,0.838867
704,0.467695,0.515391,0.68022,0.794453,0.139214,0.464978,0.032976,0.4778,0.650299,0.90372,0.105779,0.108386,0.385809,0.239724,0.224041,0.810991,0.807645,0.76502
705,0.298507,0.118613,0.796117,0.148468,0.760542,0.651675,0.192872,0.643137,0.33051,0.538111,0.778464,0.934654,0.375328,0.055535,0.092605,0.415389,0.205445,0.57661
706,0.250532,0.378047,0.196273,0.907553,0.295265,0.572911,0.942528,0.966905,0.861623,0.93572,0.062108,0.096665,0.457732,0.376701,0.909355,0.443711,0.658806,0.894695
707,0.399493,0.831408,0.177721,0.238238,0.438959,0.562921,0.789744,0.85514,0.116554,0.977805,0.671254,0.113725,0.925907,0.362756,0.473004,0.356744,0.134939,0.721598
708,0.57788,0.418753,0.69466,0.961595,0.088874,0.33316,0.759021,0.825996,0.867327,0.049499,0.904448,0.473743,0.664897,0.182911,0.202031,0.276407,0.343821,0.68555
709,0.517757,0.249038,0.439771,0.127291,0.33988,0.009491,0.022706,0.70488,0.141158,0.240709,0.414158,0.783109,0.389978,0.993318,0.778675,0.870492,0.916489,0.937948
710,0.382195,0.523361,0.535343,0.153732,0.982476,0.121391,0.629178,0.573386,0.346672,0.454209,0.627432,0.330353,0.166003,0.092183,0.539528,0.584465,0.139142,0.201669
711,0.077769,0.184596,0.983341,0.025415,0.482588,0.891829,0.046508,0.54891,0.409662,0.569732,0.569878,0.956106,0.578574,0.258592,0.239374,0.624166,0.188399,0.724021
712,0.980758,0.345643,0.432911,0.441968,0.891207,0.52726,0.892705,0.261632,0.954933,0.005069,0.060494,0.546213,0.200049,0.995068,0.401352,0.616194,0.22512,0.017902
713,0.015712,0.95716,0.136354,0.327725,0.807854,0.323811,0.488278,0.675454,0.256532,0.732974,0.894317,0.879068,0.87941,0.636528,0.494447,0.323913,0.409924,0.724336
714,0.919766,0.225155,0.213618,0.034679,0.394696,0.224575,0.267771,0.287084,0.109115,0.716203,0.458181,0.31427,0.198025,0.729104,0.456369,0.778368,0.169813,0.989613
715,0.031786,0.812548,0.985554,0.088068,0.211279,0.08365,0.877283,0.607804,0.540976,0.35954,0.357119,0.321149,0.47879,0.065175,0.656212,0.612265,0.515073,0.550478
716,0.505427,0.92159,0.028139,0.263333,0.546959,0.653108,0.721265,0.581921,0.376806,0.109368,0.52424,0.142383,0.223104,0.076833,0.488793,0.521458,0.471896,0.186107
717,0.785468,0.994492,0.87594,0.9074,0.104302,0.249662,0.827537,0.561799,0.776638,0.026111,0.069089,0.921011,0.941175,0.124073,0.057476,0.948935,0.069932,0.520501
718,0.663576,0.000596,0.288934,0.413212,0.931634,0.269306,0.710674,0.362661,0.075455,0.848683,0.8902,0.476088,0.883353,0.952961,0.444089,0.974745,0.779328,0.83375
719,0.705742,0.003443,0.78007,0.481879,0.217927,0.972353,0.154607,0.419193,0.838254,0.020734,0.209273,0.599113,0.089468,0.667397,0.210292,0.362068,0.344547,0.288943
720,0.097492,0.13613,0.486417,0.655049,0.501845,0.404041,0.928861,0.466815,0.71775,0.580934,0.147308,0.172885,0.611527,0.926346,0.543748,0.16252,0.369167,0.378048
721,0.864052,0.599275,0.535853,0.888608,0.995869,0.728272,0.413454,0.152698,0.449778,0.163787,0.708525,0.335199,0.734881,0.266429,0.384217,0.00247,0.465961,0.404691
722,0.649826,0.52873,0.043253,0.586439,0.948455,0.976524,0.280447,0.283853,0.016865,0.139777,0.843031,0.457764,0.606055,0.797643,0.308964,0.136984,0.036151,0.942241
723,0.941754,0.843061,0.612809,0.12371,0.871495,0.741254,0.890605,0.190843,0.423554,0.115851,0.999142,0.872315,0.144358,0.032477,0.272286,0.719615,0.078422,0.384753
724,0.995249,0.06424,0.705323,0.789543,0.553563,0.960652,0.757645,0.677313,0.078727,0.999037,0.209459,0.744086,0.943927,0.833313,0.015835,0.578565,0.736653,0.698987
725,0.754642,0.455714,0.320894,0.642261,0.556908,0.817397,0.176125,0.740307,0.703404,0.961565,0.670297,0.001892,0.631511,0.071292,0.495512,0.902068,0.034588,0.563189
726,0.805154,0.789388,0.205848,0.053902,0.381899,0.759359,0.127775,0.647814,0.304787,0.075037,0.356317,0.807155,0.361507,0.439266,0.496146,0.325277,0.366756,0.247885
727,0.961031,0.644667,0.69962,0.047347,0.277755,0.49383,0.465519,0.990965,0.841098,0.189234,0.156037,0.587329,0.304292,0.288765,0.688181,0.324663,0.977097,0.421599
728,0.719323,0.342084,0.228813,0.774475,0.674415,0.798116,0.468411,0.474751,0.099161,0.806888,0.831236,0.964333,0.480018,0.089296,0.183712,0.870055,0.749663,0.594091
729,0.6117,0.201066,0.686176,0.985758,0.618013,0.65202,0.317706,0.194105,0.083267,0.123863,0.099092,0.086444,0.887212,0.076636,0.509862,0.628362,0.204759,0.156914
730,0.526956,0.412694,0.450951,0.256588,0.86036,0.008088,0.877208,0.795049,0.289541,0.058399,0.955625,0.243587,0.193348,0.635453,0.741781,0.393774,0.072763,0.770704
731,0.522832,0.155061,0.512786,0.671988,0.060807,0.582125,0.45114,0.943874,0.058457,0.537904,0.635561,0.897888,0.909516,0.572906,0.204243,0.599966,0.328924,0.874546
732,0.639953,0.16516,0.033363,0.815057,0.952896,0.319963,0.94769,0.56472,0.007115,0.074835,0.810987,0.222998,0.064296,0.281666,0.059378,0.587583,0.307639,0.688034
733,0.624679,0.820226,0.408141,0.75089,0.054719,0.844345,0.511774,0.96766,0.048142,0.688546,0.819169,0.60283,0.624214,0.687271,0.426781,0.686257,0.632541,0.17895
734,0.001414,0.05774,0.227263,0.946706,0.88689,0.682143,0.010102,0.371574,0.317458,0.784542,0.279288,0.693157,0.825145,0.931032,0.377002,0.353402,0.75289,0.00267
735,0.149256,0.843916,0.01367,0.521718,0.292066,0.266039,0.062272,0.497746,0.922008,0.791959,0.650168,0.03928,0.893085,0.452398,0.32871,0.515213,0.258637,0.639372
736,0.416762,0.137888,0.50535,0.231138,0.28143,0.474569,0.340826,0.459324,0.890836,0.28067,0.601484,0.109394,0.76564,0.71203,0.254273,0.486507,0.55453,0.162026
737,0.287592,0.167973,0.025969,0.754513,0.73479,0.801921,0.02171,0.325687,0.910272,0.523593,0.102468,0.089733,0.314162,0.838977,0.966521,0.444231,0.651865,0.949772
738,0.674517,0.093338,0.301202,0.675536,0.758061,0.595658,0.952438,0.20548,0.10014,0.56915,0.571902,0.666334,0.955329,0.442519,0.356451,0.368497,0.737037,0.402732
739,0.990665,0.326443,0.100923,0.290328,0.703082,0.984153,0.761746,0.237433,0.774374,0.682719,0.710898,0.552434,0.979762,0.321552,0.397554,0.538271,0.646204,0.882284
740,0.265839,0.550183,0.671312,0.861666,0.290595,0.640819,0.096799,0.21757,0.93068,0.206646,0.574669,0.505414,0.586413,0.325372,0.377365,0.896164,0.055069,0.230844
741,0.810695,0.440039,0.084323,0.233242,0.332955,0.561054,0.172819,0.751386,0.085452,0.427162,0.21987,0.227733,0.882835,0.79568,0.856118,0.154012,0.395165,0.045986
742,0.371364,0.879552,0.819416,0.995471,0.948272,0.010975,0.868394,0.680044,0.214804,0.427795,0.797689,0.367111,0.956973,0.135655,0.08115,0.95996,0.397854,0.508295
743,0.723794,0.637616,0.448064,0.877593,0.954803,0.806948,0.837969,0.089814,0.165572,0.639794,0.100663,0.965665,0.728714,0.682116,0.153698,0.113134,0.407538,0.079248
744,0.088741,0.353767,0.465118,0.271294,0.601108,0.624149,0.675287,0.440274,0.072876,0.076357,0.834647,0.002564,0.777469,0.32986,0.05021,0.198811,0.265526,0.398263
745,0.623933,0.443636,0.795832,0.584055,0.209694,0.344143,0.626676,0.287105,0.318616,0.654303,0.212057,0.294268,0.087247,0.739173,0.202856,0.372287,0.040531,0.290206
746,0.520573,0.219635,0.072602,0.817407,0.284421,0.193723,0.248854,0.470077,0.345922,0.673148,0.708368,0.286048,0.562864,0.026268,0.832101,0.544419,0.915339,0.161683
747,0.82908,0.699046,0.378947,0.202558,0.718573,0.963193,0.639438,0.453585,0.288761,0.016761,0.215827,0.434668,0.793672,0.401855,0.419759,0.52702,0.984723,0.505459
748,0.118564,0.527073,0.248999,0.206273,0.449403,0.29337,0.895076,0.171904,0.255143,0.442036,0.394716,0.605753,0.734663,0.843765,0.396856,0.121554,0.872989,0.819486
749,0.521738,0.629202,0.48334,0.254916,0.006945,0.8899,0.892738,0.857691,0.07608,0.747778,0.623081,0.589492,0.101538,0.500645,0.054244,0.798831,0.011469,0.675429
750,0.863365,0.031248,0.830409,0.301027,0.710399,0.914695,0.345778,0.336203,0.856366,0.191139,0.182679,0.507706,0.431943,0.522137,0.00759,0.499071,0.230597,0.724678
751,0.69475,0.874447,0.802982,0.449542,0.075854,0.950406,0.079529,0.070637,0.539332,0.092739,0.725159,0.42925,0.709373,0.60774,0.884669,0.010223,0.927048,0.947265
752,0.160752,0.893147,0.244581,0.909694,0.110786,0.370361,0.526363,0.347713,0.183853,0.721268,0.343939,0.941487,0.240456,0.711347,0.818436,0.84856,0.461193,0.113715
753,0.853362,0.723141,0.531166,0.822445,0.157108,0.497367,0.125002,0.0325,0.533942,0.999691,0.341124,0.840998,0.371446,0.333818,0.29387,0.402568,0.358694,0.165765
754,0.23099,0.084171,0.77524,0.575085,0.316555,0.83579,0.517323,0.174473,0.726477,0.303824,0.773737,0.70191,0.911033,0.721139,0.175651,0.48803,0.422622,0.775463
755,0.0737,0.346935,0.53176,0.571003,0.850747,0.703132,0.12577,0.70173,0.313747,0.158708,0.720503,0.724093,0.453284,0.809092,0.79445,0.804114,0.676309,0.690146
756,0.084882,0.27448,0.702614,0.418941,0.158464,0.652706,0.827005,0.61959,0.792485,0.427281,0.724573,0.986049,0.32605,0.813777,0.313166,0.726697,0.041202,0.082663
757,0.784252,0.42267,0.166398,0.359035,0.479845,0.127127,0.545772,0.44853,0.617147,0.051999,0.686999,0.130177,0.189947,0.489497,0.707686,0.11979,0.008704,0.160047
758,0.840362,0.102097,0.619566,0.780797,0.825817,0.976161,0.249041,0.013617,0.875498,0.155366,0.648443,0.03332,0.649995,0.085656,0.779484,0.05718,0.295922,0.103971
759,0.880638,0.228429,0.192353,0.607827,0.221266,0.908272,0.940538,0.370626,0.650039,0.225778,0.102637,0.087796,0.008278,0.498276,0.122771,0.44194,0.335508,0.679454
760,0.75439,0.447483,0.404485,0.013181,0.415218,0.385712,0.328219,0.853157,0.935527,0.103552,0.394637,0.024428,0.860044,0.581348,0.03979,0.324206,0.265563,0.56321
761,0.894028,0.866222,0.297313,0.557174,0.344309,0.453919,0.528565,0.836352,0.75415,0.850369,0.249276,0.418338,0.545606,0.156126,0.446639,0.335295,0.18728,0.001644
762,0.927602,0.836892,0.333175,0.67411,0.539277,0.013633,0.326467,0.93211,0.255341,0.096331,0.226999,0.430488,0.84478,0.270001,0.942346,0.152044,0.834543,0.130764
763,0.537163,0.652098,0.618544,0.157929,0.026678,0.95811,0.986013,0.124025,0.230728,0.448294,0.528225,0.109028,0.434189,0.073959,0.415856,0.427265,0.470273,0.363689
764,0.632259,0.02216,0.955093,0.295596,0.868893,0.540292,0.267876,0.050748,0.418602,0.50092,0.5209,0.101167,0.750637,0.127471,0.999923,0.668411,0.606081,0.072273
765,0.953438,0.497803,0.924357,0.560787,0.191616,0.08563,0.963298,0.198027,0.011719,0.007726,0.85948,0.614869,0.369846,0.806248,0.194416,0.685568,0.236679,0.427641
766,0.514198,0.931073,0.377637,0.511196,0.228485,0.972167,0.132203,0.928839,0.267751,0.847941,0.168955,0.265055,0.674476,0.534987,0.585251,0.739645,0.993514,0.556955
767,0.240746,0.245755,0.22177,0.74977,0.100587,0.33306,0.775318,0.27326,0.335952,0.49769,0.607828,0.245329,0.1719,0.522542,0.797361,0.809994,0.105069,0.986128
768,0.938618,0.034592,0.622164,0.705742,0.686986,0.616191,0.545156,0.486743,0.294828,0.637577,0.651153,0.694203,0.648322,0.857294,0.997769,0.188149,0.402426,0.498149
769,0.050677,0.328934,0.734689,0.948254,0.056661,0.880719,0.733443,0.793112,0.40906,0.749827,0.822364,0.108803,0.874881,0.941787,0.187004,0.324597,0.975677,0.759615
770,0.583346,0.442843,0.667572,0.585977,0.816117,0.080157,0.294588,0.289194,0.289055,0.90573,0.572235,0.777199,0.220725,0.138415,0.873799,0.386556,0.579189,0.448567
771,0.929456,0.958334,0.449306,0.115251,0.810389,0.708544,0.230916,0.312799,0.51632,0.579633,0.852624,0.207664,0.078565,0.501682,0.858218,0.224346,0.011752,0.710303
772,0.744362,0.986636,0.589783,0.293917,0.40971,0.772509,0.014759,0.209734,0.623241,0.320504,0.178412,0.440009,0.81594,0.997989,0.562418,0.663194,0.660277,0.863432
773,0.605482,0.083212,0.984542,0.748496,0.734936,0.960387,0.018961,0.488825,0.794591,0.815644,0.616759,0.650443,0.153697,0.730923,0.830201,0.205652,0.222183,0.85079
774,0.486437,0.624657,0.07422,0.868212,0.59616,0.822772,0.32179,0.681068,0.383869,0.249085,0.144244,0.035125,0.514916,0.409911,0.59292,0.572004,0.099899,0.068923
775,0.272571,0.399,0.819966,0.755176,0.579467,0.178064,0.690647,0.793542,0.056127,0.708249,0.275684,0.432333,0.712536,0.117718,0.237645,0.140628,0.664652,0.063018
776,0.563336,0.702754,0.256565,0.641041,0.619679,0.182217,0.31076,0.883245,0.06523,0.244273,0.257126,0.254808,0.837997,0.731637,0.433824,0.282159,0.488277,0.980901
777,0.738585,0.899732,0.617001,0.789152,0.788827,0.828182,0.501086,0.828746,0.090517,0.237287,0.481461,0.863137,0.91577,0.1297,0.830306,0.073954,0.26142,0.879869
778,0.561214,0.753663,0.919838,0.592214,0.953478,0.185174,0.767301,0.495754,0.940578,0.450839,0.712609,0.167222,0.258983,0.775071,0.603287,0.943358,0.915482,0.190667
779,0.766392,0.454018,0.878219,0.920406,0.21096,0.364055,0.187273,0.144004,0.263513,0.983381,0.245747,0.304296,0.474664,0.136698,0.611953,0.703412,0.362363,0.797852
780,0.967116,0.037301,0.044841,0.087737,0.308016,0.043902,0.045617,0.498834,0.016771,0.526802,0.602444,0.25444,0.386191,0.979437,0.959781,0.891506,0.165465,0.515878
781,0.639418,0.925341,0.914119,0.544568,0.449174,0.592001,0.171717,0.743949,0.074017,0.2849,0.603058,0.4407,0.694061,0.629807,0.405685,0.151238,0.959619,0.643839
782,0.707878,0.934772,0.482202,0.76673,0.170658,0.909778,0.339581,0.699227,0.615671,0.54018,0.706621,0.462016,0.027584,0.647165,0.252344,0.47977,0.428152,0.308454
783,0.849285,0.641843,0.045459,0.253304,0.554264,0.959984,0.311746,0.503648,0.702795,0.680496,0.690484,0.593227,0.893756,0.933761,0.89555,0.126096,0.18093,0.507707
784,0.553168,0.88567,0.199714,0.274278,0.853602,0.967313,0.803009,0.060154,0.088588,0.091433,0.900708,0.622757,0.372539,0.435796,0.817841,0.834689,0.818886,0.394241
785,0.28835,0.330136,0.520341,0.780837,0.928909,0.981298,0.271091,0.344459,0.828689,0.871786,0.796641,0.596339,0.551055,0.214692,0.054106,0.339366,0.905192,0.222425
786,0.793494,0.349172,0.13835,0.207534,0.830229,0.06034,0.653029,0.776244,0.113063,0.674888,0.885938,0.916898,0.915483,0.610856,0.6684,0.107775,0.234882,0.239754
787,0.824831,0.966325,0.17369,0.24575,0.087312,0.797802,0.667837,0.375579,0.447488,0.690112,0.296778,0.685144,0.24599,0.79471,0.85515,0.999797,0.78402,0.136867
788,0.979873,0.336057,0.863188,0.236592,0.383979,0.006338,0.187467,0.274032,0.569487,0.332032,0.779755,0.328328,0.989608,0.720663,0.055102,0.138845,0.222715,0.526347
789,0.021192,0.454164,0.148744,0.642188,0.596699,0.701982,0.173206,0.238717,0.2309,0.984431,0.794555,0.909954,0.138258,0.737942,0.589763,0.746272,0.218355,0.38866
790,0.507031,0.325182,0.837106,0.721005,0.064508,0.53165,0.675629,0.01572,0.696836,0.517161,0.659061,0.711804,0.573262,0.404455,0.703836,0.031833,0.696363,0.776016
791,0.06124,0.215958,0.525897,0.786577,0.784058,0.70811,0.055521,0.317593,0.944981,0.463064,0.798635,0.595009,0.11282,0.222235,0.687196,0.783784,0.893968,0.323714
792,0.496286,0.436916,0.15692,0.958591,0.645677,0.807122,0.5856,0.07602,0.480742,0.858863,0.76816,0.393034,0.444148,0.063888,0.762103,0.56463,0.688011,0.634123
793,0.477452,0.752978,0.836818,0.45347,0.523204,0.032904,0.528222,0.429805,0.287463,0.272431,0.141381,0.717272,0.48896,0.745027,0.511541,0.836659,0.520659,0.897416
794,0.21977,0.738336,0.195967,0.469102,0.117166,0.500971,0.405501,0.364782,0.231909,0.008231,0.030276,0.990678,0.250531,0.854793,0.857143,0.930403,0.016701,0.813822
795,0.999181,0.047167,0.078921,0.218702,0.008418,0.534019,0.148719,0.162245,0.506487,0.740799,0.90522,0.869749,0.389323,0.054276,0.729287,0.586457,0.806931,0.208986
796,0.742835,0.327399,0.965189,0.592549,0.999759,0.963036,0.5491,0.852656,0.439901,0.36118,0.889114,0.757384,0.612492,0.056235,0.121348,0.53405,0.34966,0.057216
797,0.386082,0.807217,0.423498,0.58662,0.652849,0.821449,0.086949,0.118685,0.491537,0.16997,0.26586,0.330389,0.980244,0.925633,0.875618,0.822157,0.850065,0.649711
798,0.794867,0.831473,0.775301,0.666571,0.003734,0.482502,0.012824,0.167179,0.10264,0.496121,0.202424,0.134199,0.41851,0.143306,0.135604,0.370916,0.928513,0.714008
799,0.246815,0.326773,0.654808,0.693947,0.484869,0.583609,0.339261,0.648205,0.123385,0.908065,0.717346,0.974156,0.714302,0.611799,0.833507,0.148158,0.443237,0.919638
800,0.284549,0.800162,0.724098,0.987208,0.345577,0.110483,0.578733,0.070342,0.836401,0.247285,0.800127,0.396449,0.692876,0.217858,0.741193,0.135006,0.453653,0.858643
801,0.776388,0.721362,0.346994,0.348289,0.123454,0.154936,0.414272,0.07931,0.136473,0.58078,0.786821,0.930656,0.945603,0.373952,0.253576,0.082835,0.59828,0.770488
802,0.695183,0.349369,0.218417,0.768235,0.699161,0.344303,0.759718,0.374464,0.192871,0.626403,0.028471,0.903622,0.367425,0.474243,0.799048,0.785014,0.244136,0.684571
803,0.784815,0.532665,0.489383,0.731174,0.990851,0.960126,0.752842,0.268685,0.677021,0.77726,0.454344,0.468207,0.204167,0.96691,0.974384,0.686426,0.313178,0.512414
804,0.389337,0.172543,0.588141,0.557011,0.451414,0.574854,0.713221,0.448481,0.707454,0.20976,0.246269,0.767604,0.618856,0.549755,0.99284,0.981241,0.438328,0.500349
805,0.184801,0.029524,0.75173,0.546164,0.268849,0.774251,0.536611,0.857703,0.886775,0.368869,0.397349,0.30935,0.246217,0.702359,0.281333,0.374157,0.3513,0.059829
806,0.434521,0.221842,0.639437,0.797105,0.586528,0.569813,0.133088,0.756257,0.703812,0.121341,0.33662,0.189068,0.713711,0.087879,0.830772,0.499481,0.411677,0.995339
807,0.740683,0.575041,0.507529,0.857645,0.123028,0.161773,0.44522,0.158177,0.792478,0.522591,0.518926,0.92731,0.429807,0.15528,0.809195,0.199735,0.234238,0.407368
808,0.846329,0.77795,0.958125,0.47062,0.668832,0.934555,0.293941,0.622052,0.995403,0.254078,0.22643,0.190178,0.875223,0.392075,0.372154,0.210945,0.02698,0.691536
809,0.902235,0.913271,0.34557,0.688823,0.398557,0.108756,0.449958,0.212251,0.891875,0.503925,0.500874,0.010741,0.177589,0.003998,0.886601,0.494221,0.262312,0.880504
810,0.992671,0.890826,0.096,0.23192,0.318616,0.967936,0.510163,0.592535,0.828749,0.71445,0.447894,0.105865,0.618371,0.367461,0.075511,0.291666,0.729124,0.076942
811,0.31324,0.046595,0.984007,0.925319,0.672551,0.880063,0.705209,0.987911,0.140061,0.543141,0.876102,0.435829,0.964745,0.630974,0.14662,0.190629,0.127608,0.461975
812,0.83805,0.859875,0.683726,0.952332,0.795719,0.554,0.169262,0.871187,0.723065,0.97086,0.069758,0.784163,0.863925,0.120674,0.90958,0.662797,0.803148,0.132455
813,0.998502,0.104401,0.641319,0.896688,0.533868,0.028587,0.625054,0.827341,0.148294,0.532323,0.627908,0.67064,0.806745,0.563677,0.242317,0.455409,0.074498,0.601671
814,0.279612,0.083042,0.107281,0.497651,0.780432,0.583732,0.81608,0.748285,0.215734,0.075702,0.294836,0.031377,0.395578,0.246853,0.81601,0.509673,0.216449,0.306025
815,0.005061,0.31205,0.784398,0.713264,0.888519,0.079883,0.217227,0.139092,0.388859,0.830438,0.588415,0.582534,0.828051,0.788667,0.258856,0.866303,0.801266,0.859794
816,0.142482,0.291585,0.587824,0.066448,0.569137,0.418451,0.28839,0.74514,0.532803,0.545619,0.016175,0.280777,0.512276,0.087527,0.719866,0.546609,0.99442,0.920907
817,0.777682,0.844836,0.544521,0.382813,0.256297,0.880743,0.579651,0.698576,0.459605,0.488388,0.152696,0.325167,0.52259,0.124414,0.484293,0.177803,0.290211,0.499706
818,0.803873,0.383002,0.560484,0.958362,0.438801,0.491363,0.382307,0.775462,0.207157,0.676596,0.218666,0.647271,0.734534,0.220622,0.622765,0.730218,0.305482,0.662098
819,0.259752,0.291822,0.291274,0.376785,0.123372,0.59651,0.438121,0.321947,0.323951,0.087043,0.210555,0.16041,0.49168,0.774183,0.089536,0.064985,0.580832,0.780861
820,0.940216,0.538644,0.317159,0.414505,0.874397,0.084441,0.06316,0.236439,0.295159,0.083328,0.192451,0.225626,0.996174,0.428985,0.381766,0.247569,0.703786,0.058805
821,0.23646,0.943165,0.571852,0.657505,0.063956,0.609726,0.072414,0.032347,0.882253,0.722149,0.575247,0.362584,0.498443,0.757755,0.472784,0.485303,0.269118,0.770748
822,0.72856,0.281749,0.289144,0.662879,0.272711,0.155062,0.994252,0.98113,0.640285,0.424655,0.975633,0.246925,0.440394,0.543388,0.234845,0.113732,0.45022,0.226319
823,0.184487,0.827318,0.83235,0.312065,0.356912,0.853084,0.196072,0.691792,0.320937,0.460068,0.558131,0.133096,0.082355,0.922714,0.675938,0.30639,0.750206,0.447424
824,0.75724,0.728513,0.7627,0.231607,0.492411,0.95452,0.353436,0.432881,0.477597,0.446351,0.136358,0.17113,0.336247,0.295236,0.899962,0.119472,0.436448,0.651478
825,0.050819,0.469105,0.01497,0.654931,0.781423,0.005607,0.007342,0.628249,0.945915,0.384278,0.080607,0.155672,0.923438,0.200536,0.049927,0.072881,0.117429,0.470263
826,0.590166,0.744917,0.178506,0.413568,0.049249,0.690822,0.589253,0.619406,0.725409,0.47421,0.652386,0.133593,0.847834,0.06548,0.731729,0.689157,0.789241,0.774756
827,0.348972,0.497149,0.948724,0.97484,0.052985,0.66378,0.798013,0.599032,0.811518,0.618376,0.179192,0.995686,0.305033,0.57571,0.172492,0.474151,0.47707,0.623524
828,0.659101,0.701746,0.040741,0.615434,0.175912,0.923557,0.640182,0.198284,0.60334,0.689279,0.382614,0.704767,0.938346,0.357741,0.901009,0.517908,0.451413,0.651358
829,0.886793,0.352988,0.818796,0.93213,0.187313,0.417395,0.342442,0.367414,0.178167,0.394831,0.239462,0.928839,0.548719,0.650709,0.452665,0.903589,0.976798,0.357091
830,0.322129,0.475093,0.597295,0.596758,0.897087,0.602511,0.997234,0.611533,0.236593,0.776707,0.4966,0.777999,0.430291,0.79264,0.630664,0.616675,0.575861,0.058774
831,0.95107,0.210573,0.915409,0.051192,0.005957,0.939511,0.03818,0.832728,0.35371,0.83801,0.111558,0.323753,0.488037,0.958256,0.638113,0.348667,0.431812,0.955903
832,0.45187,0.315295,0.480727,0.988007,0.795269,0.599876,0.454894,0.362091,0.038397,0.411626,0.360836,0.296244,0.012438,0.635602,0.062449,0.09335,0.162117,0.395308
833,0.39989,0.992896,0.105322,0.350543,0.015921,0.406962,0.34294,0.63212,0.923408,0.814407,0.829881,0.974898,0.405401,0.563614,0.028244,0.472761,0.59275,0.330731
834,0.204526,0.597055,0.476832,0.659502,0.282858,0.577834,0.337096,0.906028,0.577456,0.046087,0.313088,0.316991,0.085811,0.04138,0.725948,0.139813,0.819934,0.875583
835,0.055651,0.627009,0.754687,0.014727,0.047817,0.060586,0.43883,0.363483,0.017994,0.541334,0.007745,0.743977,0.823113,0.841924,0.953373,0.094234,0.917553,0.240982
836,0.061086,0.326123,0.163536,0.660429,0.534513,0.159451,0.29369,0.149286,0.974009,0.787405,0.019628,0.833,0.613239,0.030266,0.385789,0.776821,0.527162,0.250159
837,0.850145,0.614138,0.299211,0.843077,0.707926,0.197726,0.818584,0.195911,0.806263,0.68276,0.34311,0.043125,0.871746,0.023357,0.816654,0.367744,0.539597,0.974982
838,0.00731,0.257203,0.302449,0.261217,0.82915,0.158529,0.907233,0.680653,0.089002,0.530706,0.35084,0.681249,0.961688,0.430167,0.555311,0.896014,0.931265,0.357082
839,0.6483,0.37435,0.893432,0.034102,0.304143,0.120442,0.861175,0.283476,0.075784,0.244116,0.538245,0.704426,0.117925,0.4651,0.639026,0.935584,0.592432,0.011339
840,0.609632,0.979021,0.323201,0.644236,0.317131,0.598957,0.310417,0.96951,0.336425,0.518483,0.836137,0.923717,0.977074,0.027684,0.697314,0.940115,0.787003,0.685095
841,0.587235,0.765471,0.024215,0.769182,0.323736,0.924196,0.537336,0.632054,0.744882,0.451437,0.580846,0.057372,0.429391,0.158362,0.778636,0.617941,0.25539,0.868233
842,0.459871,0.431927,0.886491,0.981331,0.580876,0.500157,0.846908,0.851669,0.588207,0.641217,0.517504,0.215929,0.261276,0.871647,0.28615,0.40144,0.456965,0.816286
843,0.063933,0.559597,0.970334,0.079274,0.653972,0.998833,0.045217,0.92028,0.742192,0.814886,0.005885,0.391633,0.214972,0.708908,0.00945,0.519478,0.470677,0.729192
844,0.19242,0.310153,0.735393,0.547341,0.25274,0.154043,0.592247,0.344453,0.370226,0.067901,0.752438,0.683417,0.637766,0.958856,0.331673,0.169817,0.620547,0.272094
845,0.694581,0.703499,0.1245,0.583815,0.003424,0.159695,0.505684,0.123851,0.622241,0.277483,0.266927,0.155226,0.445726,0.289848,0.8715,0.158042,0.070333,0.809414
846,0.890988,0.29198,0.597919,0.147686,0.915869,0.714793,0.313744,0.050801,0.217178,0.536902,0.48336,0.760735,0.629009,0.970334,0.760893,0.122254,0.483657,0.324364
847,0.482201,0.842229,0.896597,0.775902,0.501414,0.710066,0.167354,0.050344,0.094934,0.06288,0.251143,0.263802,0.586158,0.166859,0.67453,0.830727,0.103922,0.424014
848,0.390411,0.946364,0.778885,0.500938,0.40046,0.14388,0.916262,0.334447,0.736471,0.906386,0.128417,0.367662,0.595483,0.271586,0.306919,0.084021,0.909152,0.074429
849,0.833418,0.669544,0.865069,0.609098,0.47059,0.491098,0.444917,0.036849,0.949834,0.028795,0.837225,0.896893,0.042503,0.91119,0.655151,0.628982,0.095471,0.431641
850,0.040178,0.201167,0.379996,0.906994,0.916952,0.40336,0.045448,0.14143,0.419167,0.156803,0.737738,0.584489,0.872052,0.075004,0.028094,0.004209,0.795037,0.016058
851,0.598576,0.437604,0.992108,0.373251,0.480353,0.365412,0.119959,0.163394,0.688529,0.288593,0.591429,0.693396,0.487384,0.281449,0.019097,0.702716,0.157407,0.760756
852,0.97123,0.289043,0.111874,0.437757,0.119057,0.015094,0.662405,0.385308,0.547656,0.251596,0.31509,0.175335,0.133409,0.184615,0.594809,0.797282,0.730315,0.818978
853,0.430039,0.367812,0.511211,0.66576,0.492215,0.446756,0.737159,0.23003,0.136481,0.031808,0.087733,0.997804,0.351298,0.762919,0.877122,0.477928,0.218716,0.428571
854,0.301851,0.162154,0.914284,0.620229,0.146654,0.878326,0.188254,0.646966,0.421484,0.839382,0.358007,0.560531,0.162075,0.572439,0.128597,0.452283,0.659802,0.393704
855,0.37243,0.60464,0.822053,0.070849,0.623159,0.146657,0.738707,0.054766,0.53489,0.229439,0.251248,0.53932,0.354964,0.546275,0.760272,0.405808,0.691413,0.57862
856,0.574574,0.324475,0.499819,0.876746,0.97243,0.367959,0.239209,0.347623,0.280829,0.670973,0.442804,0.664594,0.285007,0.635757,0.741722,0.488351,0.119732,0.739978
857,0.881751,0.166262,0.533106,0.266508,0.91155,0.985883,0.501819,0.420091,0.771838,0.54291,0.96712,0.097127,0.99024,0.510273,0.380841,0.482591,0.615092,0.891452
858,0.729253,0.939106,0.563231,0.788958,0.346035,0.210365,0.144327,0.18262,0.779161,0.148131,0.388805,0.373177,0.943299,0.726353,0.212104,0.081427,0.864307,0.897745
859,0.342464,0.02927,0.602701,0.730772,0.754451,0.095109,0.147708,0.949217,0.409495,0.695669,0.683597,0.694438,0.019725,0.374502,0.741478,0.984844,0.007962,0.032081
860,0.38259,0.998559,0.076263,0.554308,0.467123,0.506573,0.069755,0.549449,0.007774,0.505,0.021663,0.879303,0.240309,0.055396,0.351461,0.079585,0.477272,0.495738
861,0.635027,0.103978,0.589901,0.560724,0.55356,0.557109,0.224164,0.299786,0.28672,0.996327,0.073344,0.917991,0.950634,0.953728,0.838803,0.689355,0.854299,0.083044
862,0.628061,0.443772,0.675634,0.591459,0.117761,0.467565,0.585297,0.627166,0.09941,0.368849,0.36763,0.454929,0.076319,0.512361,0.193015,0.174539,2.1e-05,0.048758
863,0.113889,0.485726,0.73856,0.686136,0.645366,0.828937,0.165739,0.247322,0.275094,0.568216,0.986975,0.058456,0.05706,0.249676,0.924379,0.995811,0.154984,0.387583
864,0.576909,0.74128,0.201148,0.406339,0.548589,0.062128,0.094067,0.855477,0.591342,0.19704,0.724793,0.697028,0.010223,0.737305,0.089882,0.906615,0.175293,0.40589
865,0.747014,0.914484,0.447692,0.36105,0.626313,0.821379,0.494518,0.197165,0.151851,0.553237,0.588975,0.588502,0.644388,0.58426,0.654,0.765308,0.504065,0.053421
866,0.127211,0.385562,0.491171,0.395257,0.492741,0.109246,0.320191,0.468119,0.549675,0.974395,0.260052,0.083778,0.745744,0.829393,0.796714,0.045539,0.202889,0.82556
867,0.775876,0.705826,0.708189,0.063676,0.070751,0.222553,0.190141,0.831443,0.402679,0.724586,0.980303,0.092504,0.512756,0.440794,0.748802,0.203359,0.970015,0.022092
868,0.148581,0.02479,0.348068,0.08309,0.420956,0.235785,0.857677,0.660588,0.903577,0.229602,0.188372,0.499962,0.923162,0.466336,0.576226,0.679415,0.537635,0.753754
869,0.086477,0.024377,0.881675,0.106755,0.296458,0.518813,0.961829,0.106128,0.991339,0.353703,0.182192,0.408989,0.117534,0.058157,0.61891,0.31408,0.675379,0.11747
870,0.557208,0.335859,0.53813,0.41677,0.832107,0.199869,0.479796,0.749014,0.802446,0.154517,0.870534,0.996853,0.328795,0.884601,0.097322,0.484807,0.173289,0.76466
871,0.780986,0.385471,0.531569,0.029118,0.633506,0.884611,0.764862,0.561297,0.951027,0.0907,0.676988,0.187912,0.703968,0.435053,0.731978,0.818016,0.742253,0.316713
872,0.616374,0.38551,0.029951,0.296384,0.314169,0.585286,0.286037,0.55462,0.003764,0.202163,0.49918,0.877117,0.783386,0.620672,0.838384,0.089497,0.093336,0.324432
873,0.606723,0.419777,0.819004,0.069165,0.5732,0.935576,0.316501,0.831225,0.861501,0.048337,0.949791,0.373045,0.236675,0.070119,0.193211,0.835548,0.443756,0.377086
874,0.092282,0.620948,0.424628,0.667136,0.347612,0.191512,0.372206,0.139349,0.704623,0.657084,0.043306,0.637279,0.97023,0.682736,0.366198,0.355104,0.978155,0.04255
875,0.579063,0.217195,0.15549,0.471098,0.629674,0.007954,0.821846,0.556696,0.466747,0.230992,0.300707,0.441793,0.521362,0.543241,0.639066,0.886831,0.407594,0.057756
876,0.514882,0.38005,0.198118,0.685979,0.303784,0.094906,0.323582,0.070833,0.157733,0.616652,0.643693,0.810399,0.001027,0.583352,0.962755,0.60908,0.498379,0.875826
877,0.014307,0.331617,0.703559,0.861225,0.308447,0.517315,0.826526,0.550742,0.916058,0.113633,0.335102,0.665724,0.210905,0.149834,0.039461,0.970695,0.094356,0.580138
878,0.765954,0.992603,0.555853,0.38275,0.981555,0.743905,0.553194,0.281085,0.193066,0.375867,0.907942,0.95536,0.899688,0.107808,0.699019,0.516922,0.007617,0.960381
879,0.219627,0.168925,0.929604,0.190797,0.061632,0.570452,0.97428,0.922871,0.239627,0.897116,0.79317,0.680549,0.828939,0.54809,0.06265,0.75402,0.532198,0.336988
880,0.463567,0.05231,0.222224,0.634425,0.746425,0.594511,0.14809,0.721415,0.778278,0.672565,0.080298,0.190516,0.136778,0.268279,0.765011,0.79826,0.011875,0.212719
881,0.457018,0.187441,0.890977,0.625455,0.778131,0.102911,0.801295,0.499661,0.348384,0.923725,0.54388,0.705563,0.901182,0.778728,0.675864,0.961154,0.981525,0.420501
882,0.680289,0.724529,0.303078,0.048687,0.947978,0.755649,0.112916,0.466518,0.113617,0.363371,0.054925,0.225418,0.696464,0.904504,0.713703,0.834222,0.51079,0.779614
883,0.862139,0.168772,0.801442,0.122613,0.718898,0.180499,0.180279,0.286564,0.481922,0.508369,0.117831,0.928844,0.021064,0.733737,0.287598,0.751031,0.332119,0.52577
884,0.780025,0.589793,0.091087,0.021951,0.467916,0.286089,0.931319,0.608664,0.17398,0.057458,0.443283,0.619845,0.052393,0.866749,0.169675,0.951799,0.34368,0.133447
885,0.212079,0.67828,0.672581,0.949917,0.019655,0.388203,0.746207,0.657056,0.972809,0.95623,0.802972,0.11826,0.357061,0.836797,0.325221,0.548378,0.116664,0.525574
886,0.228752,0.276724,0.539191,0.084701,0.232345,0.037493,0.359771,0.518395,0.064485,0.564746,0.686629,0.028389,0.178249,0.528019,0.441696,0.389006,0.92467,0.744872
887,0.428506,0.82469,0.308747,0.113373,0.904136,0.288145,0.752256,0.399542,0.964755,0.931377,0.569415,0.587245,0.729577,0.427458,0.883454,0.470708,0.474725,0.762616
888,0.365418,0.949181,0.889189,0.902063,0.303619,0.505377,0.440534,0.144563,0.21247,0.828111,0.665672,0.797841,0.418719,0.294798,0.377975,0.020145,0.079613,0.136485
889,0.718845,0.255886,0.437382,0.294971,0.91674,0.98211,0.030781,0.707746,0.660222,0.260762,0.934102,0.967329,0.516803,0.660742,0.870593,0.210944,0.656153,0.145997
890,0.547833,0.34325,0.956498,0.098367,0.88847,0.407516,0.864074,0.294953,0.142845,0.445674,0.209239,0.545547,0.436235,0.429648,0.608628,0.780902,0.515409,0.593702
891,0.450432,0.546432,0.275535,0.246345,0.533569,0.238002,0.763794,0.302687,0.579187,0.936169,0.843194,0.958165,0.014043,0.244102,0.054258,0.475797,0.461442,0.446589
892,0.604404,0.334108,0.040785,0.110783,0.109197,0.119468,0.981261,0.614307,0.479882,0.011881,0.411375,0.289774,0.340929,0.090398,0.216167,0.912284,0.981031,0.681425
893,0.380978,0.8744,0.72494,0.154755,0.700314,0.041508,0.00664,0.424531,0.871282,0.27312,0.24536,0.341886,0.529798,0.451299,0.512972,0.592323,0.50091,0.369243
894,0.858113,0.988981,0.316181,0.678123,0.086852,0.30365,0.423829,0.161075,0.116967,0.68184,0.775707,0.179506,0.579229,0.010724,0.038132,0.600584,0.576988,0.389297
895,0.747609,0.472972,0.517098,0.414457,0.90344,0.219549,0.79493,0.09666,0.197096,0.656965,0.671621,0.948613,0.921249,0.72827,0.153632,0.802728,0.827816,0.701369
896,0.796014,0.688913,0.189731,0.926821,0.843819,0.465358,0.355554,0.135385,0.555633,0.300193,0.77936,0.291278,0.390047,0.710933,0.916517,0.073292,0.400995,0.707453
897,0.991354,0.054778,0.783782,0.489685,0.297977,0.261647,0.922647,0.315145,0.692368,0.098931,0.152843,0.091783,0.380518,0.126563,0.844421,0.475513,0.7045,0.481341
898,0.687108,0.687531,0.458144,0.078236,0.034977,0.359571,0.48898,0.514039,0.146947,0.26989,0.736492,0.656624,0.831239,0.740572,0.564265,0.599679,0.320712,0.494244
899,0.652065,0.183452,0.501009,0.845793,0.206238,0.756821,0.500676,0.595285,0.073412,0.954039,0.160046,0.023899,0.14812,0.150392,0.765705,0.507412,0.328861,0.168507
900,0.766262,0.412491,0.804331,0.043527,0.556275,0.601663,0.119867,0.838559,0.891361,0.031541,0.676396,0.196295,0.416702,0.05309,0.527437,0.649717,0.413815,0.226066
901,0.632725,0.998731,0.971715,0.652587,0.37145,0.620806,0.666262,0.376896,0.451372,0.152268,0.76328,0.626121,0.710608,0.63259,0.294464,0.21011,0.35648,0.208452
902,0.955045,0.195574,0.094392,0.253962,0.714566,0.565693,0.995998,0.320168,0.644347,0.567062,0.81995,0.981895,0.247194,0.99722,0.336718,0.979317,0.535962,0.190328
903,0.406618,0.814876,0.233216,0.426967,0.492332,0.917322,0.0544,0.980549,0.949865,0.252718,0.764646,0.879131,0.726915,0.165278,0.019782,0.350471,0.841966,0.593437
904,0.369276,0.066165,0.875115,0.327048,0.338371,0.325517,0.972824,0.770462,0.692449,0.157147,0.801622,0.092334,0.427334,0.509926,0.13714,0.273493,0.150907,0.423584
905,0.08574,0.840344,0.591595,0.03728,0.061806,0.02697,0.913979,0.484048,0.719937,0.064729,0.621717,0.310315,0.898638,0.1151,0.882393,0.816283,0.920316,0.060088
906,0.942874,0.091706,0.690237,0.634322,0.283879,0.438358,0.730113,0.261632,0.479633,0.195604,0.656003,0.333407,0.212816,0.249544,0.816783,0.976406,0.042562,0.137862
907,0.081911,0.010387,0.543882,0.873487,0.406346,0.803916,0.465862,0.038923,0.997932,0.16812,0.426911,0.79299,0.433633,0.430896,0.769619,0.869016,0.783891,0.888773
908,0.910196,0.093776,0.311164,0.468408,0.415107,0.285648,0.659012,0.688397,0.763069,0.508583,0.130455,0.631145,0.880437,0.507999,0.72579,0.337743,0.857378,0.34905
909,0.354614,0.719068,0.727871,0.823597,0.378225,0.719051,0.399813,0.060465,0.696559,0.065119,0.104792,0.189125,0.958334,0.959335,0.382188,0.620278,0.001581,0.409715
910,0.991388,0.354049,0.691878,0.086787,0.201252,0.931911,0.275206,0.161636,0.082425,0.379055,0.385915,0.542727,0.163862,0.339781,0.692553,0.112387,0.117026,0.452772
911,0.131352,0.155335,0.667336,0.998457,0.442318,0.918997,0.372491,0.623301,0.793474,0.823165,0.84097,0.412862,0.207548,0.614925,0.564294,0.216921,0.24222,0.899022
912,0.24185,0.749554,0.437081,0.587086,0.910635,0.826711,0.391809,0.04782,0.824645,0.351412,0.225575,0.71622,0.552739,0.843993,0.21974,0.601532,0.961788,0.533591
913,0.790553,0.658728,0.309199,0.976102,0.539277,0.942273,0.107227,0.873005,0.114859,0.903159,0.894624,0.275042,0.713845,0.64509,0.908253,0.965685,0.357995,0.494091
914,0.389171,0.091433,0.635724,0.32152,0.84889,0.577693,0.351661,0.054175,0.862262,0.736707,0.12974,0.861396,0.573311,0.458731,0.906676,0.940268,0.611189,0.511438
915,0.440956,0.578003,0.676334,0.854244,0.672661,0.297744,0.974669,0.303942,0.386572,0.050145,0.186123,0.127501,0.434948,0.850068,0.595826,0.039813,0.558129,0.961757
916,0.201,0.469767,0.899682,0.735869,0.442823,0.000237,0.259881,0.617507,0.037162,0.641334,0.760769,0.693787,0.522928,0.748056,0.451587,0.328524,0.632366,0.499141
917,0.156286,0.881842,0.188677,0.95886,0.969225,0.038845,0.239855,0.456494,0.664828,0.073779,0.788942,0.553785,0.07196,0.063016,0.757606,0.533444,0.590173,0.826905
918,0.858656,0.872239,0.727425,0.036219,0.139875,0.652608,0.387543,0.508506,0.580908,0.81438,0.009988,0.76442,0.891165,0.038738,0.272952,0.380366,0.663403,0.142375
919,0.591796,0.426496,0.272215,0.351998,0.463877,0.117549,0.495275,0.290096,0.750985,0.874955,0.45584,0.372188,0.721233,0.074644,0.059034,0.08285,0.087785,0.497719
920,0.786219,0.554259,0.447602,0.302679,0.977539,0.440183,0.97296,0.212225,0.195008,0.365273,0.710842,0.996942,0.112331,0.367914,0.11842,0.846464,0.85054,0.151416
921,0.366583,0.400031,0.336144,0.759409,0.612812,0.946268,0.421331,0.561746,0.074082,0.536369,0.33884,0.626136,0.754285,0.519446,0.319931,0.35857,0.302173,0.281958
922,0.486688,0.212269,0.939419,0.099687,0.065393,0.793471,0.293897,0.234005,0.586067,0.733124,0.784487,0.696487,0.146054,0.144825,0.958434,0.694796,0.57728,0.204794
923,0.915818,0.714582,0.303444,0.183684,0.143687,0.477059,0.950426,0.150091,0.464217,0.92547,0.756067,0.778057,0.133865,0.999363,0.651164,0.862606,0.277197,0.347962
924,0.905244,0.67901,0.272294,0.505404,0.288344,0.663856,0.743041,0.582447,0.398042,0.565585,0.075428,0.41449,0.273215,0.968016,0.649283,0.75743,0.410999,0.760742
925,0.595577,0.089268,0.379677,0.792543,0.048905,0.819012,0.781704,0.221698,0.159606,0.530426,0.300607,0.89504,0.037475,0.185942,0.71331,0.793565,0.071136,0.503731
926,0.681414,0.813905,0.282182,0.836091,0.688971,0.695169,0.988198,0.83944,0.997196,0.222787,0.041468,0.991332,0.257477,0.109746,0.719705,0.457433,0.734173,0.512582
927,0.07482,0.913603,0.644742,0.181224,0.965076,0.973093,0.927599,0.45008,0.830591,0.492314,0.881026,0.732118,0.271844,0.192684,0.771233,0.058379,0.641029,0.512899
928,0.344042,0.411114,0.915532,0.413439,0.54217,0.792533,0.831509,0.874628,0.926387,0.770056,0.182555,0.271013,0.029578,0.309208,0.71367,0.315099,0.898286,0.660092
929,0.567312,0.317514,0.752196,0.783696,0.68447,0.258225,0.594961,0.564422,0.501432,0.624419,0.128614,0.267154,0.95525,0.464668,0.798324,0.310061,0.824009,0.905004
930,0.441965,0.213576,0.879053,0.014658,0.899277,0.276882,0.455004,0.409401,0.916175,0.268379,0.649191,0.100343,0.127219,0.493819,0.69246,0.553955,0.511972,0.927269
931,0.307447,0.788135,0.150395,0.228626,0.476758,0.469943,0.183125,0.827901,0.416414,0.018386,0.81071,0.309485,0.024927,0.929355,0.14332,0.277626,0.761796,0.165241
932,0.702817,0.196144,0.400616,0.774803,0.19378,0.81173,0.942967,0.775804,0.97431,0.765209,0.508502,0.242267,0.61353,0.138556,0.301051,0.941481,0.464305,0.338774
933,0.235678,0.8541,0.222602,0.804321,0.256776,0.513279,0.340266,0.200397,0.544547,0.464912,0.610553,0.415419,0.246963,0.631251,0.135925,0.810334,0.457412,0.660256
934,0.910099,0.336924,0.793843,0.891955,0.471061,0.314073,0.357007,0.086618,0.504098,0.352914,0.757707,0.283892,0.231106,0.036977,0.259925,0.814523,0.696145,0.346312
935,0.207089,0.199206,0.292608,0.491258,0.844813,0.195765,0.922945,0.883256,0.03936,0.213971,0.143268,0.661804,0.585666,0.192963,0.970326,0.716996,0.246327,0.919975
936,0.717906,0.996576,0.208575,0.595784,0.789241,0.712554,0.349475,0.801439,0.055124,0.986534,0.186651,0.649173,0.851468,0.588381,0.058791,0.651886,0.221156,0.059861
937,0.494328,0.857467,0.48509,0.018931,0.187254,0.556556,0.473488,0.045278,0.393094,0.828882,0.296517,0.750319,0.518462,0.575054,0.251765,0.648816,0.293331,0.743568
938,0.733008,0.351783,0.80588,0.546238,0.005787,0.518117,0.656238,0.155847,0.228103,0.160788,0.185337,0.610316,0.783583,0.08874,0.197768,0.266947,0.748841,0.10393
939,0.405564,0.228396,0.07391,0.327621,0.272531,0.012928,0.132426,0.139339,0.093403,0.654019,0.571063,0.757112,0.406944,0.871217,0.313244,0.263614,0.620838,0.38608
940,0.353734,0.681472,0.327361,0.602623,0.082074,0.742029,0.111022,0.040323,0.007856,0.240479,0.362533,0.54953,0.945121,0.878406,0.253119,0.199007,0.067196,0.105922
941,0.644376,0.607555,0.341252,0.101332,0.11317,0.912454,0.081101,0.819408,0.691685,0.43136,0.83598,0.202969,0.352264,0.377333,0.832328,0.179911,0.3807,0.085087
942,0.963197,0.82959,0.162165,0.651086,0.505317,0.559974,0.561782,0.123879,0.785904,0.453803,0.29804,0.339679,0.288037,0.8019,0.698402,0.541683,0.660606,0.561716
943,0.688511,0.611806,0.270601,0.310583,0.38028,0.723431,0.616567,0.537771,0.606401,0.909488,0.591628,0.575583,0.024096,0.118526,0.17617,0.888858,0.596559,0.664035
944,0.016104,0.407403,0.377232,0.352477,0.585099,0.688566,0.755169,0.320121,0.989629,0.571316,0.923334,0.203113,0.906948,0.110033,0.067401,0.209932,0.655399,0.104641
945,0.030914,0.424661,0.944413,0.340322,0.635677,0.354821,0.19239,0.20426,0.170643,0.135017,0.768502,0.799338,0.922094,0.729107,0.669947,0.962561,0.91066,0.440458
946,0.213307,0.30595,0.813657,0.009304,0.178078,0.906594,0.454293,0.409945,0.712289,0.638923,0.895489,0.895524,0.684502,0.748357,0.186706,0.418351,0.321365,0.2927
947,0.353258,0.220117,0.566695,0.346076,0.521648,0.809001,0.390215,0.502939,0.316745,0.436144,0.07204,0.198462,0.54599,0.342935,0.914375,0.850648,0.347495,0.691544
948,0.159474,0.347976,0.905002,0.793391,0.77699,0.301414,0.715962,0.663409,0.264344,0.158438,0.324333,0.917618,0.56528,0.134663,0.70374,0.306215,0.730578,0.883396
949,0.953496,0.687931,0.538215,0.622872,0.752692,0.60689,0.986265,0.847851,0.085027,0.985561,0.914341,0.396272,0.347346,0.745635,0.098302,0.774088,0.750287,0.920214
950,0.265779,0.996319,0.460796,0.377417,0.673567,0.295467,0.279022,0.67981,0.978655,0.062983,0.851656,0.449925,0.554265,0.563859,0.214569,0.516986,0.448328,0.202795
951,0.458654,0.875267,0.854522,0.584721,0.715501,0.529892,0.193282,0.302703,0.403377,0.971384,0.47957,0.59307,0.721459,0.79291,0.26562,0.938943,0.053996,0.862227
952,0.140691,0.206133,0.902081,0.78694,0.383771,0.573855,0.031619,0.90511,0.354846,0.249911,0.086121,0.557758,0.240042,0.311123,0.136782,0.881372,0.602485,0.566251
953,0.30509,0.787456,0.555223,0.420138,0.962489,0.192149,0.614071,0.363936,0.771164,0.863571,0.123569,0.168862,0.562177,0.354051,0.177223,0.59085,0.043322,0.826207
954,0.545813,0.128264,0.186097,0.388091,0.700068,0.827513,0.715861,0.753888,0.329967,0.820972,0.753177,0.186962,0.79823,0.972222,0.086898,0.300422,0.274553,0.704623
955,0.418558,0.882867,0.572438,0.820595,0.240842,0.6972,0.326858,0.998863,0.053447,0.860049,0.334759,0.018368,0.964729,0.873805,0.118497,0.9448,0.058004,0.148857
956,0.088864,0.268512,0.066064,0.034064,0.701342,0.474065,0.340774,0.975852,0.04665,0.379701,0.048832,0.821783,0.438289,0.706451,0.199301,0.947913,0.465962,0.785128
957,0.747826,0.484596,0.995945,0.760612,0.129125,0.372396,0.766931,0.217544,0.478522,0.883315,0.585933,0.38592,0.505576,0.929374,0.484394,0.133338,0.423792,0.026917
958,0.969593,0.14852,0.406242,0.765336,0.079026,0.792676,0.020184,0.400935,0.046556,0.30514,0.804316,0.02206,0.644237,0.501002,0.044664,0.281657,0.945066,0.86401
959,0.23554,0.501869,0.648724,0.252269,0.995879,0.800839,0.658371,0.108999,0.597231,0.411559,0.303465,0.323774,0.997053,0.027791,0.046049,0.60438,0.541678,0.39888
960,0.221577,0.95887,0.280077,0.761823,0.063085,0.336677,0.641079,0.994975,0.522798,0.533543,0.038139,0.981032,0.036371,0.250539,0.633828,0.379765,0.518867,0.923396
961,0.755216,0.865873,0.496983,0.711176,0.173025,0.884956,0.664901,0.591489,0.175296,0.089012,0.930762,0.895489,0.663879,0.56104,0.352526,0.454207,0.853403,0.005769
962,0.454205,0.387837,0.946949,0.954321,0.066763,0.67225,0.627419,0.31533,0.237061,0.353419,0.033142,0.96123,0.480836,0.313611,0.136618,0.694246,0.560648,0.28237
963,0.040371,0.094828,0.854953,0.930437,0.180315,0.322342,0.484813,0.762955,0.712948,0.05291,0.768055,0.300007,0.998283,0.997613,0.87112,0.748341,0.395253,0.741097
964,0.04814,0.611312,0.620487,0.644857,0.708059,0.749822,0.967582,0.074082,0.223924,0.787348,0.278465,0.892146,0.949661,0.289743,0.009517,0.134093,0.510569,0.940703
965,0.981377,0.725318,0.969613,0.415192,0.294948,0.971346,0.170922,0.152632,0.03486,0.09879,0.831095,0.302022,0.260355,0.777747,0.943661,0.803709,0.884032,0.279626
966,0.723344,0.905884,0.469583,0.117257,0.517147,0.582284,0.03996,0.448979,0.517436,0.300799,0.58818,0.322338,0.367928,0.712106,0.047989,0.882493,0.837425,0.121171
967,0.515315,0.756626,0.674971,0.664923,0.990772,0.673767,0.540708,0.179151,0.586236,0.777055,0.789561,0.93127,0.697031,0.508276,0.676345,0.400336,0.256006,0.770529
968,0.158166,0.890321,0.554334,0.878866,0.643334,0.254713,0.849212,0.173589,0.483085,0.422196,0.954178,0.400588,0.612743,0.36924,0.112154,0.162664,0.676699,0.369451
969,0.910343,0.740282,0.554987,0.222365,0.970105,0.656353,0.911828,0.821041,0.934439,0.652115,0.994572,0.714193,0.839167,0.598446,0.08261,0.80368,0.834961,0.828639
970,0.375171,0.369582,0.25999,0.212098,0.399526,0.796731,0.900953,0.136203,0.953998,0.608615,0.866019,0.019641,0.881728,0.538884,0.830429,0.166884,0.119248,0.157569
971,0.32813,0.975419,0.015976,0.579022,0.26392,0.786236,0.369034,0.645388,0.224284,0.911392,0.029633,0.262757,0.918276,0.713647,0.566435,0.333716,0.701217,0.398753
972,0.790059,0.27886,0.209439,0.230886,0.390537,0.153046,0.258744,0.205578,0.596439,0.089903,0.759678,0.421277,0.47186,0.67247,0.230413,0.673386,0.671399,0.35365
973,0.818171,0.468114,0.418032,0.324951,0.795463,0.740341,0.376311,0.371611,0.884645,0.337697,0.77359,0.555063,0.142215,0.610969,0.446041,0.780608,0.430656,0.240893
974,0.019256,0.623993,0.156444,0.837284,0.118968,0.469033,0.83992,0.497552,0.946229,0.555109,0.451253,0.257457,0.437476,0.148288,0.495653,0.959729,0.013797,0.672302
975,0.550206,0.605307,0.783795,0.181114,0.190497,0.393075,0.148165,0.289405,0.730514,0.159482,0.567108,0.529964,0.929043,0.451006,0.706147,0.207083,0.57312,0.421601
976,0.351026,0.684825,0.89521,0.110394,0.097165,0.554112,0.452455,0.977378,0.672426,0.365212,0.933837,0.191646,0.031472,0.272969,0.114486,0.464863,0.304216,0.732718
977,0.970282,0.574019,0.41446,0.405525,0.716845,0.446293,0.367642,0.776817,0.914506,0.958273,0.930194,0.12938,0.429244,0.708397,0.371272,0.995237,0.063897,0.171165
978,0.314548,0.127829,0.783751,0.443697,0.61913,0.886192,0.166779,0.632041,0.426297,0.395304,0.016162,0.527856,0.267999,0.739101,0.655826,0.385493,0.550623,0.811289
979,0.30066,0.811484,0.837587,0.694833,0.986255,0.763672,0.15155,0.183741,0.622304,0.375449,0.443879,0.819393,0.760451,0.250421,0.861528,0.339559,0.040617,0.598582
980,0.658387,0.701236,0.554544,0.570091,0.380515,0.306922,0.533579,0.408926,0.17078,0.676865,0.545465,0.700199,0.740756,0.553127,0.274789,0.29281,0.501024,0.565505
981,0.90374,0.144078,0.922956,0.304355,0.162303,0.581364,0.405248,0.362414,0.361029,0.657586,0.558124,0.426707,0.785292,0.762805,0.780384,0.987182,0.0217,0.802231
982,0.642049,0.654481,0.886461,0.050398,0.452098,0.148749,0.262366,0.496887,0.941174,0.253956,0.951836,0.521675,0.084313,0.435118,0.577014,0.720473,0.048106,0.019647
983,0.559825,0.229163,0.092685,0.151376,0.1215,0.821944,0.274488,0.672491,0.082481,0.606334,0.443648,0.021605,0.614229,0.79228,0.034724,0.477908,0.886715,0.549892
984,0.120785,0.515588,0.569133,0.206038,0.855555,0.886461,0.441624,0.291682,0.552261,0.010531,0.705548,0.565507,0.598732,0.596255,0.870665,0.976553,0.602629,0.799441
985,0.257083,0.458394,0.930598,0.304213,0.420818,0.553027,0.335381,0.382225,0.240263,0.915875,0.580241,0.928461,0.18837,0.251235,0.935635,0.471569,0.276616,0.268323
986,0.798831,0.181604,0.744582,0.234005,0.542465,0.894487,0.905109,0.011218,0.957175,0.963019,0.568878,0.668501,0.633136,0.977738,0.437126,0.469746,0.211563,0.748182
987,0.136105,0.405716,0.201319,0.400402,0.929283,0.307383,0.477626,0.003487,0.382812,0.672475,0.638642,0.332592,0.646594,0.742572,0.664469,0.873578,0.177816,0.507639
988,0.940232,0.298977,0.637225,0.979482,0.75442,0.916308,0.217304,0.281311,0.665201,0.643849,0.319977,0.735337,0.107648,0.460378,0.369126,0.490321,0.200481,0.82487
989,0.947344,0.740864,0.396399,0.039279,0.473551,0.541663,0.578362,0.40393,0.310797,0.208526,0.765519,0.016373,0.058158,0.076002,0.874391,0.192065,0.335562,0.232095
990,0.639053,0.053164,0.263429,0.887003,0.805949,0.604537,0.544251,0.91201,0.107017,0.027786,0.801754,0.162698,0.995597,0.408456,0.452073,0.099828,0.687745,0.588707
991,0.302219,0.318323,0.752547,0.883943,0.776726,0.160607,0.891053,0.273475,0.84515,0.126587,0.943673,0.429383,0.663895,0.928601,0.216409,0.146771,0.209753,0.243064
992,0.924104,0.027934,0.165015,0.81595,0.159141,0.379589,0.021314,0.58846,0.56107,0.99835,0.412827,0.069467,0.302324,0.932346,0.210605,0.350461,0.120515,0.591708
993,0.797597,0.636684,0.718368,0.673029,0.721303,0.803615,0.824263,0.286776,0.206876,0.604485,0.615286,0.431789,0.527171,0.298837,0.27491,0.940102,0.202353,0.506662
994,0.73699,0.91806,0.422113,0.790839,0.911018,0.499303,0.619815,0.309351,0.535003,0.30796,0.468631,0.101336,0.084539,0.949359,0.374786,0.663505,0.527432,0.199618
995,0.141651,0.535817,0.493382,0.680398,0.970339,0.326796,0.34128,0.703675,0.311921,0.971379,0.831463,0.956668,0.300733,0.037761,0.059912,0.967468,0.462964,0.969832
996,0.610465,0.927107,0.228725,0.248177,0.271764,0.710575,0.948697,0.911548,0.245921,0.011838,0.459596,0.132506,0.759684,0.347424,0.644938,0.882366,0.903263,0.20529
997,0.817351,0.60573,0.430374,0.191175,0.756658,0.397826,0.868699,0.841511,0.476264,0.346951,0.731377,0.666366,0.955383,0.42398,0.238578,0.585081,0.442344,0.600733
998,0.231813,0.825355,0.990237,0.966515,0.451298,0.060273,0.131501,0.819699,0.570196,0.657389,0.215903,0.899816,0.938004,0.958083,0.975698,0.707488,0.35321,0.069472
999,0.258514,0.504442,0.650824,0.224205,0.712007,0.228561,0.071571,0.347476,0.712985,0.26891,0.769519,0.628461,0.315089,0.005754,0.466282,0.238212,0.402771,0.204452
1000,0.44752,0.863348,0.884821,0.326857,0.205681,0.838428,0.551761,0.96048,0.876259,0.024233,0.396208,0.775363,0.140073,0.09496,0.50636,0.23595,0.20632,0.27165
1001,0.803507,0.099782,0.866009,0.549378,0.75118,0.943811,0.055548,0.831375,0.648818,0.742073,0.033191,0.402398,0.045048,0.686377,0.529425,0.941365,0.027901,0.97719
1002,0.096486,0.484968,0.715475,0.697413,0.827134,0.166577,0.334373,0.344486,0.564338,0.266695,0.593721,0.146881,0.892789,0.889954,0.124595,0.559272,0.637225,0.417748
1003,0.702248,0.288097,0.117951,0.52241,0.934804,0.322253,0.689486,0.417337,0.699022,0.813974,0.945479,0.510322,0.811961,0.290207,0.46786,0.684986,0.94062,0.252357
1004,0.57662,0.260111,0.741961,0.175279,0.599816,0.927448,0.85319,0.299388,0.810315,0.796698,0.458168,0.868189,0.976631,0.370888,0.495149,0.467387,0.12547,0.904521
1005,0.709311,0.578261,0.452953,0.064701,0.739569,0.8791,0.315284,0.856111,0.814649,0.976149,0.50552,0.58181,0.075428,0.224129,0.727973,0.069901,0.639987,0.217272
1006,0.154193,0.118649,0.795027,0.835783,0.418999,0.979456,0.616098,0.979627,0.748919,0.805705,0.140724,0.008436,0.617397,0.092326,0.990974,0.858151,0.666582,0.939498
1007,0.965217,0.909024,0.535095,0.927398,0.152184,0.644945,0.009609,0.151849,0.764685,0.869039,0.957317,0.497525,0.054024,0.866377,0.526794,0.74652,0.925545,0.869309
1008,0.155466,0.324492,0.106583,0.325822,0.308608,0.298698,0.724856,0.380889,0.54096,0.537816,0.324707,0.71825,0.705673,0.550926,0.673886,0.814829,0.206858,0.641036
1009,0.824356,0.074004,0.451846,0.23185,0.717503,0.367345,0.817284,0.218608,0.578542,0.90913,0.100146,0.435076,0.159583,0.032137,0.065008,0.954946,0.825019,0.653557
1010,0.009173,0.23312,0.136986,0.499078,0.680605,0.265126,0.794706,0.265984,0.252472,0.240521,0.489072,0.089272,0.925566,0.827558,0.510398,0.533533,0.658819,0.533876
1011,0.7195,0.362506,0.778844,0.031139,0.673092,0.380505,0.629955,0.267929,0.959177,0.347953,0.235288,0.337248,0.182091,0.346804,0.375716,0.90934,0.864418,0.655271
1012,0.304657,0.403196,0.461936,0.020957,0.238205,0.227457,0.142587,0.432354,0.704848,0.157727,0.807809,0.20877,0.14623,0.207961,0.979156,0.489498,0.079422,0.35582
1013,0.378429,0.012392,0.912205,0.817282,0.100696,0.51886,0.465042,0.014609,0.664547,0.556813,0.240713,0.84078,0.961701,0.010354,0.59849,0.970302,0.839015,0.686176
1014,0.879676,0.187961,0.148797,0.830719,0.771447,0.38128,0.907113,0.766612,0.639067,0.501579,0.532585,0.464368,0.932283,0.613217,0.522141,0.632555,0.97938,0.228367
1015,0.393493,0.534272,0.38664,0.927743,0.783058,0.082815,0.914804,0.16712,0.336389,0.228406,0.084017,0.14453,0.94565,0.37656,0.838949,0.226626,0.698446,0.788727
1016,0.533938,0.26841,0.16244,0.918969,0.902742,0.818869,0.301114,0.344112,0.661999,0.928037,0.113671,0.374241,0.427699,0.581008,0.433947,0.861535,0.542627,0.098991
1017,0.616302,0.356169,0.083479,0.739248,0.145628,0.501304,0.291089,0.896078,0.195205,0.273108,0.354755,0.005663,0.403688,0.10191,0.972522,0.436524,0.592403,0.554458
1018,0.011593,0.674976,0.202206,0.141623,0.250455,0.632382,0.371891,0.84201,0.08895,0.043696,0.815977,0.879173,0.63182,0.101637,0.588334,0.685614,0.161857,0.778866
1019,0.691443,0.745964,0.029749,0.775141,0.331653,0.153314,0.959667,0.402893,0.527023,0.024064,0.375749,0.072181,0.204721,0.960828,0.824677,0.582867,0.882129,0.652153
1020,0.948795,0.537966,0.213435,0.975639,0.201914,0.052569,0.777951,0.30043,0.50568,0.088752,0.483985,0.772631,0.249771,0.852281,0.533678,0.088992,0.144916,0.43571
1021,0.4017,0.419714,0.572316,0.215211,0.173205,0.643,0.790663,0.689432,0.755116,0.908397,0.422269,0.091713,0.175156,0.968859,0.266995,0.836995,0.764737,0.884726
1022,0.842379,0.425331,0.443674,0.856583,0.574601,0.861137,0.203973,0.430575,0.367801,0.304452,0.924041,0.021293,0.752355,0.079697,0.075885,0.449888,0.9964,0.233557
1023,0.229249,0.296592,0.025836,0.61437,0.107331,0.37067,0.568487,0.415741,0.629825,0.52808,0.743276,0.906862,0.239856,0.667019,0.405816,0.6581,0.942514,0.729479
1024,0.546028,0.990709,0.172089,0.975176,0.483812,0.137623,0.018505,0.683157,0.377559,0.810625,0.559029,0.351688,0.047395,0.928918,0.989923,0.120604,0.180611,0.196202
1025,0.245159,0.127717,0.034035,0.085224,0.623893,0.866276,0.919628,0.886743,0.511194,0.668846,0.456985,0.374944,0.877553,0.409481,0.996434,0.146186,0.353501,0.789123
1026,0.207805,0.800064,0.704038,0.674069,0.904457,0.405163,0.889478,0.614754,0.320766,0.660827,0.080627,0.684118,0.561019,0.472644,0.894075,0.769344,0.892406,0.665023
1027,0.636789,0.298554,0.274078,0.184213,0.426274,0.58499,0.411281,0.578947,0.998393,0.397596,0.199491,0.545339,0.951046,0.992385,0.061799,0.067469,0.982898,0.052564
1028,0.028561,0.862139,0.831629,0.418973,0.939659,0.399352,0.070628,0.707067,0.442424,0.904838,0.160219,0.820982,0.486023,0.107428,0.489754,0.032862,0.678937,0.043813
1029,0.989793,0.935337,0.388759,0.256237,0.218485,0.840835,0.720669,0.988428,0.504499,0.432481,0.677937,0.084648,0.983018,0.511714,0.472316,0.932645,0.301856,0.928361
1030,0.701127,0.623985,0.674192,0.5772,0.591146,0.343466,0.790319,0.073478,0.886742,0.867321,0.160569,0.472886,0.915055,0.492103,0.866794,0.312539,0.519047,0.466113
1031,0.26907,0.835954,0.681347,0.582378,0.286318,0.009462,0.168752,0.483985,0.837859,0.525059,0.288054,0.283555,0.551123,0.746984,0.270195,0.948107,0.505101,0.154536
1032,0.604476,0.861687,0.796498,0.809193,0.6634,0.435951,0.006958,0.916852,0.975627,0.361305,0.674418,0.155113,0.345917,0.908626,0.857391,0.651895,0.924937,0.120506
1033,0.054994,0.322329,0.570539,0.345767,0.471756,0.944538,0.10034,0.434772,0.643147,0.680064,0.308863,0.802771,0.669123,0.597435,0.049938,0.953181,0.110533,0.656821
1034,0.664811,0.092182,0.349472,0.19872,0.740061,0.699115,0.369689,0.213763,0.549551,0.036759,0.400776,0.576961,0.809393,0.425574,0.563701,0.385476,0.55812,0.472203
1035,0.84336,0.960624,0.072942,0.730545,0.380306,0.084796,0.38972,0.211981,0.869442,0.06962,0.304395,0.21633,0.319333,0.699201,0.30171,0.111018,0.865609,0.208851
1036,0.807822,0.738033,0.048286,0.723524,0.675438,0.941062,0.833916,0.31596,0.006577,0.974306,0.811071,0.100106,0.077181,0.66795,0.81481,0.66452,0.887202,0.650876
1037,0.129004,0.872866,0.508385,0.849112,0.690042,0.402247,0.517046,0.322345,0.915669,0.77511,0.40497,0.801297,0.715261,0.282259,0.512157,0.971588,0.393292,0.601037
1038,0.14793,0.008246,0.850718,0.658207,0.478422,0.4828,0.714753,0.511126,0.813094,0.250834,0.405353,0.764765,0.860521,0.115756,0.964991,0.848554,0.263982,0.965222
1039,0.658212,0.774719,0.246029,0.436017,0.630845,0.389479,0.085311,0.957272,0.768312,0.181669,0.442312,0.346728,0.506794,0.578359,0.203953,0.373318,0.109554,0.064867
1040,0.285074,0.774927,0.840403,0.083628,0.465942,0.277945,0.346056,0.612913,0.042073,0.032644,0.023884,0.846189,0.179915,0.236416,0.71932,0.332121,0.003316,0.872545
1041,0.929751,0.742177,0.350833,0.423974,0.388596,0.767164,0.003316,0.272498,0.717343,0.658945,0.642359,0.848706,0.303557,0.142615,0.437519,0.152129,0.115047,0.88156
1042,0.570954,0.995168,0.971319,0.981829,0.198444,0.265731,0.619624,0.638561,0.819499,0.766717,0.378827,0.065547,0.437916,0.369997,0.414924,0.36508,0.695555,0.138811
1043,0.56342,0.926728,0.849827,0.071599,0.815382,0.408181,0.625072,0.693234,0.502242,0.740595,0.793113,0.066829,0.59282,0.160533,0.424453,0.168272,0.399776,0.160224
1044,0.759477,0.889504,0.093169,0.069128,0.884976,0.491716,0.11561,0.46391,0.186545,0.200309,0.66586,0.35603,0.919417,0.278801,0.434042,0.344085,0.640394,0.497044
1045,0.882754,0.363914,0.6608,0.921457,0.198852,0.465735,0.05746,0.28657,0.123286,0.903373,0.009872,0.323659,0.819395,0.18499,0.884379,0.926936,0.290684,0.07533
1046,0.461904,0.174814,0.906806,0.219749,0.581639,0.941455,0.933337,0.893987,0.647923,0.158415,0.398116,0.190703,0.608637,0.042813,0.165744,0.704799,0.076698,0.727555
1047,0.561889,0.446142,0.314855,0.733642,0.355728,0.547235,0.631643,0.362062,0.736912,0.054302,0.171433,0.108822,0.110949,0.518331,0.555619,0.683935,0.272056,0.687973
1048,0.077617,0.014444,0.516867,0.172366,0.462895,0.565158,0.132271,0.404501,0.304958,0.682225,0.471196,0.251927,0.686958,0.504949,0.35044,0.389941,0.200902,0.628989
1049,0.924453,0.6098,0.808228,0.938005,0.763242,0.792548,0.783586,0.502911,0.375626,0.630516,0.830011,0.049198,0.912522,0.326918,0.37045,0.364351,0.963315,0.321604
1050,0.894418,0.329582,0.557441,0.483548,0.437108,0.333959,0.216134,0.555258,0.432986,0.934922,0.036058,0.012269,0.910916,0.927519,0.771895,0.927257,0.805289,0.112991
1051,0.05479,0.005414,0.781826,0.051376,0.2903,0.202993,0.409067,0.354408,0.614829,0.281618,0.063178,0.028653,0.431516,0.804108,0.005389,0.900767,0.930829,0.417149
1052,0.351491,0.942038,0.139479,0.525103,0.670156,0.809671,0.360695,0.312111,0.347283,0.019686,0.846334,0.346167,0.452618,0.607675,0.246144,0.304443,0.195731,0.731983
1053,0.892903,0.421444,0.924274,0.477199,0.950965,0.449249,0.849967,0.251532,0.789791,0.680494,0.424519,0.276103,0.04332,0.443498,0.379519,0.895039,0.561798,0.087109
1054,0.58664,0.861342,0.124146,0.708612,0.089541,0.215031,0.399911,0.36818,0.651133,0.475489,0.949122,0.25972,0.745044,0.882087,0.771556,0.436859,0.781107,0.190208
1055,0.319644,0.550313,0.310862,0.565166,0.194149,0.780942,0.907731,0.137489,0.979896,0.255705,0.349623,0.572643,0.171067,0.929704,0.350661,0.34813,0.130819,0.774734
1056,0.3532,0.381934,0.689056,0.430551,0.13495,0.76995,0.196238,0.379316,0.717748,0.67422,0.806081,0.571773,0.362923,0.315229,0.147907,0.20854,0.477843,0.24312
1057,0.664707,0.216443,0.345278,0.817647,0.073698,0.277417,0.059401,0.51344,0.123483,0.773635,0.682676,0.937382,0.755523,0.171819,0.338574,0.446375,0.035537,0.88232
1058,0.689266,0.718275,0.924683,0.713467,0.801649,0.141097,0.375156,0.361379,0.893024,0.624006,0.563819,0.434987,0.393574,0.207369,0.916365,0.547501,0.567035,0.893852
1059,0.147932,0.19706,0.320153,0.941725,0.918424,0.249939,0.608113,0.205728,0.318862,0.114068,0.087856,0.028205,0.980663,0.762004,0.396432,0.519589,0.679043,0.062021
1060,0.447002,0.935428,0.273409,0.693622,0.785681,0.184238,0.726916,0.970335,0.539643,0.555555,0.100999,0.538207,0.619094,0.02546,0.879438,0.580172,0.305643,0.582842
1061,0.83476,0.833562,0.807705,0.719977,0.932521,0.579778,0.945937,0.360144,0.092663,0.595478,0.938107,0.041507,0.027366,0.271818,0.408688,0.050529,0.525746,0.193514
1062,0.833653,0.547856,0.677713,0.720202,0.29802,0.737836,0.17369,0.127666,0.813673,0.309879,0.017247,0.466071,0.046696,0.998463,0.469511,0.815042,0.783498,0.328894
1063,0.698868,0.729675,0.287168,0.015098,0.133022,0.212396,0.67119,0.625446,0.975115,0.717163,0.946668,0.368635,0.351264,0.040844,0.70788,0.884944,0.193179,0.34341
1064,0.80841,0.231145,0.061899,0.454062,0.664286,0.103805,0.002077,0.172546,0.24506,0.306941,0.353697,0.169634,0.524738,0.795788,0.474427,0.967163,0.698789,0.650329
1065,0.686672,0.492641,0.413516,0.475583,0.639,0.466039,0.166999,0.005986,0.623656,0.133358,0.183116,0.101037,0.82235,0.949806,0.068547,0.686759,0.815722,0.466889
1066,0.836351,0.743945,0.349618,0.628819,0.79893,0.136832,0.327423,0.536,0.885601,0.022632,0.679655,0.184786,0.582032,0.237043,0.687102,0.571058,0.20102,0.480814
1067,0.355588,0.264869,0.882329,0.877479,0.827139,0.207661,0.711559,0.700443,0.34088,0.191811,0.706906,0.911908,0.247419,0.447135,0.499456,0.332822,0.247411,0.106006
1068,0.071055,0.394631,0.905353,0.485582,0.577008,0.644189,0.900596,0.789871,0.420663,0.085803,0.989234,0.690422,0.991108,0.58913,0.274087,0.957357,0.575463,0.771437
1069,0.095089,0.945393,0.542296,0.443136,0.270973,0.956845,0.842285,0.511528,0.451084,0.530335,0.610985,0.802241,0.622471,0.456601,0.409191,0.422981,0.271288,0.722006
1070,0.593581,0.438246,0.966753,0.300412,0.267643,0.507776,0.520362,0.107167,0.027003,0.790369,0.326792,0.192423,0.63825,0.190452,0.863124,0.827476,0.350218,0.568626
1071,0.012537,0.11891,0.325175,0.634005,0.767228,0.723112,0.619634,0.686983,0.397736,0.039619,0.878379,0.998659,0.783521,0.462816,0.154839,0.752402,0.216221,0.088096
1072,0.841026,0.340306,0.616272,0.385605,0.210924,0.143388,0.519357,0.435758,0.539481,0.949089,0.602711,0.567651,0.666987,0.432813,0.721588,0.495324,0.088779,0.431385
1073,0.189804,0.21818,0.295312,0.554422,0.062916,0.856086,0.63784,0.91895,0.82114,0.585399,0.456744,0.601744,0.937847,0.661797,0.220998,0.096817,0.697884,0.759247
1074,0.816851,0.001519,0.050441,0.846263,0.903471,0.712327,0.677559,0.702361,0.479959,0.504668,0.07395,0.365554,0.419607,0.605121,0.197062,0.322275,0.93345,0.609105
1075,0.355745,0.961538,0.096801,0.467391,0.563137,0.212968,0.205753,0.876598,0.050199,0.061499,0.876437,0.104985,0.587473,0.282607,0.251769,0.645025,0.084009,0.077349
1076,0.106599,0.412091,0.014421,0.29906,0.33509,0.517887,0.043284,0.62413,0.072276,0.659185,0.694458,0.079548,0.008443,0.084887,0.06232,0.283213,0.63599,0.134496
1077,0.369794,0.453479,0.094539,0.816754,0.938454,0.761072,0.267721,0.764337,0.738328,0.738739,0.186459,0.518115,0.861393,0.459739,0.281443,0.531252,0.524217,0.33334
1078,0.009093,0.037298,0.995949,0.76772,0.900552,0.345206,0.760421,0.503419,0.962457,0.83694,0.846733,0.853291,0.263094,0.07099,0.590073,0.413189,0.621602,0.761001
1079,0.20086,0.361584,0.086592,0.531627,0.921443,0.857581,0.758577,0.693259,0.894515,0.012745,0.241435,0.580075,0.975997,0.016676,0.020238,0.717151,0.063602,0.839716
1080,0.146304,0.092627,0.875742,0.380889,0.814116,0.326438,0.142297,0.891865,0.632458,0.447993,0.954856,0.801208,0.330944,0.170715,0.335196,0.320147,0.257203,0.881331
1081,0.97566,0.060374,0.898622,0.453437,0.984562,0.922279,0.762931,0.597454,0.263903,0.663537,0.496647,0.405123,0.919438,0.907199,0.689836,0.004172,0.800768,0.227384
1082,0.433169,0.558603,0.52835,0.990207,0.616983,0.198355,0.619484,0.278036,0.927416,0.363756,0.561464,0.345327,0.968367,0.575872,0.614903,0.708133,0.698728,0.010816
1083,0.548843,0.900499,0.518115,0.417275,0.857299,0.228833,0.871181,0.237663,0.597555,0.988284,0.963125,0.503055,0.518539,0.295089,0.541076,0.780339,0.659451,0.720609
1084,0.056027,0.252634,0.696166,0.170141,0.680625,0.24677,0.564044,0.340476,0.558708,0.034198,0.468346,0.432999,0.122631,0.172884,0.06928,0.564376,0.624052,0.961195
1085,0.059107,0.530716,0.248322,0.02798,0.113264,0.966041,0.127168,0.983891,0.824617,0.202654,0.939431,0.271002,0.505599,0.641524,0.521935,0.886214,0.725441,0.73725
1086,0.601449,0.424027,0.287089,0.368834,0.331244,0.591413,0.74651,0.165497,0.235707,0.942962,0.734837,0.131993,0.965827,0.36404,0.035626,0.530485,0.943152,0.913185
1087,0.337853,0.631165,0.010842,0.61566,0.997705,0.318653,0.802429,0.322011,0.845994,0.420315,0.398184,0.43526,0.162014,0.713362,0.442798,0.334872,0.697068,0.135149
1088,0.296778,0.919859,0.171477,0.602587,0.303014,0.988974,0.692073,0.718193,0.173406,0.952935,0.454467,0.919024,0.817415,0.463125,0.848978,0.928718,0.373664,0.474941
1089,0.163259,0.154394,0.550236,0.557396,0.296383,0.991807,0.457529,0.336616,0.192038,0.072136,0.727367,0.267668,0.805708,0.62469,0.338594,0.09872,0.382225,0.631307
1090,0.75824,0.602021,0.306826,0.692897,0.640507,0.555515,0.597005,0.026586,0.917738,0.856339,0.1114,0.623524,0.408111,0.373106,0.990571,0.461202,0.226447,0.044109
1091,0.942085,0.875455,0.830288,0.823393,0.953605,0.641214,0.099349,0.862118,0.414533,0.85391,0.074534,0.379512,0.119435,0.241601,0.004972,0.126523,0.948386,0.154911
1092,0.368867,0.592385,0.809939,0.993377,0.958986,0.168567,0.44061,0.758538,0.186328,0.805286,0.779811,0.529615,0.66846,0.193821,0.876162,0.64275,0.335451,0.626609
1093,0.376223,0.327723,0.397065,0.763821,0.905745,0.116068,0.640458,0.808329,0.109341,0.205631,0.802882,0.511133,0.217584,0.393909,0.614555,0.05439,0.62673,0.250998
1094,0.29221,0.065847,0.714823,0.192447,0.170819,0.531337,0.442312,0.982733,0.833091,0.426659,0.638035,0.689,0.155026,0.127664,0.227353,0.186205,0.823496,0.730561
1095,0.174966,0.539644,0.824191,0.08088,0.185133,0.263555,0.266906,0.57652,0.986924,0.658241,0.230509,0.957434,0.530593,0.059106,0.960906,0.77038,0.823487,0.115715
1096,0.314486,0.517343,0.780795,0.749424,0.213569,0.926487,0.178707,0.414613,0.332858,0.52711,0.224454,0.726133,0.49595,0.637506,0.724313,0.450234,0.719225,0.191852
1097,0.821672,0.392313,0.946293,0.106761,0.635784,0.483839,0.748364,0.040925,0.130528,0.245787,0.836957,0.059524,0.156656,0.096554,0.14405,0.093596,0.721341,0.163193
1098,0.083373,0.341059,0.210784,0.144993,0.331693,0.695811,0.398728,0.610164,0.137578,0.70407,0.167362,0.349348,0.288257,0.68659,0.069394,0.119184,0.948825,0.254635
1099,0.819698,0.080213,0.598402,0.575324,0.260389,0.494436,0.637565,0.475947,0.937554,0.465085,0.014474,0.761687,0.008306,0.268999,0.806626,0.412848,0.906222,0.842683
1100,0.055042,0.349642,0.467235,0.141528,0.154264,0.314571,0.035155,0.34223,0.395396,0.938078,0.432873,0.68252,0.445323,0.919623,0.645875,0.10258,0.061042,0.556887
1101,0.53773,0.560391,0.003497,0.256748,0.339414,0.749733,0.357921,0.177025,0.826765,0.621343,0.979601,0.423159,0.294861,0.349129,0.915935,0.784559,0.304337,0.59905
1102,0.76652,0.955851,0.71757,0.019465,0.650203,0.104888,0.960351,0.282246,0.370615,0.59986,0.673359,0.320033,0.098192,0.168312,0.293413,0.552161,0.020163,0.901253
1103,0.339316,0.838531,0.087565,0.987239,0.097309,0.581845,0.176547,0.501976,0.673877,0.587338,0.282995,0.818402,0.903458,0.670122,0.690679,0.863037,0.048023,0.711652
1104,0.876258,0.334722,0.184771,0.760548,0.068831,0.334293,0.854077,0.133779,0.982622,0.38271,0.949567,0.009805,0.97228,0.286523,0.268674,0.957903,0.318569,0.489394
1105,0.762388,0.850888,0.749367,0.544546,0.836355,0.433411,0.492881,0.019926,0.773188,0.600997,0.576362,0.784548,0.051759,0.74179,0.333216,0.809991,0.809866,0.295599
1106,0.641098,0.428924,0.931719,0.236997,0.709498,0.028216,0.854657,0.353,0.16927,0.17042,0.748458,0.015279,0.353811,0.464516,0.408356,0.721257,0.585616,0.479006
1107,0.35963,0.309425,0.726847,0.719717,0.156393,0.480234,0.841937,0.481378,0.307908,0.613504,0.766429,0.084867,0.138636,0.166149,0.894531,0.610377,0.611879,0.13029
1108,0.136237,0.474579,0.883265,0.383025,0.325733,0.576301,0.385868,0.638691,0.292532,0.303587,0.935394,0.816376,0.273065,0.558345,0.8962,0.300746,0.013859,0.231515
1109,0.595196,0.340703,0.513812,0.475448,0.861499,0.671489,0.137317,0.089645,0.917483,0.746962,0.982463,0.262998,0.088425,0.546317,0.017486,0.812687,0.324988,0.296924
1110,0.204139,0.304121,0.486665,0.440165,0.067118,0.023126,0.825329,0.451694,0.304563,0.390046,0.073981,0.010379,0.018896,0.522073,0.178011,0.212538,0.930566,0.866748
1111,0.879231,0.813623,0.284381,0.104486,0.842978,0.269474,0.795974,0.765505,0.625324,0.77114,0.34913,0.832981,0.531808,0.847968,0.806495,0.662436,0.084392,0.414458
1112,0.879182,0.574407,0.068835,0.541647,0.514636,0.38139,0.636517,0.076551,0.363309,0.515026,0.577409,0.953918,0.836199,0.972513,0.691957,0.549312,0.917081,0.136118
1113,0.495011,0.973362,0.168072,0.559641,0.824255,0.625623,0.371175,0.191101,0.128966,0.88713,0.644626,0.919692,0.922643,0.721431,0.798585,0.531057,0.401502,0.616602
1114,0.689909,0.657439,0.223287,0.665692,0.951662,0.588394,0.07646,0.433495,0.306154,0.857695,0.669289,0.73077,0.145096,0.551001,0.546249,0.856113,0.881394,0.700352
1115,0.726977,0.971196,0.873248,0.306227,0.012955,0.271477,0.568897,0.759991,0.130363,0.117143,0.295421,0.870432,0.378986,0.607089,0.138459,0.87416,0.228686,0.042877
1116,0.343125,0.527851,0.002352,0.557721,0.883065,0.087128,0.870263,0.153161,0.167385,0.81656,0.086299,0.383384,0.19851,0.21877,0.837162,0.560735,0.189075,0.883804
1117,0.153565,0.570037,0.422108,0.149722,0.400017,0.304021,0.745835,0.166054,0.035724,0.272066,0.443277,0.436301,0.48782,0.580562,0.222904,0.888585,0.495835,0.03615
1118,0.428746,0.990149,0.971731,0.354274,0.437884,0.672383,0.181941,0.625856,0.354025,0.332823,0.142642,0.247455,0.335952,0.622864,0.951461,0.673241,0.266874,0.677124
1119,0.503394,0.868573,0.906758,0.204808,0.736032,0.53947,0.098466,0.150709,0.416789,0.050316,0.50307,0.682184,0.381093,0.578559,0.825483,0.971548,0.94658,0.875873
1120,0.693217,0.298793,0.111028,0.059837,0.891146,0.378376,0.287184,0.294578,0.674562,0.263109,0.214917,0.689988,0.693233,0.450656,0.452156,0.669301,0.057865,0.127176
1121,0.684215,0.379926,0.744138,0.748984,0.666753,0.277694,0.671396,0.298762,0.750436,0.554029,0.053162,0.280216,0.213325,0.75526,0.113035,0.286299,0.743227,0.556024
1122,0.055431,0.767304,0.872034,0.690786,0.066367,0.216159,0.119664,0.247995,0.216714,0.112669,0.359214,0.603364,0.531239,0.731553,0.032196,0.076207,0.261572,0.531055
1123,0.921988,0.533181,0.187662,0.903161,0.100258,0.70851,0.68757,0.088552,0.264261,0.569292,0.549806,0.033048,0.398218,0.12314,0.748189,0.127001,0.936601,0.92952
1124,0.205122,0.039751,0.251692,0.853009,0.453985,0.050277,0.418279,0.707465,0.8501,0.160815,0.3529,0.418219,0.302968,0.58359,0.613343,0.894037,0.509158,0.159496
1125,0.233673,0.982638,0.683665,0.857012,0.721364,0.550861,0.036677,0.73063,0.213857,0.446853,0.74179,0.947292,0.406002,0.726771,0.180558,0.929799,0.037525,0.239665
1126,0.089099,0.514401,0.757666,0.166869,0.744279,0.768142,0.449673,0.511463,0.225263,0.765728,0.703874,0.157386,0.76865,0.928641,0.094574,0.180663,0.297889,0.319744
1127,0.496066,0.221512,0.875581,0.231187,0.088508,0.787173,0.89663,0.164758,0.656885,0.413079,0.550748,0.41232,0.769432,0.740561,0.318568,0.699032,0.461653,0.296068
1128,0.924362,0.692077,0.397899,0.901363,0.504723,0.142842,0.568976,0.915493,0.391363,0.354389,0.342372,0.998968,0.368361,0.826786,0.679841,0.029181,0.836938,0.172807
1129,0.662654,0.81093,0.047861,0.644355,0.475346,0.508274,0.323297,0.548268,0.08765,0.134346,0.648355,0.202137,0.079067,0.272903,0.382413,0.301004,0.763406,0.892744
1130,0.49135,0.346094,0.976553,0.409105,0.060751,0.383201,0.53928,0.002351,0.725223,0.524258,0.145221,0.925634,0.088761,0.494273,0.162011,0.804685,0.74838,0.750717
1131,0.859281,0.71058,0.2588,0.309602,0.776436,0.928375,0.188433,0.848744,0.036449,0.83278,0.557892,0.686958,0.946284,0.776133,0.873448,0.674497,0.074008,0.85957
1132,0.949564,0.265423,0.769949,0.368,0.713163,0.246272,0.180236,0.913119,0.043485,0.133451,0.313417,0.561134,0.812679,0.31265,0.713162,0.734794,0.575996,0.831846
1133,0.561117,0.799342,0.919316,0.125248,0.037624,0.522679,0.632939,0.977349,0.6866,0.891162,0.098988,0.32594,0.926971,0.024711,0.876632,0.405086,0.397474,0.482171
1134,0.792993,0.470305,0.541187,0.856393,0.303959,0.788856,0.510747,0.1355,0.18897,0.074039,0.762279,0.787305,0.498175,0.412254,0.120986,0.718989,0.718444,0.804856
1135,0.982784,0.303274,0.523593,0.700636,0.622133,0.604621,0.241333,0.981304,0.929224,0.466703,0.778345,0.81129,0.200954,0.308811,0.446508,0.468578,0.347023,0.971578
1136,0.029411,0.013442,0.24033,0.238759,0.881996,0.619546,0.663384,0.290805,0.993326,0.373277,0.133827,0.194173,0.464538,0.307956,0.457502,0.80377,0.8,0.522698
1137,0.585085,0.340275,0.060954,0.99869,0.647543,0.151794,0.28614,0.340516,0.178968,0.969456,0.510942,0.728229,0.799154,0.540876,0.875668,0.221419,0.625957,0.304488
1138,0.688477,0.077628,0.110549,0.642084,0.167752,0.430817,0.107378,0.484173,0.902079,0.297366,0.932735,0.493575,0.604472,0.296471,0.025746,0.048718,0.073187,0.33881
1139,0.544462,0.381687,0.723541,0.439808,0.176397,0.839989,0.635523,0.408685,0.1018,0.592855,0.453324,0.735421,0.179324,0.903296,0.817427,0.036798,0.774615,0.900057
1140,0.303617,0.572782,0.19899,0.135317,0.751586,0.521662,0.494118,0.26131,0.706732,0.347594,0.912756,0.061239,0.085557,0.237857,0.743735,0.91553,0.524824,0.348791
1141,0.267185,0.700681,0.495604,0.713589,0.482756,0.147978,0.123166,0.673712,0.499604,0.497198,0.85422,0.035992,0.791358,0.026983,0.876546,0.622039,0.672832,0.515086
1142,0.885127,0.389929,0.518429,0.616482,0.591947,0.377713,0.836882,0.492546,0.361416,0.515218,0.579449,0.842196,0.554618,0.11221,0.37778,0.692806,0.915368,0.423273
1143,0.880739,0.599097,0.926824,0.233116,0.243473,0.068446,0.403467,0.457118,0.527987,0.98127,0.476078,0.020711,0.955809,0.199162,0.993702,0.428104,0.986857,0.157773
1144,0.137642,0.490684,0.540407,0.407899,0.895973,0.614558,0.647502,0.563269,0.567844,0.687317,0.464542,0.607526,0.783293,0.239717,0.269411,0.434703,0.444226,0.345381
1145,0.744316,0.766436,0.615519,0.050304,0.534335,0.989421,0.787688,0.243707,0.888445,0.468005,0.023263,0.163412,0.496129,0.748605,0.633011,0.439588,0.117615,0.984785
1146,0.699097,0.587743,0.811214,0.617293,0.285199,0.135622,0.560775,0.386221,0.559036,0.755974,0.99561,0.996346,0.30021,0.019949,0.842144,0.434499,0.851764,0.631071
1147,0.461922,0.437836,0.30127,0.666899,0.117595,0.121417,0.44057,0.297244,0.344551,0.879457,0.751946,0.985358,0.602685,0.678008,0.645877,0.788195,0.08571,0.971489
1148,0.397509,0.638509,0.687634,0.300303,0.28266,0.964161,0.076566,0.818617,0.348558,0.884722,0.672433,0.344082,0.543598,0.608786,0.527144,0.013968,0.712036,0.188044
1149,0.324066,0.290963,0.098049,0.665001,0.365737,0.937474,0.636268,0.633361,0.314679,0.084623,0.464211,0.717269,0.193079,0.189748,0.396059,0.224655,0.645269,0.9029
1150,0.717386,0.908826,0.071005,0.842523,0.973498,0.748514,0.792814,0.181244,0.596646,0.058364,0.125679,0.810742,0.560614,0.895347,0.71326,0.557523,0.359948,0.30837
1151,0.452473,0.903376,0.969029,0.103527,0.546377,0.399857,0.229361,0.761519,0.052266,0.871759,0.558033,0.629238,0.197986,0.546495,0.584123,0.898423,0.181394,0.341551
1152,0.677752,0.233432,0.315862,0.758937,0.015582,0.728809,0.142615,0.710849,0.769925,0.716233,0.145775,0.957901,0.493205,0.478172,0.237518,0.813394,0.797815,0.460569
1153,0.698947,0.706067,0.458044,0.890592,0.913755,0.343864,0.100032,0.89869,0.391015,0.835795,0.428446,0.056783,0.501549,0.036277,0.610312,0.695982,0.965915,0.737119
1154,0.981195,0.1308,0.152786,0.223781,0.801442,0.778443,0.510404,0.447328,0.398146,0.940858,0.920642,0.025025,0.795447,0.696731,0.645999,0.481414,0.147647,0.06676
1155,0.683542,0.63641,0.304052,0.470139,0.748364,0.707703,0.949269,0.571171,0.85308,0.13984,0.246864,0.202074,0.173275,0.01536,0.42755,0.171489,0.430546,0.176227
1156,0.078877,0.996818,0.9019,0.054546,0.894568,0.328149,0.372447,0.130579,0.217003,0.561277,0.550056,0.242742,0.470311,0.225632,0.744223,0.831874,0.063625,0.228112
1157,0.221671,0.667159,0.932313,0.024339,0.714561,0.867922,0.701779,0.703273,0.387653,0.694924,0.938332,0.677912,0.887551,0.336707,0.555727,0.592479,0.931726,0.108813
1158,0.588716,0.526004,0.623907,0.735562,0.985539,0.749584,0.610596,0.378404,0.318504,0.896515,0.648336,0.519385,0.324516,0.49322,0.746997,0.644511,0.851984,0.92936
1159,0.024884,0.344702,0.203801,0.394089,0.523904,0.049797,0.342559,0.70501,0.655164,0.094341,0.139655,0.451144,0.948742,0.899525,0.98381,0.383731,0.534688,0.959862
1160,0.453482,0.991105,0.955961,0.821226,0.413652,0.42782,0.086456,0.91763,0.512457,0.131801,0.275719,0.448402,0.180819,0.096694,0.711042,0.152697,0.281011,0.568881
1161,0.306041,0.377679,0.782557,0.645114,0.372968,0.596158,0.178286,0.663839,0.124419,0.54751,0.306349,0.75048,0.125193,0.103167,0.871293,0.235681,0.117996,0.230038
1162,0.178936,0.383318,0.098524,0.869195,0.294029,0.60064,0.111373,0.809875,0.003356,0.252517,0.357248,0.886234,0.439403,0.587441,0.01483,0.650788,0.17273,0.2557
1163,0.045615,0.499044,0.68339,0.24293,0.612547,0.918202,0.660218,0.223132,0.22043,0.938128,0.552293,0.068268,0.71589,0.927701,0.463585,0.833998,0.368293,0.351724
1164,0.016809,0.759911,0.413473,0.39367,0.025028,0.225698,0.594167,0.604703,0.784748,0.638914,0.14527,0.615778,0.134472,0.458046,0.271009,0.104227,0.539298,0.772296
1165,0.169895,0.107079,0.035468,0.535798,0.357279,0.536599,0.852277,0.950453,0.222708,0.336776,0.367734,0.480057,0.341732,0.436011,0.86916,0.414962,0.783961,0.424533
1166,0.938447,0.2689,0.247175,0.639801,0.14019,0.246401,0.841114,0.318825,0.574751,0.389162,0.856041,0.420434,0.79533,0.626265,0.488118,0.484781,0.878235,0.262314
1167,0.327369,0.578113,0.54713,0.545218,0.144239,0.723643,0.761916,0.575034,0.539932,0.809038,0.241625,0.633723,0.279468,0.706561,0.955321,0.415168,0.937867,0.857339
1168,0.937359,0.187642,0.573803,0.516057,0.647463,0.158572,0.237069,0.412602,0.661342,0.481737,0.092646,0.39493,0.118291,0.109236,0.049551,0.304473,0.750363,0.24964
1169,0.098203,0.527729,0.965038,0.936202,0.976668,0.654899,0.125489,0.234682,0.247218,0.433836,0.392718,0.724911,0.652052,0.694218,0.106907,0.598748,0.213382,0.123358
1170,0.604016,0.646938,0.466837,0.368297,0.716369,0.330129,0.591359,0.281093,0.335798,0.113193,0.155909,0.111168,0.961366,0.88411,0.17663,0.571825,0.496786,0.883701
1171,0.528992,0.238668,0.345314,0.657657,0.422636,0.640663,0.753366,0.212462,0.767819,0.953669,0.370657,0.481377,0.787328,0.160249,0.269394,0.801201,0.787355,0.851146
1172,0.634788,0.273829,0.887722,0.904058,0.256715,0.530408,0.854394,0.833444,0.252832,0.283871,0.23587,0.825109,0.924347,0.112367,0.548848,0.056316,0.589428,0.614022
1173,0.847481,0.649344,0.511035,0.312918,0.901742,0.94925,0.191585,0.110108,0.486978,0.266225,0.251053,0.436042,0.438256,0.897465,0.941116,0.683029,0.310855,0.60056
1174,0.38989,0.431235,0.545325,0.325258,0.731862,0.241017,0.497617,0.037654,0.513481,0.215701,0.14917,0.668097,0.286417,0.790504,0.13783,0.232887,0.219575,0.759733
1175,0.665328,0.374367,0.196234,0.502509,0.664831,0.723304,0.737568,0.726521,0.454275,0.069839,0.028728,0.216655,0.967633,0.175244,0.332146,0.381861,0.161317,0.791798
1176,0.211303,0.928926,0.784236,0.937849,0.502779,0.441189,0.19674,0.631561,0.165385,0.494942,0.30342,0.373883,0.352214,0.392198,0.164039,0.33535,0.923314,0.811906
1177,0.785785,0.624488,0.781572,0.649241,0.431592,0.931978,0.569745,0.635373,0.32912,0.582465,0.100527,0.991737,0.019789,0.056911,0.738276,0.070622,0.230335,0.737376
1178,0.534462,0.221357,0.557177,0.80622,0.462427,0.595342,0.689405,0.416316,0.956914,0.225774,0.375401,0.76307,0.253676,0.426788,0.058442,0.470979,0.690466,0.238776
1179,0.080375,0.219177,0.370622,0.179811,0.610943,0.927926,0.991413,0.137265,0.615221,0.051778,0.895745,0.994982,0.449463,0.785576,0.508789,0.372426,0.759041,0.158657
1180,0.292989,0.592717,0.577834,0.770906,0.570946,0.942403,0.656717,0.444882,0.95424,0.026734,0.293521,0.881817,0.526714,0.429525,0.289983,0.138056,0.620894,0.505451
1181,0.134821,0.571666,0.822344,0.625091,0.801805,0.926121,0.106015,0.750263,0.600878,0.818846,0.486728,0.682244,0.731176,0.834352,0.284266,0.318469,0.120633,0.449617
1182,0.745204,0.175226,0.677,0.210256,0.754552,0.604094,0.813393,0.687582,0.76218,0.298229,0.277323,0.843901,0.9218,0.403513,0.921934,0.949061,0.381898,0.340285
1183,0.403808,0.102954,0.895544,0.895436,0.877917,0.894327,0.219222,0.410486,0.671016,0.369522,0.741379,0.504224,0.860809,0.348791,0.105999,0.589964,0.921556,0.948872
1184,0.523349,0.292228,0.434214,0.003436,0.164333,0.759231,0.264183,0.171758,0.336662,0.741027,0.022475,0.094366,0.274633,0.959355,0.206827,0.371808,0.155717,0.413727
1185,0.60949,0.909271,0.653016,0.085777,0.826992,0.017529,0.448218,0.25489,0.41466,0.307561,0.988388,0.627474,0.269279,0.230792,0.056699,0.492342,0.059495,0.941713
1186,0.372781,0.791708,0.571444,0.483799,0.80703,0.876022,0.902112,0.897303,0.194277,0.099012,0.688475,0.662186,0.764046,0.191251,0.539995,0.702327,0.805968,0.636874
1187,0.985958,0.899582,0.653412,0.3954,0.984965,0.599811,0.983291,0.247178,0.551389,0.687545,0.113353,0.851068,0.867371,0.042186,0.244153,0.13704,0.801018,0.011673
1188,0.752972,0.662739,0.49425,0.931326,0.373375,0.398939,0.829807,0.713448,0.523851,0.742017,0.479534,0.052631,0.590731,0.130627,0.497937,0.709871,0.479372,0.798467
1189,0.648497,0.810431,0.556495,0.299855,0.689886,0.089433,0.940221,0.951628,0.084656,0.440618,0.27334,0.657283,0.47898,0.326756,0.088923,0.997201,0.542102,0.445447
1190,0.152048,0.977516,0.412534,0.420393,0.842931,0.281843,0.324431,0.108306,0.820006,0.683256,0.379222,0.002949,0.480254,0.982998,0.323047,0.070481,0.300469,0.475264
1191,0.370987,0.790428,0.534428,0.41255,0.407397,0.119363,0.103866,0.860234,0.625014,0.07232,0.850825,0.172078,0.657699,0.75114,0.245333,0.257378,0.667271,0.912344
1192,0.379155,0.25796,0.276113,0.239443,0.978279,0.36334,0.116261,0.231188,0.260472,0.062246,0.444062,0.690196,0.324767,0.12965,0.894189,0.413114,0.678503,0.781537
1193,0.703743,0.058376,0.900495,0.172105,0.171003,0.633484,0.711586,0.179053,0.00044,0.635655,0.428915,0.721545,0.628058,0.349081,0.474822,0.646226,0.819027,0.560702
1194,0.08137,0.790472,0.328022,0.425643,0.03362,0.671518,0.795429,0.02841,0.914948,0.686706,0.559794,0.679849,0.140425,0.498006,0.407,0.709033,0.799783,0.493462
1195,0.13996,0.948061,0.87225,0.625697,0.921312,0.328581,0.469166,0.513174,0.200851,0.145652,0.451984,0.7202,0.899806,0.207146,0.820559,0.558891,0.542602,0.148577
1196,0.794113,0.32004,0.823749,0.684489,0.047903,0.553231,0.597039,0.232176,0.265162,0.287597,0.855025,0.879714,0.379591,0.256382,0.253805,0.83346,0.590355,0.672168
1197,0.382359,0.638747,0.710345,0.844855,0.128553,0.970956,0.332782,0.851946,0.965866,0.288462,0.825949,0.510198,0.415128,0.354696,0.647553,0.428215,0.374156,0.864541
1198,0.299412,0.220849,0.61704,0.507142,0.125015,0.554499,0.314001,0.78366,0.817259,0.610296,0.513358,0.092131,0.295043,0.11247,0.698073,0.519343,0.125843,0.270542
1199,0.105051,0.636006,0.798976,0.230357,0.694409,0.237843,0.684151,0.266124,0.595302,0.078046,0.888848,0.972292,0.245462,0.39884,0.933522,0.31947,0.888457,0.374791
1200,0.084603,0.071331,0.738237,0.964232,0.774665,0.858179,0.62274,0.8003,0.465839,0.667116,0.5205,0.395639,0.819594,0.389004,0.018129,0.106832,0.523276,0.718941
1201,0.418974,0.12932,0.537909,0.557087,0.916044,0.132021,0.087359,0.500915,0.652079,0.595759,0.625027,0.225331,0.148802,0.503609,0.523424,0.336531,0.533271,0.476051
1202,0.459975,0.828874,0.030032,0.224312,0.277181,0.688938,0.895151,0.657314,0.130815,0.452816,0.073937,0.078897,0.768852,0.726054,0.554458,0.984861,0.212527,0.374533
1203,0.969912,0.615472,0.453495,0.227332,0.397645,0.63499,0.149026,0.410595,0.157481,0.788424,0.761225,0.642955,0.662668,0.881005,0.295327,0.101854,0.341713,0.185076
1204,0.664419,0.719367,0.332819,0.095134,0.314945,0.583763,0.719766,0.218323,0.924355,0.354352,0.087759,0.624659,0.708162,0.280577,0.891738,0.483144,0.754785,0.847338
1205,0.222041,0.370301,0.973778,0.687749,0.134311,0.689534,0.818572,0.166342,0.092154,0.519828,0.290371,0.865223,0.046941,0.650707,0.41468,0.138251,0.998966,0.95881
1206,0.68325,0.866271,0.35652,0.484984,0.791328,0.638342,0.256111,0.111163,0.430032,0.41949,0.37845,0.84946,0.817741,0.930505,0.227043,0.292527,0.603432,0.387364
1207,0.01279,0.296558,0.668185,0.732413,0.06462,0.64413,0.601016,0.226357,0.546345,0.874005,0.556344,0.29256,0.847692,0.254756,0.497154,0.539798,0.442198,0.662558
1208,0.744559,0.137284,0.263891,0.186451,0.760742,0.108921,0.201752,0.564326,0.442697,0.956712,0.681714,0.954622,0.182102,0.797555,0.989404,0.880391,0.288488,0.776295
1209,0.312702,0.164454,0.967874,0.683919,0.98452,0.118619,0.748801,0.65987,0.876865,0.443319,0.798758,0.304535,0.953479,0.649484,0.312672,0.052473,0.49565,0.379441
1210,0.679449,0.140373,0.975353,0.016377,0.733168,0.156577,0.437861,0.175369,0.553671,0.309481,0.516506,0.800176,0.124008,0.112654,0.588508,0.192629,0.938985,0.247498
1211,0.955372,0.698557,0.568957,0.350009,0.302636,0.002407,0.34188,0.652991,0.414637,0.904354,0.271204,0.274096,0.195185,0.953523,0.920082,0.116025,0.275393,0.451931
1212,0.989086,0.993225,0.994489,0.826094,0.817384,0.645912,0.117212,0.450508,0.471675,0.874742,0.528896,0.380891,0.535249,0.890022,0.604139,0.595377,0.740882,0.985318
1213,0.555025,0.528305,0.389538,0.273516,0.87029,0.418898,0.208697,0.360708,0.589433,0.236415,0.885214,0.106525,0.848936,0.071803,0.068651,0.2811,0.003877,0.714551
1214,0.069822,0.267802,0.022668,0.402245,0.808332,0.299671,0.192859,0.060127,0.159584,0.847987,0.468302,0.912226,0.711249,0.00724,0.770486,0.955508,0.579336,0.464494
1215,0.06177,0.023724,0.927811,0.477551,0.943146,0.194647,0.187113,0.040152,0.667011,0.795747,0.023964,0.341794,0.076343,0.884773,0.792186,0.021646,0.47941,0.00404
1216,0.271256,0.784165,0.259187,0.000694,0.809731,0.098128,0.827384,0.568475,0.476348,0.126082,0.488607,0.323806,0.438672,0.885081,0.049032,0.754419,0.807932,0.539088
1217,0.094245,0.180029,0.554037,0.179689,0.291124,0.063607,0.541814,0.134365,0.031316,0.129024,0.642176,0.599417,0.71783,0.04137,0.437378,0.07344,0.788365,0.933388
1218,0.287861,0.700283,0.923839,0.553924,0.872982,0.243792,0.491332,0.621155,0.039644,0.632195,0.885931,0.801577,0.955977,0.981659,0.893702,0.423938,0.075118,0.532465
1219,0.885601,0.273261,0.239252,0.453082,0.990381,0.97813,0.835366,0.38477,0.222678,0.685944,0.877137,0.42161,0.63624,0.876548,0.807142,0.278967,0.851493,0.049468
1220,0.307438,0.776121,0.534751,0.104451,0.716634,0.897121,0.450745,0.473882,0.040555,0.222425,0.741573,0.963546,0.20957,0.832279,0.536031,0.688836,0.72951,0.697104
1221,0.329392,0.625616,0.54788,0.610554,0.928541,0.978809,0.131516,0.473887,0.300372,0.926439,0.131533,0.712002,0.89411,0.915268,0.617549,0.314121,0.991413,0.669674
1222,0.831024,0.440029,0.548579,0.8928,0.910067,0.74366,0.592362,0.653039,0.598364,0.432701,0.325594,0.799241,0.354846,0.002853,0.147179,0.294428,0.017999,0.043701
1223,0.760938,0.264033,0.620947,0.381728,0.082035,0.539769,0.1661,0.546402,0.059279,0.433672,0.643835,0.125836,0.999943,0.039464,0.461107,0.276828,0.629994,0.917557
1224,0.322642,0.58888,0.426346,0.508315,0.220313,0.745844,0.613189,0.108226,0.214774,0.249898,0.769784,0.764927,0.707244,0.600313,0.584686,0.989102,0.783153,0.890237
1225,0.502371,0.6941,0.452807,0.923712,0.484575,0.877624,0.913508,0.405445,0.776625,0.588571,0.743994,0.931281,0.748967,0.687378,0.867224,0.313802,0.218228,0.726807
1226,0.56011,0.035752,0.681056,0.641562,0.996466,0.606074,0.246191,0.247697,0.240164,0.972039,0.901601,0.606925,0.287588,0.199461,0.33127,0.57416,0.559228,0.492266
1227,0.722885,0.30621,0.942442,0.826795,0.340715,0.132951,0.627126,0.583094,0.926157,0.129438,0.917262,0.840294,0.470734,0.391277,0.626404,0.282664,0.906923,0.272726
1228,0.133946,0.757078,0.918667,0.38689,0.680575,0.446021,0.744255,0.024089,0.296605,0.073589,0.838021,0.313949,0.540849,0.593986,0.521459,0.762275,0.355613,0.254769
1229,0.753477,0.267793,0.351164,0.647899,0.503572,0.993037,0.974861,0.886837,0.713796,0.869449,0.402323,0.771827,0.270928,0.280246,0.828705,0.602859,0.247388,0.45815
1230,0.097078,0.727056,0.302838,0.145245,0.13314,0.080278,0.84039,0.247876,0.768883,0.071886,0.329569,0.252057,0.960536,0.765483,0.099266,0.071716,0.75566,0.175542
1231,0.587111,0.406756,0.509945,0.39434,0.73642,0.787691,0.519069,0.30271,0.108187,0.420391,0.938218,0.821216,0.281869,0.711179,0.101092,0.267556,0.379626,0.791352
1232,0.945205,0.684747,0.810041,0.508293,0.183477,0.058214,0.198866,0.841303,0.012101,0.716957,0.340288,0.64025,0.88148,0.749417,0.82386,0.629749,0.270282,0.876893
1233,0.171446,0.923165,0.748676,0.356694,0.545747,0.185402,0.619494,0.588739,0.966773,0.277315,0.320086,0.434665,0.352597,0.239941,0.444127,0.159464,0.037567,0.17261
1234,0.774564,0.166975,0.134309,0.434725,0.423882,0.604393,0.726843,0.36021,0.273029,0.92016,0.61343,0.174887,0.899068,0.893458,0.740442,0.739842,0.942696,0.368809
1235,0.391391,0.924213,0.94606,0.664869,0.45928,0.288759,0.49642,0.699358,0.351064,0.952619,0.905691,0.067733,0.743805,0.893935,0.75923,0.220403,0.87945,0.456885
1236,0.233012,0.889862,0.430118,0.418281,0.56893,0.399613,0.397056,0.476577,0.265468,0.301214,0.786187,0.547621,0.954238,0.627134,0.316219,0.558803,0.599769,0.787119
1237,0.513689,0.509617,0.269866,0.690367,0.430216,0.236586,0.472577,0.136254,0.468767,0.001136,0.814506,0.744763,0.923112,0.354635,0.245751,0.307042,0.722882,0.197978
1238,0.190553,0.045318,0.605943,0.605812,0.405303,0.96995,0.29933,0.726175,0.91286,0.110169,0.069716,0.454788,0.78602,0.48466,0.557829,0.922634,0.896711,0.637212
1239,0.445207,0.808285,0.380871,0.041826,0.007655,0.586602,0.485067,0.36964,0.882103,0.301358,0.096139,0.67357,0.573106,0.814754,0.63864,0.463388,0.536594,0.675406
1240,0.585943,0.590774,0.745031,0.499533,0.318315,0.334414,0.434656,0.076719,0.322453,0.672715,0.332907,0.910786,0.595846,0.316209,0.562021,0.679809,0.16005,0.530852
1241,0.770789,0.313486,0.762452,0.096408,0.400459,0.435136,0.392681,0.524122,0.832571,0.427338,0.218597,0.525917,0.894012,0.559483,0.601284,0.961103,0.588322,0.353352
1242,0.813973,0.042478,0.861996,0.689561,0.997787,0.086134,0.031871,0.615735,0.752737,0.930192,0.940029,0.268634,0.118279,0.665509,0.973881,0.520697,0.0032,0.914539
1243,0.888384,0.386688,0.800135,0.288632,0.057737,0.434639,0.326375,0.20667,0.687658,0.10492,0.896953,0.778779,0.331359,0.61592,0.606086,0.542773,0.402734,0.296026
1244,0.486126,0.073714,0.996443,0.99204,0.154123,0.864596,0.876752,0.545802,0.872173,0.377693,0.914887,0.890761,0.336037,0.633294,0.482513,0.691593,0.008208,0.289185
1245,0.91448,0.447952,0.23289,0.554734,0.15465,0.353879,0.565542,0.251314,0.035575,0.630246,0.488675,0.418144,0.537256,0.765519,0.554609,0.890036,0.240818,0.758589
1246,0.896146,0.064999,0.55508,0.124428,0.506509,0.378753,0.953703,0.55567,0.626728,0.261962,0.543998,0.281344,0.349679,0.899194,0.01298,0.556952,0.439005,0.215492
1247,0.488706,0.663199,0.428677,0.885252,0.549135,0.324954,0.138236,0.906037,0.51713,0.751419,0.478965,0.070839,0.926535,0.617263,0.439865,0.082702,0.952159,0.22378
1248,0.109524,0.623342,0.812843,0.14193,0.134738,0.412227,0.833008,0.846966,0.196774,0.065606,0.099951,0.78634,0.064622,0.375286,0.063754,0.044008,0.661069,0.685451
1249,0.364662,0.231602,0.694839,0.309514,0.784108,0.806,0.94783,0.258248,0.039498,0.170437,0.459653,0.419705,0.993901,0.380392,0.485137,0.012435,0.390786,0.311693
1250,0.745808,0.629966,0.485316,0.2476,0.839638,0.0473,0.568678,0.296998,0.239731,0.399859,0.547558,0.988418,0.641417,0.485303,0.751421,0.956207,0.612903,0.685683
1251,0.560416,0.174878,0.714317,0.105214,0.361674,0.100179,0.368855,0.081599,0.596449,0.120501,0.845506,0.75321,0.834716,0.420624,0.489883,0.438344,0.904242,0.938713
1252,0.187257,0.127747,0.472341,0.757941,0.80566,0.977591,0.63676,0.197255,0.518978,0.829218,0.895351,0.63372,0.230923,0.098505,0.760518,0.889173,0.596912,0.140524
1253,0.861156,0.358991,0.933432,0.687538,0.151876,0.925401,0.567765,0.517008,0.429574,0.628954,0.714064,0.246154,0.350818,0.571594,0.507296,0.087725,0.888559,0.343308
1254,0.645915,0.180926,0.453966,0.714003,0.679879,0.298158,0.876862,0.466763,0.792123,0.021824,0.295534,0.764419,0.741878,0.458456,0.269967,0.023505,0.873463,0.552905
1255,0.128471,0.465787,0.343917,0.304892,0.596133,0.812909,0.816687,0.490435,0.155232,0.206513,0.270842,0.841748,0.805716,0.542141,0.250955,0.936854,0.803349,0.71716
1256,0.820109,0.566923,0.493194,0.458333,0.256733,0.351652,0.385829,0.594275,0.557501,0.530376,0.894375,0.522687,0.668226,0.300868,0.811378,0.090078,0.628906,0.878319
1257,0.514635,0.463195,0.434076,0.254346,0.871413,0.966982,0.796314,0.538343,0.912476,0.788109,0.000495,0.454936,0.567673,0.262649,0.074287,0.712473,0.102522,0.724647
1258,0.357543,0.538867,0.481404,0.458647,0.536519,0.214344,0.354291,0.558192,0.628852,0.647113,0.699733,0.098268,0.216244,0.607979,0.470531,0.921351,0.438623,0.342397
1259,0.523665,0.847764,0.725717,0.565802,0.56202,0.104594,0.457045,0.651975,0.288464,0.978881,0.917314,0.719239,0.319527,0.199812,0.729817,0.863419,0.644721,0.137868
1260,0.540216,0.988788,0.442103,0.915225,0.100025,0.395214,0.229875,0.527201,0.12349,0.519442,0.617826,0.142148,0.80056,0.875641,0.446605,0.914399,0.344743,0.048106
1261,0.978055,0.073377,0.502199,0.058903,0.142312,0.483247,0.438468,0.651935,0.742219,0.734024,0.656663,0.745555,0.131261,0.761243,0.104885,0.420989,0.210344,0.859429
1262,0.684579,0.612591,0.071881,0.031526,0.957741,0.733393,0.386923,0.53973,0.18751,0.839827,0.797033,0.147512,0.58316,0.658672,0.753527,0.667275,0.959956,0.231202
1263,0.273667,0.021478,0.761307,0.028058,0.761576,0.86623,0.230321,0.684573,0.130829,0.097344,0.687067,0.146303,0.90333,0.977577,0.273674,0.419396,0.482085,0.576903
1264,0.417048,0.521288,0.964507,0.115566,0.735471,0.553342,0.465293,0.633264,0.352209,0.471797,0.075522,0.912267,0.27357,0.141769,0.810803,0.230129,0.883946,0.54649
1265,0.111885,0.401812,0.701183,0.744109,0.345958,0.753006,0.454237,0.35256,0.148757,0.27823,0.671273,0.382588,0.443674,0.711445,0.284961,0.872893,0.443069,0.175508
1266,0.354941,0.0086,0.870652,0.305663,0.719021,0.650697,0.643738,0.758362,0.882657,0.704727,0.799848,0.922616,0.349105,0.19838,0.245656,0.962401,0.659722,0.810131
1267,0.807372,0.93374,0.32133,0.41415,0.33845,0.555093,0.498497,0.227177,0.012357,0.227321,0.913775,0.508285,0.859463,0.510894,0.953139,0.224305,0.911221,0.904654
1268,0.404269,0.391619,0.91185,0.997607,0.156933,0.295917,0.236176,0.187208,0.06262,0.918217,0.116877,0.533835,0.150977,0.833864,0.825839,0.734792,0.894339,0.408181
1269,0.809618,0.508757,0.088058,0.174314,0.481256,0.208284,0.400792,0.784785,0.339761,0.693703,0.358206,0.515743,0.366375,0.263754,0.457848,0.534379,0.54511,0.728485
1270,0.314907,0.763874,0.988855,0.212577,0.987077,0.082228,0.211397,0.859895,0.501148,0.947504,0.611845,0.115369,0.618254,0.6397,0.007194,0.322585,0.313569,0.438284
1271,0.623007,0.590051,0.898842,0.660387,0.478202,0.943904,0.713942,0.458032,0.926041,0.089399,0.987795,0.875409,0.57745,0.830407,0.023582,0.351888,0.459879,0.530854
1272,0.073523,0.861783,0.996707,0.778461,0.220867,0.963593,0.911491,0.370881,0.839335,0.149544,0.894016,0.13235,0.35582,0.326127,0.50581,0.293559,0.997572,0.389606
1273,0.133609,0.064422,0.356156,0.334761,0.016193,0.647949,0.882636,0.96567,0.28923,0.554237,0.552913,0.823918,0.527359,0.807549,0.149483,0.535808,0.082379,0.67408
1274,0.408804,0.028457,0.03611,0.854538,0.993981,0.040156,0.744018,0.032994,0.646098,0.514887,0.343733,0.167323,0.961315,0.660578,0.891257,0.441095,0.578124,0.12796
1275,0.916767,0.184112,0.776573,0.906672,0.182637,0.774793,0.498318,0.589824,0.801065,0.485018,0.910014,0.511378,0.525376,0.500966,0.494478,0.956539,0.236462,0.553657
1276,0.711988,0.62764,0.132767,0.601146,0.501568,0.151767,0.545565,0.557191,0.8579,0.320802,0.470536,0.137837,0.673499,0.85371,0.302226,0.43933,0.803084,0.220074
1277,0.220358,0.619714,0.748472,0.315473,0.140149,0.977076,0.926406,0.512325,0.650179,0.384026,0.755525,0.439857,0.143136,0.695874,0.516994,0.807616,0.901299,0.116782
1278,0.297527,0.182859,0.376551,0.144066,0.431245,0.038788,0.985496,0.405197,0.816986,0.84993,0.46058,0.420545,0.556368,0.187398,0.814227,0.337555,0.868348,0.260097
1279,0.044853,0.055315,0.148787,0.586653,0.862868,0.734617,0.540788,0.92948,0.045439,0.943073,0.601974,0.737869,0.901099,0.294014,0.744161,0.127304,0.62854,0.430676
1280,0.641401,0.536998,0.31585,0.128855,0.273861,0.826039,0.558521,0.713728,0.591795,0.861377,0.226157,0.132601,0.781418,0.555493,0.809651,0.882728,0.168941,0.267625
1281,0.947233,0.902608,0.097229,0.880058,0.539852,0.014679,0.506719,0.999021,0.419264,0.309051,0.720978,0.366018,0.613761,0.603013,0.765373,0.588782,0.165107,0.375964
1282,0.642256,0.18492,0.495697,0.755771,0.032688,0.071898,0.155338,0.600821,0.259942,0.997899,0.431144,0.804815,0.976384,0.327435,0.779604,0.284772,0.554036,0.017051
1283,0.755455,0.428183,0.279524,0.694763,0.550178,0.207666,0.779077,0.130116,0.073059,0.637603,0.837857,0.226584,0.485769,0.983034,0.02064,0.579483,0.214535,0.236003
1284,0.37977,0.835941,0.25553,0.333238,0.687522,0.890254,0.277657,0.720382,0.564801,0.407733,0.023206,0.035074,0.379327,0.098995,0.811851,0.85569,0.408263,0.48929
1285,0.780062,0.815713,0.004053,0.590608,0.296977,0.487228,0.343156,0.60684,0.303848,0.552103,0.629201,0.798647,0.663106,0.782324,0.322549,0.033578,0.296899,0.256976
1286,0.489663,0.617291,0.76167,0.922701,0.981887,0.718967,0.534308,0.917889,0.853239,0.058642,0.808062,0.379347,0.929997,0.806288,0.863241,0.569834,0.82585,0.676877
1287,0.71026,0.746974,0.793093,0.817569,0.40065,0.420207,0.353278,0.602592,0.351393,0.967527,0.149433,0.858542,0.107257,0.512956,0.296202,0.743275,0.362118,0.516247
1288,0.258679,0.432244,0.552182,0.812053,0.260795,0.351036,0.250505,0.369307,0.083351,0.146604,0.829075,0.746463,0.344814,0.580406,0.246174,0.42091,0.49152,0.383493
1289,0.704721,0.749529,0.580324,0.522056,0.382201,0.902229,0.156036,0.086073,0.872023,0.329522,0.200454,0.733029,0.850302,0.317405,0.58163,0.853136,0.475298,0.29611
1290,0.233728,0.129874,0.749324,0.951052,0.679946,0.970994,0.5657,0.649248,0.572002,0.926947,0.398558,0.442051,0.10333,0.292469,0.375636,0.158164,0.472867,0.359368
1291,0.335794,0.115096,0.968416,0.489695,0.694562,0.848496,0.362591,0.98859,0.266807,0.410413,0.756501,0.121748,0.010164,0.591578,0.769289,0.149978,0.290452,0.922794
1292,0.284446,0.555562,0.83223,0.969605,0.838078,0.61116,0.783411,0.910308,0.383011,0.026827,0.440878,0.634877,0.660315,0.46864,0.301874,0.46227,0.552359,0.367698
1293,0.437923,0.809254,0.552936,0.948677,0.969303,0.530369,0.935204,0.290529,0.142412,0.17896,0.93061,0.516944,0.811633,0.892705,0.702278,0.170129,0.473109,0.899466
1294,0.215468,0.909278,0.944674,0.312137,0.665619,0.3287,0.789048,0.825474,0.584957,0.041578,0.373276,0.326112,0.986942,0.437369,0.307647,0.173822,0.421973,0.700666
1295,0.604133,0.460165,0.662538,0.188512,0.692416,0.421442,0.572683,0.931766,0.11568,0.867815,0.027047,0.174118,0.749271,0.315893,0.766298,0.548495,0.525709,0.158916
1296,0.645623,0.543894,0.361609,0.910929,0.983877,0.203063,0.459395,0.407232,0.717655,0.880881,0.425609,0.324078,0.353283,0.320364,0.316977,0.798337,0.030867,0.777809
1297,0.227739,0.990915,0.707961,0.327135,0.364315,0.375958,0.899285,0.822852,0.236081,0.614464,0.109765,0.633794,0.587813,0.058635,0.930582,0.678938,0.083617,0.219042
1298,0.771719,0.902164,0.696869,0.53694,0.984847,0.424431,0.943124,0.942722,0.94606,0.957816,0.920584,0.738901,0.932478,0.838541,0.160357,0.907862,0.317762,0.564482
1299,0.664104,0.497757,0.960017,0.216196,0.241804,0.704171,0.377481,0.352149,0.472618,0.209068,0.708413,0.834796,0.982671,0.656698,0.045047,0.69299,0.898845,0.308539
1300,0.958236,0.311701,0.519383,0.063954,0.805856,0.727996,0.530022,0.010727,0.190144,0.709789,0.248017,0.871478,0.579067,0.667625,0.094354,0.760323,0.161976,0.662993
1301,0.865608,0.26388,0.460311,0.195696,0.361267,0.257009,0.363577,0.615852,0.418217,0.648203,0.043582,0.507976,0.630192,0.147214,0.613504,0.979521,0.398124,0.155595
1302,0.946658,0.345353,0.01686,0.775148,0.555379,0.963751,0.166691,0.264985,0.109488,0.16402,0.565667,0.398868,0.64909,0.713472,0.209344,0.880366,0.411903,0.290045
1303,0.921905,0.054016,0.543729,0.629295,0.135747,0.20799,0.43628,0.042228,0.87701,0.764192,0.512176,0.594532,0.299057,0.092501,0.907656,0.500288,0.914684,0.570847
1304,0.906116,0.140955,0.273878,0.308885,0.56966,0.902144,0.938883,0.485571,0.622518,0.405368,0.119002,0.172497,0.911053,0.018111,0.637247,0.432775,0.943257,0.723584
1305,0.983727,0.505987,0.780857,0.658075,0.914039,0.194623,0.788558,0.635546,0.607002,0.178935,0.487774,0.898423,0.705767,0.778095,0.890681,0.888945,0.260661,0.466824
1306,0.955397,0.435475,0.905223,0.284384,0.603758,0.129048,0.104666,0.930289,0.921377,0.95951,0.130248,0.598527,0.075277,0.798164,0.562057,0.257887,0.252143,0.799579
1307,0.35655,0.295851,0.888596,0.642229,0.888486,0.829686,0.565294,0.310652,0.698465,0.633698,0.53567,0.247541,0.121261,0.445457,0.764289,0.946195,0.131831,0.692501
1308,0.132475,0.484435,0.089484,0.691488,0.703877,0.460071,0.792948,0.466328,0.972906,0.738151,0.959171,0.408269,0.183675,0.031208,0.710677,0.647129,0.568545,0.315734
1309,0.930227,0.314051,0.621542,0.038673,0.808823,0.44822,0.448188,0.602262,0.476194,0.376315,0.665478,0.094782,0.740414,0.253385,0.404008,0.431166,0.186953,0.35254
1310,0.312739,0.972566,0.662604,0.476168,0.440638,0.507829,0.801104,0.182656,0.417315,0.205623,0.949294,0.876576,0.465372,0.115015,0.897366,0.361472,0.570033,0.203629
1311,0.865478,0.108871,0.262622,0.647892,0.492241,0.441085,0.584294,0.380459,0.450618,0.614785,0.030038,0.327548,0.569794,0.652724,0.572528,0.373642,0.697869,0.741542
1312,0.995556,0.278635,0.518051,0.530567,0.381355,0.791442,0.28865,0.407443,0.767665,0.142843,0.632112,0.9184,0.397303,0.066561,0.766902,0.667534,0.542065,0.463003
1313,0.621194,0.843839,0.595951,0.82427,0.104485,0.616147,0.890718,0.421104,0.530417,0.798796,0.607991,0.632069,0.747143,0.606599,0.95178,0.862297,0.70554,0.816685
1314,0.286491,0.41227,0.265325,0.179719,0.158811,0.299182,0.699525,0.594704,0.683206,0.858047,0.363066,0.29791,0.935979,0.524215,0.524017,0.048319,0.311371,0.64289
1315,0.664025,0.245554,0.422093,0.403671,0.027337,0.238372,0.916242,0.843021,0.719496,0.655222,0.502973,0.861771,0.409555,0.376666,0.217246,0.803828,0.460288,0.355217
1316,0.844945,0.826242,0.8435,0.082803,0.151478,0.335623,0.768809,0.922363,0.799192,0.460465,0.779533,0.366087,0.398529,0.263541,0.107072,0.441144,0.161807,0.560468
1317,0.170253,0.890864,0.197386,0.539892,0.880171,0.871899,0.895281,0.837319,0.046856,0.269425,0.133232,0.149264,0.722321,0.496796,0.726941,0.534567,0.979617,0.182952
1318,0.877064,0.118132,0.998505,0.982618,0.832789,0.034359,0.516494,0.421391,0.168931,0.500523,0.417812,0.195104,0.533651,0.710036,0.987309,0.91566,0.68861,0.9766
1319,0.718747,0.930785,0.641949,0.931052,0.400582,0.879714,0.423531,0.908714,0.523975,0.740245,0.952745,0.345973,0.069595,0.544925,0.018215,0.511584,0.367398,0.70431
1320,0.923195,0.378984,0.998003,0.880164,0.018015,0.507313,0.898456,0.502679,0.867155,0.933044,0.461612,0.931003,0.948556,0.188715,0.696945,0.059694,0.575883,0.849075
1321,0.34584,0.820648,0.550841,0.898292,0.674246,0.501353,0.612384,0.394339,0.208587,0.665867,0.047264,0.123197,0.983729,0.357076,0.270606,0.262324,0.484839,0.714464
1322,0.910365,0.835417,0.769894,0.058041,0.727407,0.240538,0.727372,0.622434,0.610839,0.681845,0.209337,0.914811,0.415475,0.513124,0.763755,0.942696,0.738804,0.047022
1323,0.184172,0.305084,0.83321,0.900534,0.434129,0.269906,0.161963,0.267962,0.636703,0.641378,0.551137,0.974665,0.627225,0.65997,0.351726,0.829564,0.595972,0.534227
1324,0.726162,0.495213,0.299862,0.963239,0.691252,0.15013,0.989553,0.729049,0.711021,0.571158,0.807105,0.203966,0.211198,0.407686,0.428677,0.10343,0.093793,0.37242
1325,0.930929,0.348007,0.911286,0.280579,0.289788,0.093179,0.502711,0.320622,0.095242,0.400476,0.485326,0.468532,0.410602,0.113457,0.021602,0.598459,0.852107,0.546436
1326,0.55225,0.489558,0.114116,0.375271,0.194693,0.768456,0.520783,0.063716,0.592818,0.31361,0.137228,0.782808,0.986721,0.276329,0.50012,0.159988,0.709056,0.327288
1327,0.1506,0.261,0.762686,0.239247,0.986913,0.417987,0.4517,0.525525,0.03541,0.315317,0.488866,0.258986,0.994892,0.665686,0.651776,0.818028,0.691888,0.154855
1328,0.961468,0.29466,0.501893,0.32249,0.943308,0.832467,0.143798,0.473369,0.757127,0.211788,0.874604,0.734248,0.20339,0.928609,0.835172,0.684609,0.796477,0.031544
1329,0.587238,0.061371,0.943753,0.512492,0.320155,0.95485,0.196895,0.191771,0.156593,0.584516,0.60432,0.952459,0.805489,0.878966,0.608488,0.53957,0.246425,0.709243
1330,0.275354,0.11798,0.5249,0.440725,0.631691,0.178041,0.090171,0.544151,0.709235,0.944575,0.501747,0.618822,0.669196,0.471736,0.913107,0.800854,0.147113,0.265551
1331,0.91964,0.803093,0.739598,0.842792,0.373093,0.833473,0.552807,0.593229,0.444377,0.890279,0.670165,0.114387,0.282389,0.608894,0.60709,0.442616,0.764712,0.909344
1332,0.826515,0.446649,0.365188,0.242385,0.154763,0.22732,0.49995,0.53628,0.505736,0.060041,0.439023,0.054282,0.726215,0.178689,0.742312,0.581189,0.111235,0.197582
1333,0.93835,0.271238,0.34423,0.919076,0.601483,0.538934,0.414218,0.415486,0.64734,0.196417,0.318781,0.979177,0.221416,0.345711,0.207237,0.220142,0.814471,0.892352
1334,0.647099,0.080454,0.706229,0.196659,0.922399,0.804201,0.815192,0.525288,0.204445,0.061684,0.883464,0.308401,0.295454,0.227067,0.890589,0.144443,0.924159,0.477347
1335,0.218799,0.54945,0.230419,0.515048,0.700979,0.111649,0.762528,0.078462,0.314883,0.397259,0.118889,0.795465,0.403896,0.05964,0.121546,0.869847,0.925113,0.350742
1336,0.59829,0.688562,0.293117,0.811222,0.707483,0.126515,0.107594,0.403394,0.772887,0.602592,0.809638,0.342803,0.998192,0.360181,0.524457,0.06611,0.133033,0.415781
1337,0.508083,0.2797,0.540561,0.477057,0.95928,0.435303,0.097106,0.027478,0.005649,0.712275,0.961156,0.229435,0.939544,0.510947,0.835645,0.845814,0.779675,0.471357
1338,0.507665,0.366022,0.772018,0.902131,0.733104,0.780331,0.688424,0.40468,0.461089,0.591348,0.232748,0.621276,0.842054,0.900127,0.598901,0.340724,0.14878,0.764505
1339,0.014351,0.596362,0.637598,0.979234,0.827915,0.779584,0.682007,0.987346,0.239223,0.539756,0.083218,0.63389,0.455599,0.774516,0.799036,0.583904,0.846196,0.929712
1340,0.257285,0.643438,0.196502,0.600544,0.893844,0.002617,0.050465,0.493405,0.516921,0.967012,0.187791,0.837341,0.770658,0.813975,0.964683,0.747623,0.719813,0.870625
1341,0.26934,0.14435,0.910495,0.288965,0.247066,0.80298,0.411321,0.798366,0.290623,0.499244,0.335287,0.204473,0.124661,0.43415,0.955453,0.712639,0.21643,0.121292
1342,0.088045,0.458825,0.442269,0.011574,0.972666,0.21673,0.719562,0.079818,0.344149,0.866039,0.480484,0.605805,0.722164,0.873274,0.879869,0.65802,0.710965,0.13303
1343,0.378714,0.524428,0.142073,0.528036,0.081222,0.139599,0.949399,0.168187,0.990109,0.929991,0.59343,0.239033,0.405628,0.847228,0.762769,0.222903,0.040858,0.044386
1344,0.448772,0.405774,0.74189,0.278649,0.697373,0.035262,0.066168,0.95793,0.154435,0.933251,0.7676,0.011156,0.265608,0.028785,0.161741,0.887002,0.933039,0.001418
1345,0.685995,0.724611,0.763617,0.776016,0.432564,0.436797,0.321756,0.303983,0.594563,0.173361,0.103979,0.908759,0.450917,0.371533,0.88875,0.874994,0.745666,0.204478
1346,0.519648,0.619294,0.045306,0.411175,0.036076,0.46278,0.562064,0.805659,0.925029,0.608806,0.679094,0.935432,0.36474,0.221753,0.854049,0.433843,0.791339,0.499656
1347,0.453773,0.536207,0.79683,0.927926,0.65487,0.560188,0.3566,0.237185,0.569622,0.305436,0.331903,0.20433,0.040605,0.662291,0.1618,0.233248,0.054172,0.205218
1348,0.146207,0.561204,0.447228,0.60179,0.370321,0.112812,0.630911,0.416276,0.512469,0.94968,0.515415,0.658099,0.495372,0.227569,0.457911,0.798456,0.57815,0.746622
1349,0.236044,0.904576,0.314803,0.66048,0.164214,0.886804,0.898413,0.276722,0.746261,0.520854,0.460184,0.011241,0.202801,0.764426,0.406178,0.794258,0.05835,0.036571
1350,0.32029,0.247397,0.651672,0.868622,0.084331,0.14266,0.157772,0.934179,0.699846,0.374567,0.925324,0.748266,0.583762,0.73665,0.547709,0.752914,0.605124,0.779075
1351,0.148495,0.828209,0.502076,0.760419,0.812389,0.962319,0.026078,0.619147,0.92583,0.344096,0.232636,0.788951,0.218156,0.062699,0.153423,0.61247,0.967772,0.331437
1352,0.257194,0.455162,0.700739,0.750521,0.465495,0.32351,0.320432,0.495184,0.531161,0.268399,0.938573,0.703349,0.14118,0.72264,0.205477,0.235186,0.669735,0.342383
1353,0.404197,0.330059,0.968055,0.143097,0.266594,0.804073,0.355162,0.84694,0.484341,0.687478,0.156874,0.91136,0.986011,0.67793,0.293808,0.848273,0.548193,0.903698
1354,0.230624,0.744329,0.180757,0.961555,0.581496,0.341121,0.868577,0.441703,0.261512,0.242948,0.612986,0.991269,0.988973,0.594265,0.096537,0.405037,0.887244,0.429316
1355,0.25517,0.85114,0.265701,0.08851,0.771985,0.086758,0.086379,0.558175,0.095147,0.77827,0.82477,0.138222,0.796379,0.007201,0.266552,0.145437,0.295793,0.837112
1356,0.783679,0.596387,0.745618,0.28353,0.250073,0.521842,0.151821,0.091543,0.377804,0.831798,0.129528,0.064321,0.523992,0.604064,0.401544,0.389076,0.433252,0.821259
1357,0.362711,0.928111,0.728754,0.083457,0.240774,0.940009,0.128092,0.522162,0.284032,0.17679,0.937615,0.216623,0.520225,0.15036,0.896671,0.146873,0.272704,0.301849
1358,0.382405,0.248732,0.126404,0.826194,0.232346,0.865567,0.146716,0.847551,0.389347,0.985109,0.526774,0.454506,0.000358,0.462705,0.411776,0.685078,0.429695,0.041311
1359,0.782113,0.065631,0.312702,0.039332,0.906742,0.700109,0.639732,0.437728,0.939637,0.892683,0.516871,0.4063,0.945664,0.484438,0.165676,0.462864,0.392455,0.692894
1360,0.768239,0.580542,0.583791,0.284065,0.198097,0.417745,0.607706,0.537547,0.109805,0.114599,0.205813,0.039185,0.750012,0.455597,0.586581,0.508195,0.048299,0.180579
1361,0.716386,0.458375,0.910239,0.3127,0.927013,0.497465,0.387351,0.961731,0.546858,0.628479,0.352029,0.124592,0.657919,0.928477,0.692617,0.063615,0.291968,0.959734
1362,0.581278,0.070626,0.788205,0.392884,0.728249,0.319034,0.539097,0.468273,0.654618,0.439228,0.579888,0.05857,0.152439,0.164366,0.320392,0.903793,0.832637,0.503884
1363,0.06328,0.838669,0.970456,0.505432,0.745272,0.327288,0.590781,0.827101,0.018112,0.230948,0.728161,0.811517,0.728855,0.20225,0.919479,0.8535,0.436911,0.908465
1364,0.860021,0.874695,0.458135,0.304585,0.685449,0.498782,0.910555,0.305107,0.060196,0.214874,0.175956,0.486545,0.879523,0.582047,0.858105,0.81849,0.646323,0.259946
1365,0.626936,0.48928,0.800708,0.329417,0.764036,0.145581,0.29493,0.8928,0.750328,0.306672,0.591642,0.181702,0.830091,0.969193,0.473458,0.660496,0.706285,0.223182
1366,0.940336,0.319255,0.904544,0.200226,0.347033,0.70049,0.307513,0.525976,0.476281,0.729953,0.46373,0.069104,0.089878,0.753329,0.205621,0.857934,0.55687,0.578
1367,0.181093,0.070032,0.435,0.121949,0.27993,0.552851,0.970594,0.398531,0.257929,0.932763,0.052344,0.557425,0.701134,0.328335,0.444123,0.078687,0.659603,0.685959
1368,0.116959,0.864252,0.927192,0.000298,0.640095,0.424593,0.207696,0.818374,0.032803,0.885447,0.502745,0.102919,0.463606,0.252164,0.270308,0.532816,0.253841,0.1941
1369,0.902128,0.94898,0.379344,0.734786,0.807497,0.849848,0.624753,0.97321,0.316909,0.527781,0.869679,0.380489,0.110143,0.559231,0.908102,0.924397,0.038333,0.149327
1370,0.315323,0.681405,0.447594,0.675032,0.347027,0.433388,0.590281,0.197488,0.894172,0.780812,0.488643,0.050588,0.42242,0.348869,0.280335,0.362997,0.160452,0.372192
1371,0.959778,0.399592,0.264965,0.962038,0.484484,0.789472,0.468207,0.807708,0.29617,0.46766,0.049327,0.574015,0.337861,0.001016,0.348133,0.470339,0.189476,0.07617
1372,0.756273,0.185101,0.079275,0.530893,0.657192,0.645654,0.900388,0.179596,0.475512,0.856251,0.847856,0.519967,0.930257,0.461954,0.902581,0.523186,0.769132,0.592403
1373,0.224961,0.397613,0.573677,0.394987,0.354251,0.719874,0.943238,0.715922,0.714488,0.238498,0.966655,0.021089,0.705751,0.978937,0.849194,0.078502,0.567558,0.374614
1374,0.626587,0.147244,0.816675,0.117819,0.865804,0.063149,0.169472,0.872042,0.704533,0.565031,0.722692,0.877951,0.517115,0.310454,0.3808,0.573267,0.618468,0.892185
1375,0.341346,0.934445,0.847443,0.538047,0.654487,0.273171,0.126963,0.241233,0.18483,0.231404,0.59114,0.917332,0.110498,0.69249,0.352065,0.408415,0.848153,0.397194
1376,0.820385,0.067957,0.880207,0.319444,0.558978,0.341307,0.353636,0.430603,0.772152,0.865792,0.092463,0.938041,0.798217,0.878071,0.402253,0.038977,0.352639,0.220467
1377,0.643275,0.030336,0.088164,0.522213,0.182843,0.047434,0.594779,0.215609,0.819245,0.5137,0.069994,0.462809,0.721481,0.86265,0.60843,0.214034,0.863438,0.708718
1378,0.729375,0.022361,0.831752,0.432585,0.956276,0.325407,0.473118,0.530776,0.6702,0.448347,0.20352,0.847217,0.301154,0.085148,0.812076,0.628222,0.343522,0.681584
1379,0.286281,0.566055,0.734106,0.22958,0.198875,0.220035,0.443024,0.110229,0.955035,0.670123,0.201312,0.225324,0.479928,0.351478,0.509065,0.404885,0.356696,0.862616
1380,0.02199,0.482545,0.895451,0.946563,0.768393,0.31481,0.922734,0.766153,0.170588,0.017948,0.837295,0.517982,0.198063,0.239768,0.155608,0.82901,0.740354,0.10235
1381,0.413148,0.359159,0.112953,0.069605,0.032567,0.174539,0.940133,0.367943,0.695012,0.964878,0.744306,0.775174,0.397554,0.844781,0.39508,0.873794,0.790781,0.684408
1382,0.716923,0.313515,0.420066,0.932261,0.022755,0.372492,0.079633,0.393487,0.767543,0.879222,0.304252,0.575449,0.431846,0.039017,0.205598,0.514215,0.524485,0.150618
1383,0.912403,0.214445,0.246784,0.10037,0.295542,0.783282,0.110093,0.580879,0.353822,0.321994,0.524101,0.581123,0.705436,0.904268,0.84416,0.888088,0.547404,0.59323
1384,0.308003,0.500531,0.106873,0.315312,0.257688,0.596205,0.408036,0.892661,0.217917,0.98303,0.990558,0.782305,0.822183,0.589534,0.138882,0.430958,0.175688,0.801258
1385,0.458935,0.052029,0.644202,0.671061,0.229151,0.194731,0.608839,0.10171,0.22802,0.989374,0.284323,0.462997,0.132711,0.237584,0.48179,0.083517,0.683127,0.673593
1386,0.881605,0.926456,0.65424,0.57004,0.626025,0.112324,0.806149,0.608546,0.364085,0.910007,0.182333,0.695203,0.752817,0.769466,0.584139,0.300481,0.156296,0.230817
1387,0.251067,0.891015,0.835401,0.695299,0.156279,0.102839,0.291011,0.601759,0.625106,0.185155,0.162709,0.972414,0.446711,0.513424,0.87604,0.109603,0.086613,0.367552
1388,0.68114,0.364712,0.979128,0.74025,0.60602,0.302725,0.064287,0.495697,0.543156,0.144714,0.347735,0.469548,0.651471,0.860717,0.737178,0.698049,0.001855,0.918902
1389,0.883361,0.748976,0.304278,0.00655,0.293011,0.690712,0.750775,0.337056,0.440529,0.985047,0.430218,0.86476,0.477255,0.298245,0.443263,0.009443,0.100308,0.503656
1390,0.630371,0.306732,0.113354,0.030495,0.962327,0.528039,0.874801,0.985694,0.950746,0.154934,0.346566,0.634825,0.315339,0.637994,0.416671,0.124069,0.486465,0.493523
1391,0.115656,0.174531,0.506327,0.715869,0.271346,0.413104,0.262607,0.834556,0.054154,0.358886,0.583151,0.051167,0.257248,0.195728,0.188054,0.40437,0.352634,0.76133
1392,0.652285,0.091104,0.973478,0.194588,0.525234,0.997343,0.537248,0.714143,0.308982,0.59291,0.493676,0.663484,0.510749,0.447324,0.011513,0.101088,0.526621,0.802839
1393,0.041596,0.524703,0.956919,0.221663,0.222455,0.011609,0.465434,0.740575,0.700444,0.176418,0.797643,0.291697,0.293345,0.999042,0.942726,0.227266,0.185451,0.917203
1394,0.281754,0.072852,0.286643,0.625007,0.204877,0.157331,0.68479,0.462949,0.02618,0.672387,0.579648,0.965752,0.305403,0.335127,0.878145,0.807347,0.848266,0.482326
1395,0.884352,0.830142,0.267453,0.268283,0.433172,0.287395,0.739465,0.04544,0.706043,0.943818,0.343479,0.05238,0.656782,0.909224,0.296976,0.489634,0.250558,0.694373
1396,0.714279,0.783351,0.50462,0.088843,0.491941,0.867618,0.101668,0.688942,0.873783,0.382966,0.579071,0.192,0.724669,0.128288,0.130479,0.261994,0.110755,0.537127
1397,0.215109,0.951568,0.849544,0.789998,0.641429,0.378971,0.039904,0.789942,0.235984,0.567912,0.117187,0.306681,0.83819,0.456531,0.867877,0.432816,0.081671,0.968004
1398,0.691682,0.94368,0.797025,0.835638,0.633341,0.115203,0.213342,0.804945,0.301078,0.663725,0.216961,0.453977,0.625993,0.352721,0.431761,0.490357,0.501182,0.267486
1399,0.573598,0.411889,0.288245,0.796221,0.485546,0.465093,0.12973,0.540738,0.458601,0.154669,0.259549,0.11393,0.466279,0.87305,0.830317,0.412641,0.161192,0.89929
1400,0.809022,0.807655,0.412086,0.040895,0.083169,0.874464,0.037786,0.304369,0.522581,0.713777,0.660583,0.413489,0.112347,0.224331,0.144844,0.732215,0.689438,0.378599
1401,0.67211,0.640464,0.28493,0.371954,0.23073,0.492848,0.907238,0.60278,0.226152,0.480236,0.904554,0.480734,0.890586,0.565183,0.009766,0.399168,0.631157,0.559452
1402,0.82548,0.201861,0.989003,0.727208,0.212302,0.209765,0.928099,0.958613,0.477453,0.891562,0.938463,0.457832,0.742472,0.033782,0.070749,0.283014,0.758799,0.453411
1403,0.729634,0.521499,0.006969,0.856,0.539849,0.334274,0.338663,0.053204,0.023946,0.642369,0.980853,0.510732,0.676559,0.862977,0.146266,0.283202,0.576819,0.870886
1404,0.08267,0.261009,0.359839,0.315868,0.693789,0.262808,0.775531,0.264563,0.076561,0.587401,0.619636,0.315795,0.509664,0.31742,0.45994,0.973575,0.155494,0.136604
1405,0.473923,0.141499,0.95129,0.293643,0.050969,0.43584,0.488275,0.073745,0.302898,0.534224,0.25068,0.086651,0.236614,0.879477,0.075265,0.725007,0.93748,0.902522
1406,0.061204,0.759101,0.650951,0.367571,0.158301,0.697849,0.670109,0.242207,0.917489,0.780185,0.699041,0.082534,0.332181,0.188407,0.421284,0.719325,0.151285,0.00372
1407,0.285816,0.631007,0.141755,0.107096,0.265241,0.183375,0.536896,0.979405,0.280821,0.166768,0.015779,0.84617,0.504971,0.196481,0.397642,0.65564,0.832382,0.798
1408,0.280917,0.346867,0.032477,0.711396,0.002162,0.761926,0.920419,0.438974,0.341027,0.915008,0.488698,0.767341,0.765911,0.525646,0.550536,0.49777,0.124926,0.357487
1409,0.468163,0.609824,0.91933,0.359863,0.47959,0.54475,0.946486,0.634546,0.819392,0.103146,0.68434,0.575487,0.133717,0.519653,0.553278,0.717389,0.595606,0.190152
1410,0.329259,0.21746,0.656225,0.326219,0.656149,0.579332,0.850737,0.267134,0.096823,0.306783,0.901849,0.914168,0.116953,0.7001,0.899925,0.816895,0.772229,0.263348
1411,0.232281,0.532342,0.954736,0.723361,0.45283,0.515788,0.689438,0.276531,0.247075,0.278889,0.767564,0.147326,0.388059,0.038262,0.957861,0.659585,0.28149,0.824349
1412,0.85999,0.347031,0.860881,0.951796,0.883406,0.940005,0.242816,0.39356,0.316243,0.718061,0.286411,0.362681,0.326285,0.791395,0.807985,0.622638,0.971306,0.761483
1413,0.054269,0.090914,0.157752,0.447806,0.746646,0.463351,0.229273,0.309352,0.438113,0.685068,0.221798,0.710674,0.107594,0.514291,0.948426,0.641834,0.24137,0.635722
1414,0.462918,0.84778,0.359243,0.171853,0.19056,0.570439,0.012551,0.55003,0.152938,0.073085,0.32374,0.434799,0.275883,0.961926,0.314839,0.162724,0.689318,0.243242
1415,0.644082,0.939885,0.610505,0.109545,0.230329,0.087638,0.496033,0.953329,0.06462,0.420144,0.059216,0.686737,0.66251,0.800832,0.307404,0.403874,0.815982,0.715244
1416,0.190457,0.373821,0.301896,0.102465,0.821076,0.643043,0.822721,0.410932,0.749379,0.34049,0.373957,0.169187,0.773656,0.727909,0.521012,0.208323,0.743347,0.831973
1417,0.457472,0.280331,0.379043,0.426721,0.224295,0.95448,0.839339,0.592049,0.570118,0.513543,0.09599,0.074685,0.803241,0.532729,0.168766,0.980221,0.75191,0.759424
1418,0.341972,0.088018,0.956023,0.005699,0.984323,0.572865,0.894892,0.167095,0.421778,0.971915,0.356467,0.231567,0.008874,0.039102,0.935094,0.138792,0.355026,0.437412
1419,0.862375,0.490503,0.69181,0.509261,0.503138,0.576639,0.575097,0.144369,0.114304,0.781147,0.938052,0.353654,0.315784,0.792319,0.641326,0.213216,0.350503,0.070777
1420,0.050534,0.748834,0.912473,0.56262,0.933096,0.580397,0.027216,0.963516,0.435191,0.609435,0.990104,0.13025,0.766671,0.602688,0.283485,0.107466,0.74349,0.995473
1421,0.060767,0.263246,0.312541,0.501712,0.303924,0.271597,0.149758,0.712594,0.2691,0.486933,0.025232,0.871028,0.709123,0.818017,0.272957,0.452161,0.638385,0.810136
1422,0.470462,0.972259,0.893014,0.182271,0.291363,0.836593,0.110843,0.657403,0.045533,0.730958,0.404566,0.044563,0.797128,0.489696,0.294091,0.234601,0.340323,0.577134
1423,0.707888,0.626688,0.313219,0.047034,0.810596,0.256896,0.131926,0.273901,0.309377,0.751957,0.241288,0.688069,0.228292,0.550755,0.696973,0.550243,0.196006,0.149543
1424,0.87328,0.929528,0.647773,0.266832,0.34632,0.758351,0.751378,0.962367,0.326943,0.141118,0.096852,0.2666,0.609062,0.039776,0.635376,0.363111,0.605511,0.019474
1425,0.507165,0.921225,0.700886,0.835159,0.640901,0.870339,0.828351,0.667727,0.395752,0.355554,0.59668,0.372282,0.629105,0.145559,0.651281,0.174946,0.791004,0.807766
1426,0.964775,0.660359,0.218676,0.681906,0.905661,0.920303,0.78452,0.688749,0.81787,0.991223,0.792306,0.571917,0.719293,0.437909,0.591842,0.447282,0.962986,0.005218
1427,0.670839,0.229385,0.54799,0.928781,0.542566,0.266499,0.945333,0.080049,0.099242,0.249768,0.759957,0.173531,0.136731,0.09774,0.302102,0.122289,0.357037,0.700585
1428,0.952719,0.643791,0.948681,0.523194,0.922183,0.223057,0.23068,0.946403,0.237902,0.862738,0.184117,0.834043,0.87405,0.660167,0.496032,0.684041,0.832949,0.829982
1429,0.855143,0.337583,0.762855,0.629037,0.44319,0.265023,0.127664,0.098332,0.934557,0.02462,0.485756,0.48642,0.153274,0.949993,0.116339,0.175293,0.596279,0.874593
1430,0.895412,0.5058,0.245535,0.22306,0.799989,0.654087,0.781734,0.234283,0.66315,0.86656,0.784256,0.012577,0.316108,0.728947,0.028849,0.572981,0.485263,0.772888
1431,0.030705,0.391768,0.175104,0.282527,0.724148,0.897141,0.688518,0.634685,0.344356,0.213155,0.586921,0.09799,0.152697,0.937939,0.551768,0.965745,0.916068,0.566495
1432,0.880357,0.015832,0.014494,0.259637,0.723599,0.877151,0.092236,0.061256,0.717856,0.590887,0.487585,0.920624,0.769409,0.275633,0.521482,0.383943,0.026318,0.255553
1433,0.657598,0.394507,0.866917,0.335304,0.062223,0.546695,0.921909,0.721286,0.839572,0.974062,0.250064,0.391056,0.618062,0.256251,0.248224,0.397697,0.811082,0.057777
1434,0.142716,0.070215,0.119786,0.386837,0.937136,0.035298,0.686285,0.119123,0.286491,0.338371,0.036798,0.422,0.357058,0.457028,0.424958,0.549508,0.442583,0.059342
1435,0.083632,0.928294,0.065378,0.253539,0.245298,0.185377,0.432382,0.097774,0.025781,0.515001,0.625566,0.069362,0.716608,0.036324,0.902023,0.293594,0.414434,0.507837
1436,0.117812,0.271524,0.251732,0.93771,0.716802,0.727573,0.13648,0.283822,0.902088,0.663318,0.0975,0.324472,0.844778,0.526931,0.758973,0.16719,0.089269,0.952396
1437,0.489332,0.028242,0.009833,0.482744,0.810622,0.559286,0.596846,0.012656,0.32688,0.168954,0.548103,0.086546,0.251654,0.64986,0.284062,0.058892,0.980059,0.645823
1438,0.067749,0.419963,0.27739,0.449179,0.948512,0.209527,0.95961,0.270649,0.962537,0.718188,0.271283,0.548211,0.165741,0.711209,0.665305,0.688742,0.591846,0.763964
1439,0.416856,0.723185,0.035034,0.838956,0.513039,0.024971,0.068233,0.376496,0.986773,0.362784,0.434472,0.137217,0.167266,0.317625,0.668303,0.792932,0.599836,0.556419
1440,0.162341,0.952916,0.379861,0.120282,0.167847,0.380433,0.946917,0.022594,0.08967,0.722541,0.09385,0.676476,0.312881,0.728653,0.055155,0.540607,0.46184,0.801201
1441,0.044177,0.406666,0.779423,0.63948,0.218283,0.298829,0.07738,0.225829,0.442566,0.903031,0.912529,0.983703,0.312767,0.235045,0.722924,0.691721,0.734669,0.023067
1442,0.108968,0.366533,0.790213,0.310894,0.790436,0.506031,0.235006,0.373797,0.433219,0.732702,0.884758,0.21804,0.187219,0.002368,0.612466,0.495575,0.531077,0.209475
1443,0.087945,0.083653,0.623404,0.298325,0.66234,0.448248,0.387445,0.014194,0.364312,0.509678,0.958117,0.666365,0.601663,0.156494,0.585469,0.773207,0.756748,0.677984
1444,0.900575,0.992301,0.186293,0.875559,0.866366,0.820128,0.196298,0.224023,0.546445,0.294204,0.184466,0.943598,0.528336,0.782046,0.329505,0.216998,0.961249,0.895587
1445,0.658867,0.040791,0.958298,0.409036,0.801657,0.451778,0.209907,0.947482,0.220006,0.639626,0.536614,0.055207,0.102338,0.59797,0.093827,0.178013,0.606507,0.806602
1446,0.638607,0.037089,0.563649,0.907223,0.823834,0.767173,0.681924,0.923148,0.888594,0.115251,0.798465,0.321766,0.610293,0.603198,0.476719,0.154961,0.403038,0.072783
1447,0.980052,0.014907,0.07186,0.618754,0.02152,0.132838,0.541265,0.780564,0.923751,0.308121,0.274743,0.926612,0.01052,0.37178,0.383673,0.754608,0.105331,0.60899
1448,0.558594,0.684589,0.668105,0.953695,0.871629,0.177233,0.013146,0.631274,0.996934,0.882941,0.147789,0.421055,0.21656,0.819117,0.723342,0.508855,0.372813,0.955031
1449,0.933258,0.267762,0.982863,0.743822,0.635356,0.466502,0.783279,0.320854,0.485627,0.60507,0.955942,0.719402,0.157397,0.555092,0.813255,0.172162,0.725629,0.460115
1450,0.653186,0.848581,0.923242,0.017026,0.189702,0.961578,0.032568,0.928584,0.269704,0.849954,0.120754,0.103808,0.002909,0.660634,0.03556,0.355748,0.945405,0.0359
1451,0.447391,0.75263,0.329144,0.769746,0.076131,0.324483,0.020319,0.838254,0.496192,0.274479,0.040302,0.400837,0.021952,0.788098,0.471751,0.02927,0.019013,0.503357
1452,0.699183,0.795199,0.136097,0.35301,0.693317,0.537101,0.206876,0.783707,0.138877,0.719757,0.744997,0.80144,0.070703,0.924994,0.570703,0.562947,0.862468,0.76266
1453,0.431733,0.165222,0.92769,0.795462,0.834909,0.901102,0.751005,0.060406,0.520289,0.57423,0.822305,0.708535,0.694868,0.236974,0.891025,0.600453,0.909559,0.042027
1454,0.192449,0.682755,0.506552,0.159708,0.999626,0.969167,0.747536,0.612939,0.175691,0.994263,0.198335,0.162993,0.978156,0.688263,0.060195,0.324711,0.642904,0.228709
1455,0.055313,0.967434,0.8869,0.294367,0.477842,0.317577,0.862097,0.482798,0.646499,0.433453,0.607239,0.321379,0.377557,0.561043,0.025144,0.052072,0.067293,0.185065
1456,0.923869,0.838214,0.75709,0.488666,0.351159,0.666907,0.483877,0.721553,0.110592,0.743726,0.689842,0.517778,0.470696,0.928987,0.438512,0.556175,0.418397,0.707848
1457,0.366981,0.203228,0.708866,0.039085,0.4307,0.527377,0.796599,0.606416,0.254934,0.600014,0.566439,0.49994,0.464736,0.364337,0.343978,0.340292,0.880158,0.392963
1458,0.837707,0.058323,0.916437,0.557392,0.209223,0.876291,0.031693,0.262521,0.106506,0.331888,0.773698,0.790407,0.375574,0.680742,0.025234,0.826776,0.525615,0.854654
1459,0.434014,0.500641,0.90996,0.011276,0.852154,0.011244,0.770976,0.0858,0.483369,0.373217,0.769425,0.945882,0.539666,0.462489,0.096649,0.88617,0.162897,0.296298
1460,0.067096,0.214598,0.994567,0.948971,0.959983,0.594684,0.035574,0.567725,0.935128,0.18707,0.877508,0.45956,0.986692,0.500205,0.840367,0.597431,0.044167,0.107831
1461,0.556382,0.018702,0.257906,0.927138,0.088055,0.777336,0.566136,0.50271,0.172288,0.060528,0.697762,0.776502,0.97878,0.292772,0.658919,0.404282,0.861126,0.263344
1462,0.088473,0.171359,0.820588,0.4962,0.354834,0.467929,0.410126,0.935075,0.15969,0.522216,0.21079,0.80251,0.441215,0.732462,0.094236,0.690534,0.927082,0.946024
1463,0.726003,0.376879,0.036137,0.256578,0.652883,0.670275,0.203801,0.096057,0.180874,0.849571,0.732453,0.856086,0.986377,0.148892,0.023069,0.12325,0.598969,0.498662
1464,0.391795,0.66825,0.903779,0.145867,0.610594,0.812067,0.199945,0.716561,0.663582,0.604795,0.621334,0.69391,0.982262,0.204856,0.502279,0.040414,0.595477,0.031694
1465,0.799512,0.164492,0.657609,0.605399,0.03769,0.46543,0.551256,0.656996,0.382353,0.745355,0.751648,0.283969,0.715178,0.25713,0.487964,0.360608,0.160834,0.665915
1466,0.103567,0.217634,0.62796,0.713388,0.161213,0.453418,0.28021,0.223347,0.425367,0.207251,0.273744,0.918573,0.149414,0.299607,0.392025,0.325597,0.499485,0.685494
1467,0.026442,0.186683,0.104448,0.95413,0.441666,0.796943,0.110354,0.190389,0.267493,0.967123,0.119128,0.548368,0.580481,0.483705,0.149713,0.393305,0.966213,0.188874
1468,0.123009,0.796188,0.362347,0.817684,0.338729,0.738631,0.73123,0.043513,0.339634,0.183343,0.556721,0.13778,0.381152,0.045433,0.607737,0.60633,0.137858,0.43555
1469,0.94199,0.207229,0.16615,0.138973,0.27317,0.642937,0.017137,0.660436,0.869581,0.269528,0.337004,0.324377,0.142671,0.350554,0.393786,0.170664,0.086741,0.40682
1470,0.27448,0.115708,0.929604,0.15732,0.968601,0.944444,0.446222,0.587976,0.075578,0.52085,0.521203,0.964666,0.641522,0.025028,0.381411,0.074457,0.077245,0.717629
1471,0.588846,0.843982,0.639633,0.217898,0.520912,0.570147,0.535191,0.343931,0.114582,0.927571,0.029091,0.317606,0.050324,0.025573,0.236359,0.580094,0.870729,0.511079
1472,0.390236,0.704665,0.070457,0.795698,0.25381,0.950104,0.259588,0.285197,0.884098,0.54721,0.547748,0.117873,0.528177,0.484672,0.396991,0.270563,0.12422,0.178365
1473,0.216189,0.138003,0.391222,0.123269,0.791461,0.266101,0.623399,0.645715,0.224187,0.991298,0.403804,0.031868,0.430536,0.217245,0.665246,0.317613,0.22144,0.115378
1474,0.159061,0.294805,0.069867,0.887167,0.171302,0.468619,0.95005,0.293992,0.284701,0.5076,0.239583,0.100087,0.774922,0.986242,0.742486,0.041972,0.103778,0.230192
1475,0.593913,0.944298,0.712789,0.136631,0.686444,0.402952,0.69336,0.041004,0.956781,0.926743,0.739027,0.008878,0.771472,0.903247,0.074186,0.240704,0.557012,0.92173
1476,0.464006,0.201348,0.701295,0.87071,0.964155,0.854258,0.266909,0.761291,0.668071,0.323023,0.809223,0.230938,0.075436,0.29436,0.085604,0.599609,0.176402,0.9207
1477,0.959371,0.806885,0.024292,0.285341,0.781149,0.503526,0.694817,0.652389,0.721632,0.380821,0.52866,0.829119,0.568319,0.384272,0.090593,0.946828,0.20235,0.90828
1478,0.829479,0.493762,0.391753,0.39182,0.379739,0.348165,0.366081,0.330292,0.337086,0.27733,0.044362,0.358767,0.972669,0.252395,0.308921,0.434207,0.3315,0.239545
1479,0.819848,0.779415,0.069167,0.201355,0.308337,0.795221,0.584413,0.685702,0.929105,0.682489,0.362324,0.774487,0.506785,0.454448,0.164102,0.95036,0.500493,0.088562
1480,0.06614,0.314948,0.66741,0.011501,0.85011,0.863229,0.286848,0.502509,0.3393,0.653359,0.647165,0.008192,0.814328,0.187195,0.768541,0.500102,0.728028,0.856446
1481,0.451563,0.397997,0.386922,0.913189,0.002873,0.990152,0.611483,0.290357,0.448958,0.240248,0.051814,0.08493,0.496802,0.124483,0.293785,0.929796,0.815454,0.407824
1482,0.003296,0.125197,0.240512,0.476627,0.857823,0.650181,0.303378,0.986332,0.03545,0.17321,0.456783,0.130314,0.657729,0.898851,0.440726,0.689496,0.698916,0.510904
1483,0.848812,0.688611,0.142063,0.194333,0.067262,0.570014,0.616175,0.183021,0.968313,0.150587,0.500829,0.311952,0.468107,0.052737,0.783548,0.374836,0.260761,0.390021
1484,0.256079,0.960004,0.793616,0.019016,0.884442,0.566908,0.96542,0.483169,0.478728,0.789575,0.455489,0.70483,0.616737,0.436637,0.002065,0.547797,0.600721,0.23779
1485,0.428611,0.359451,0.998104,0.889624,0.763259,0.882888,0.190452,0.96016,0.929363,0.92169,0.189885,0.79608,0.400281,0.321642,0.49539,0.084338,0.340185,0.959417
1486,0.236121,0.38155,0.228242,0.674607,0.857863,0.172535,0.692626,0.19009,0.202223,0.660729,0.469304,0.154608,0.314766,0.302177,0.487795,0.205633,0.478111,0.285165
1487,0.088052,0.742114,0.87534,0.528671,0.162669,0.054717,0.561703,0.345105,0.168494,0.008926,0.252014,0.378955,0.903074,0.463352,0.404283,0.169646,0.465092,0.101161
1488,0.958607,0.669596,0.517416,0.069398,0.373394,0.684549,0.57071,0.17368,0.772921,0.023159,0.033528,0.352781,0.223693,0.625759,0.891971,0.908641,0.278001,0.898657
1489,0.566534,0.769977,0.66086,0.403787,0.333208,0.902751,0.051488,0.496495,0.387744,0.512407,0.037091,0.196897,0.121796,0.662269,0.200456,0.468833,0.975552,0.701223
1490,0.459507,0.156854,0.813693,0.692355,0.107523,0.423563,0.857448,0.624474,0.39181,0.820852,0.560347,0.822098,0.019805,0.397027,0.903523,0.282867,0.246451,0.000527
1491,0.776185,0.830313,0.13944,0.610283,0.767965,0.375662,0.224577,0.532504,0.811876,0.356857,0.749306,0.908139,0.911916,0.369822,0.492443,0.806154,0.801724,0.898808
1492,0.489205,0.912733,0.096962,0.587977,0.597646,0.816455,0.523696,0.376156,0.76237,0.908015,0.413378,0.402821,0.721019,0.138772,0.022872,0.376434,0.675327,0.373945
1493,0.846855,0.678905,0.269448,0.154356,0.20601,0.032705,0.182772,0.497091,0.687643,0.653588,0.26826,0.394345,0.084698,0.828384,0.019815,0.794168,0.031868,0.910485
1494,0.810287,0.035763,0.805973,0.552095,0.252414,0.622028,0.812879,0.663619,0.241704,0.760243,0.198536,0.080471,0.260227,0.827752,0.784589,0.480081,0.759462,0.940688
1495,0.022978,0.570148,0.190661,0.904522,0.245286,0.958429,0.561743,0.860115,0.620475,0.282546,0.649388,0.241079,0.741691,0.494604,0.742337,0.936031,0.696692,0.014069
1496,0.489325,0.466285,0.793901,0.617375,0.742074,0.265489,0.815082,0.522321,0.019274,0.510496,0.509242,0.821893,0.459558,0.739462,0.884232,0.692045,0.823282,0.689368
1497,0.03625,0.939347,0.628673,0.782754,0.006458,0.895457,0.858072,0.524515,0.421443,0.442472,0.349892,0.213624,0.87891,0.418119,0.881617,0.19466,0.448957,0.326436
1498,0.386964,0.550013,0.604572,0.77316,0.255512,0.766451,0.078209,0.363857,0.105,0.537456,0.665004,0.881285,0.317934,0.178668,0.843848,0.583042,0.419696,0.463607
1499,0.369925,0.466362,0.085403,0.999901,0.742139,0.046454,0.831044,0.640241,0.519574,0.410017,0.588326,0.329195,0.619967,0.610435,0.611867,0.636563,0.941867,0.315207
1500,0.798843,0.47327,0.706862,0.474903,0.993378,0.813724,0.514079,0.4112,0.035056,0.497643,0.860415,0.815352,0.971787,0.242911,0.14637,0.969761,0.152893,0.826976
1501,0.229227,0.272836,0.586287,0.77599,0.138638,0.515864,0.853173,0.625284,0.664737,0.806277,0.270859,0.272865,0.585052,0.769136,0.449103,0.392117,0.447409,0.52723
1502,0.587812,0.963593,0.741115,0.110323,0.822404,0.4456,0.474045,0.074374,0.209948,0.852325,0.172673,0.893592,0.667176,0.239026,0.636422,0.862514,0.676796,0.968812
1503,0.466373,0.659528,0.341238,0.870451,0.291807,0.206889,0.895941,0.159283,0.271854,0.138998,0.458604,0.086587,0.995009,0.89226,0.895556,0.516318,0.968659,0.621883
1504,0.826305,0.707279,0.644869,0.832555,0.06859,0.284297,0.512216,0.514797,0.991461,0.131382,0.631293,0.915172,0.191757,0.734609,0.625482,0.03133,0.433947,0.820355
1505,0.812277,0.62643,0.014962,0.498821,0.003109,0.722761,0.140081,0.784224,0.56928,0.145217,0.006475,0.200643,0.055103,0.190507,0.925397,0.169042,0.597108,0.945987
1506,0.066259,0.169437,0.478453,0.641968,0.948701,0.046243,0.436403,0.765114,0.117946,0.336055,0.489093,0.894965,0.872143,0.427176,0.574997,0.961867,0.489045,0.769865
1507,0.797766,0.687306,0.317403,0.552495,0.866616,0.585142,0.634959,0.382006,0.040732,0.498386,0.310836,0.758328,0.322716,0.159697,0.71601,0.850283,0.064231,0.815412
1508,0.149384,0.204816,0.944447,0.563889,0.429663,0.587049,0.14853,0.753961,0.965793,0.752094,0.473023,0.649758,0.302012,0.477315,0.01704,0.400023,0.88804,0.613508
1509,0.659355,0.137613,0.791117,0.218583,0.808975,0.800372,0.287905,0.874026,0.537389,0.650518,0.396651,0.006301,0.314952,0.878049,0.117162,0.929697,0.594779,0.422636
1510,0.066539,0.443409,0.989594,0.891888,0.911683,0.23746,0.780286,0.766539,0.247764,0.645005,0.74908,0.208676,0.206542,0.818104,0.550353,0.883445,0.528257,0.463511
1511,0.080548,0.511832,0.420922,0.68942,0.228249,0.391251,0.105712,0.523768,0.751851,0.209822,0.417284,0.957585,0.844562,0.848944,0.15462,0.812987,0.352074,0.37275
1512,0.937254,0.542295,0.28519,0.709031,0.33724,0.595945,0.61091,0.332152,0.45272,0.645092,0.006885,0.126396,0.971154,0.495557,0.350023,0.025606,0.247557,0.411222
1513,0.860191,0.937537,0.614544,0.615217,0.251614,0.304787,0.715738,0.601113,0.242125,0.421373,0.324,0.264351,0.225718,0.223277,0.576876,0.390263,0.070114,0.238914
1514,0.45627,0.349299,0.636547,0.31374,0.217496,0.573828,0.425323,0.938632,0.365885,0.051279,0.781882,0.38047,0.76111,0.172879,0.479935,0.501325,0.739504,0.157844
1515,0.208473,0.723602,0.280291,0.202992,0.961412,0.417562,0.269229,0.284133,0.448983,0.009091,0.657699,0.570669,0.702145,0.47004,0.797342,0.278204,0.979577,0.117837
1516,0.224372,0.313337,0.557912,0.46863,0.853865,0.448425,0.486753,0.843885,0.163409,0.007131,0.583803,0.967234,0.11536,0.044587,0.959852,0.923195,0.824213,0.069947
1517,0.290444,0.785946,0.094429,0.18079,0.142452,0.647325,0.237167,0.575715,0.783861,0.352446,0.798399,0.464098,0.248619,0.557053,0.493547,0.604957,0.832285,0.328224
1518,0.351153,0.638756,0.935992,0.412145,0.843599,0.03355,0.227325,0.221125,0.628812,0.178668,0.122138,0.519551,0.203058,0.498022,0.459723,0.77536,0.327335,0.63176
1519,0.068539,0.438472,0.079065,0.194862,0.830705,0.610047,0.169127,0.788634,0.450753,0.053073,0.675848,0.627769,0.72404,0.662111,0.865113,0.182763,0.220961,0.772292
1520,0.325402,0.409107,0.942095,0.731203,0.345058,0.205144,0.67589,0.12165,0.681929,0.903084,0.802433,0.415866,0.734274,0.967574,0.614288,0.003156,0.241723,0.943413
1521,0.04903,0.454296,0.537436,0.491288,0.00934,0.983065,0.495627,0.522883,0.10423,0.697705,0.404015,0.485691,0.241564,0.363854,0.610559,0.340318,0.860704,0.059407
1522,0.054965,0.563259,0.698379,0.117786,0.883007,0.1439,0.544373,0.455437,0.09351,0.407296,0.544765,0.267912,0.252207,0.588341,0.31904,0.882215,0.979097,0.344806
1523,0.867627,0.829309,0.598153,0.234101,0.433607,0.379095,0.59171,0.354803,0.238474,0.448651,0.732983,0.986555,0.936757,0.261507,0.750337,0.483048,0.28439,0.963229
1524,0.679701,0.222491,0.139273,0.955757,0.508513,0.197496,0.282823,0.778608,0.992908,0.644266,0.078837,0.350587,0.867649,0.981075,0.313364,0.246479,0.75175,0.354013
1525,0.761823,0.311315,0.68979,0.914255,0.757301,0.675537,0.096129,0.802466,0.016001,0.069733,0.943289,0.556562,0.995169,0.626242,0.072426,0.022671,0.102021,0.627663
1526,0.68136,0.731561,0.619872,0.045548,0.147588,0.888133,0.018384,0.023253,0.627708,0.698055,0.403565,0.763594,0.385491,0.217138,0.840509,0.33556,0.84728,0.588514
1527,0.315012,0.392645,0.237798,0.021854,0.295101,0.30239,0.775041,0.61601,0.946832,0.228419,0.225738,0.53537,0.402932,0.03407,0.106141,0.859018,0.151588,0.420713
1528,0.665643,0.639662,0.767941,0.967598,0.18395,0.310548,0.832896,0.94625,0.165904,0.577653,0.895899,0.330165,0.010993,0.781369,0.901786,0.618713,0.006394,0.263394
1529,0.880804,0.984232,0.971298,0.699246,0.237751,0.256659,0.479198,0.719906,0.084091,0.099363,0.831656,0.739754,0.725262,0.326719,0.53551,0.192307,0.194673,0.118386
1530,0.926683,0.517419,0.437685,0.974802,0.717306,0.108602,0.359314,0.015234,0.103665,0.865929,0.137683,0.088873,0.191865,0.327571,0.747135,0.285595,0.642887,0.396201
1531,0.410851,0.854975,0.805637,0.755531,0.066024,0.093743,0.00019,0.735626,0.081917,0.240546,0.296549,0.367297,0.430482,0.230476,0.55601,0.579122,0.461915,0.903684
1532,0.881949,0.021148,0.187434,0.660672,0.410758,0.975128,0.586112,0.414178,0.635967,0.565049,0.613541,0.209064,0.499351,0.076284,0.315502,0.135645,0.291386,0.520244
1533,0.744706,0.652131,0.351761,0.667606,0.154104,0.426731,0.293796,0.586145,0.076762,0.86569,0.636121,0.741499,0.519909,0.312375,0.708211,0.050102,0.556223,0.766617
1534,0.21426,0.651315,0.912881,0.637606,0.58108,0.872932,0.540545,0.540426,0.558391,0.404089,0.029461,0.303282,0.937663,0.457928,0.185399,0.069493,0.983124,0.451366
1535,0.563327,0.535878,0.334561,0.851125,0.651279,0.440087,0.938409,0.996437,0.163535,0.909833,0.157501,0.132249,0.407173,0.242697,0.50435,0.789864,0.467792,0.325963
1536,0.281717,0.08151,0.59814,0.358869,0.385144,0.918257,0.604604,0.502452,0.506384,0.060137,0.779163,0.661703,0.089,0.082132,0.090449,0.513658,0.339292,0.482604
1537,0.208523,0.248144,0.101162,0.157303,0.598628,0.398336,0.103329,0.41261,0.66845,0.699177,0.520837,0.615942,0.943228,0.899281,0.779125,0.264631,0.485386,0.630464
1538,0.497461,0.59667,0.901356,0.696749,0.141046,0.96313,0.939913,0.231552,0.227396,0.682302,0.700144,0.23624,0.158856,0.368076,0.020975,0.430128,0.760903,0.955704
1539,0.627479,0.034562,0.584688,0.904363,0.346333,0.214058,0.363293,0.011076,0.872396,0.136868,0.027659,0.033497,0.057164,0.266829,0.775526,0.611925,0.134739,0.171596
1540,0.025666,0.514192,0.173338,0.198414,0.834399,0.148793,0.454571,0.146298,0.324214,0.01199,0.809751,0.113289,0.80308,0.443358,0.742961,0.327008,0.969928,0.900132
1541,0.310174,0.555049,0.629128,0.280058,0.562374,0.793566,0.169351,0.875273,0.642782,0.806821,0.39315,0.266538,0.531089,0.741191,0.458753,0.541137,0.032354,0.999926
1542,0.38667,0.988466,0.965377,0.807672,0.740871,0.609524,0.282959,0.566714,0.235592,0.178855,0.518167,0.828432,0.009945,0.607728,0.251108,0.916846,0.793441,0.270164
1543,0.22798,0.971774,0.235866,0.37274,0.530108,0.646499,0.99438,0.509254,0.766066,0.79296,0.273559,0.0037,0.91645,0.365936,0.618031,0.914224,0.12635,0.456995
1544,0.717074,0.582473,0.245624,0.163898,0.825904,0.613545,0.639657,0.358775,0.122357,0.086064,0.622605,0.473794,0.050575,0.496271,0.991785,0.628663,0.392525,0.220203
1545,0.225301,0.909868,0.094148,0.12688,0.818719,0.551865,0.989772,0.031257,0.415984,0.868247,0.545011,0.484994,0.625536,0.859428,0.577554,0.685832,0.514388,0.168216
1546,0.590324,0.615039,0.291234,0.580537,0.017044,0.427855,0.404029,0.345687,0.310131,0.366675,0.00211,0.544825,0.865727,0.414909,0.885673,0.628432,0.167498,0.517639
1547,0.827961,0.569567,0.733823,0.364347,0.050329,0.112083,0.675141,0.43845,0.637273,0.690931,0.368498,0.190031,0.355876,0.243007,0.517499,0.319797,0.809194,0.802542
1548,0.927648,0.387457,0.77411,0.913768,0.422033,0.36697,0.720065,0.933922,0.257829,0.470524,0.829165,0.153329,0.763722,0.943143,0.557552,0.023004,0.190239,0.852567
1549,0.175718,0.774068,0.200855,0.673488,0.790285,0.41838,0.799548,0.897141,0.990722,0.807319,0.892805,0.929683,0.517099,0.78684,0.062708,0.216489,0.011894,0.03123
1550,0.227219,0.161021,0.940096,0.960009,0.131385,0.444867,0.587868,0.778976,0.05074,0.354136,0.153497,0.28766,0.053408,0.148842,0.201142,0.897948,0.61165,0.804756
1551,0.27221,0.18526,0.473645,0.886067,0.571405,0.709767,0.542965,0.087837,0.92809,0.776044,0.598375,0.949004,0.649329,0.637606,0.608106,0.306077,0.321931,0.285536
1552,0.34129,0.652278,0.948987,0.047526,0.905736,0.018476,0.789756,0.083943,0.476943,0.706742,0.916154,0.682288,0.869797,0.419895,0.98095,0.292506,0.748849,0.86301
1553,0.28139,0.745053,0.954511,0.779091,0.248095,0.319635,0.253106,0.78442,0.880339,0.850948,0.67116,0.557713,0.078894,0.73023,0.436182,0.987736,0.119014,0.920346
1554,0.703591,0.084921,0.366623,0.28703,0.041124,0.770151,0.630629,0.527801,0.488562,0.667828,0.834425,0.291341,0.489006,0.483809,0.410075,0.707388,0.291862,0.856638
1555,0.471653,0.992469,0.59492,0.124444,0.506845,0.948775,0.933066,0.389248,0.501683,0.973249,0.474709,0.258797,0.82283,0.82071,0.091615,0.859124,0.049359,0.310539
1556,0.050738,0.793317,0.126612,0.571875,0.41353,0.354638,0.871532,0.066896,0.475455,0.474628,0.46098,0.936302,0.239963,0.299903,0.523823,0.178753,0.503715,0.843763
1557,0.201918,0.217397,0.945876,0.129408,0.511501,0.584779,0.866482,0.394948,0.733904,0.688434,0.081904,0.721106,0.564298,0.245066,0.202255,0.160076,0.875824,0.057877
1558,0.249518,0.763483,0.880444,0.023412,0.216355,0.289089,0.259076,0.253644,0.331256,0.659185,0.130798,0.89336,0.370659,0.022994,0.979399,0.248033,0.747872,0.820741
1559,0.772149,0.158125,0.236541,0.729943,0.348262,0.444995,0.949885,0.508148,0.268454,0.124241,0.824925,0.161695,0.295148,0.26918,0.006515,0.260918,0.857261,0.328467
1560,0.131091,0.781599,0.871256,0.337482,0.688228,0.278973,0.53132,0.993472,0.424528,0.674144,0.364618,0.693634,0.755251,0.221199,0.050461,0.482373,0.785359,0.108039
1561,0.094578,0.293438,0.31451,0.904536,0.025349,0.601675,0.888252,0.458261,0.479891,0.069617,0.020536,0.277191,0.239457,0.736548,0.353054,0.794828,0.558843,0.857104
1562,0.634924,0.198497,0.725355,0.861488,0.591647,0.980625,0.236198,0.363895,0.730924,0.305154,0.885645,0.776804,0.22434,0.50694,0.857816,0.957382,0.635955,0.974391
1563,0.085072,0.373481,0.657052,0.748699,0.571454,0.008027,0.075534,0.060226,0.016574,0.70073,0.685551,0.951388,0.639786,0.422453,0.997148,0.291163,0.757033,0.913211
1564,0.702799,0.583201,0.240763,0.360737,0.08043,0.907102,0.703704,0.558331,0.643484,0.472125,0.728074,0.108763,0.708817,0.220991,0.173374,0.338504,0.235809,0.373352
1565,0.178807,0.587102,0.598349,0.861849,0.304541,0.513821,0.48478,0.559377,0.459081,0.051954,0.798393,0.775281,0.45641,0.799585,0.046111,0.012142,0.440162,0.234601
1566,0.632353,0.351766,0.812574,0.125508,0.431858,0.820543,0.930523,0.549149,0.049811,0.611162,0.158294,0.122935,0.448928,0.059812,0.455835,0.857052,0.666999,0.155609
1567,0.348109,0.740882,0.949707,0.810474,0.022563,0.095885,0.5392,0.146412,0.782212,0.191828,0.325116,0.488764,0.866819,0.843028,0.272654,0.880845,0.555924,0.97393
1568,0.077286,0.477141,0.8119,0.410868,0.408007,0.336359,0.913991,0.585893,0.228795,0.197223,0.182553,0.66048,0.957444,0.141243,0.794496,0.73838,0.019159,0.936182
1569,0.698638,0.439105,0.939719,0.321073,0.492783,0.834711,0.958058,0.013199,0.285068,0.035323,0.115431,0.03706,0.831825,0.592674,0.491545,0.519727,0.367858,0.269481
1570,0.003169,0.680814,0.218753,0.380175,0.229486,0.861878,0.873377,0.876791,0.756231,0.024075,0.796722,0.554144,0.623062,0.502422,0.611683,0.236706,0.111958,0.521961
1571,0.753247,0.713529,0.39255,0.882503,0.994009,0.17101,0.664908,0.56877,0.599168,0.355406,0.956176,0.858503,0.293765,0.533449,0.615597,0.598171,0.998523,0.633509
1572,0.903498,0.975,0.774016,0.605609,0.162692,0.904831,0.206733,0.775111,0.434652,0.999085,0.682325,0.860262,0.644638,0.541474,0.431523,0.675939,0.758508,0.225987
1573,0.209892,0.065076,0.831504,0.47091,0.95064,0.528814,0.837497,0.674737,0.305484,0.023436,0.144866,0.991626,0.549455,0.380594,0.034454,0.425333,0.687083,0.995214
1574,0.483149,0.962163,0.415436,0.583343,0.84097,0.047754,0.340236,0.806513,0.474904,0.389661,0.819183,0.808221,0.619807,0.137086,0.035097,0.130121,0.186346,0.156959
1575,0.719383,0.21659,0.429599,0.020352,0.644175,0.572751,0.463001,0.562861,0.517944,0.286025,0.332998,0.019162,0.915505,0.011176,0.433576,0.429068,0.268209,0.432745
1576,0.300946,0.12215,0.134207,0.587161,0.211938,0.902138,0.758245,0.925929,0.75477,0.321943,0.198169,0.064497,0.731246,0.988312,0.470557,0.733262,0.937791,0.581286
1577,0.597897,0.665869,0.703674,0.578945,0.402995,0.823011,0.392642,0.40999,0.751368,0.590087,0.515431,0.611392,0.609903,0.809151,0.695879,0.709093,0.117773,0.846156
1578,0.029828,0.242132,0.16045,0.436802,0.444826,0.553626,0.312109,0.286099,0.070381,0.345103,0.196687,0.519593,0.021199,0.363125,0.010583,0.336559,0.944073,0.533791
1579,0.321433,0.649932,0.602543,0.268253,0.859005,0.347188,0.271673,0.903797,0.16679,0.255036,0.379438,0.049979,0.387094,0.474414,0.059213,0.754941,0.623369,0.869918
1580,0.293684,0.449741,0.712093,0.489,0.942744,0.651535,0.656539,0.058526,0.884967,0.450125,0.881278,0.181854,0.70861,0.496503,0.416518,0.639213,0.925869,0.216351
1581,0.670108,0.972701,0.528264,0.466287,0.09183,0.350818,0.960857,0.590727,0.560421,0.292393,0.048357,0.023975,0.966349,0.697613,0.542995,0.493059,0.35799,0.367663
1582,0.624834,0.769459,0.415531,0.941851,0.589719,0.162043,0.373158,0.12594,0.197263,0.42604,0.407378,0.055916,0.807626,0.496657,0.305279,0.014389,0.516378,0.176004
1583,0.683185,0.451958,0.233176,0.071385,0.633994,0.121876,0.365217,0.90507,0.952852,0.603706,0.195132,0.949518,0.908706,0.374141,0.272432,0.399633,0.340563,0.023893
1584,0.877962,0.671537,0.824336,0.91205,0.753283,0.829608,0.653773,0.617272,0.633949,0.729752,0.244496,0.700084,0.613646,0.055834,0.116289,0.399932,0.912746,0.293635
1585,0.93585,0.046134,0.733965,0.8493,0.634454,0.629228,0.037375,0.715284,0.135908,0.769447,0.811298,0.301797,0.576743,0.67731,0.654106,0.829956,0.369714,0.423084
1586,0.104029,0.522649,0.438961,0.714887,0.25488,0.961725,0.872432,0.975159,0.521828,0.127889,0.108862,0.843736,0.675161,0.572996,0.266527,0.551266,0.45492,0.993347
1587,0.637705,0.818724,0.479421,0.256988,0.614329,0.161054,0.967954,0.95819,0.746388,0.411734,0.394617,0.481695,0.645299,0.34125,0.695678,0.233544,0.421727,0.013349
1588,0.339974,0.504762,0.669259,0.434128,0.205268,0.760426,0.758222,0.959966,0.208946,0.447671,0.980715,0.106232,0.152239,0.022449,0.6668,0.463861,0.338723,0.846356
1589,0.317784,0.421601,0.235847,0.424618,0.389336,0.29274,0.800601,0.954177,0.833637,0.640302,0.155501,0.486185,0.838143,0.44105,0.581693,0.713217,0.371294,0.6889
1590,0.826558,0.256574,0.102011,0.474839,0.579392,0.819675,0.585265,0.828357,0.683662,0.44879,0.289596,0.327991,0.440352,0.439595,0.517413,0.138152,0.044657,0.856619
1591,0.528859,0.46023,0.134143,0.991429,0.040284,0.633282,0.106004,0.537952,0.335576,0.832026,0.808302,0.613978,0.446447,0.662842,0.792869,0.230188,0.698747,0.954904
1592,0.44325,0.780092,0.83192,0.207658,0.043925,0.352179,0.287367,0.729652,0.681499,0.844087,0.484527,0.287676,0.646045,0.805157,0.924735,0.276044,0.420965,0.975646
1593,0.192131,0.713521,0.835466,0.784458,0.763583,0.209194,0.019976,0.104037,0.850989,0.337225,0.473365,0.184269,0.619831,0.964762,0.856379,0.124109,0.627706,0.30091
1594,0.740193,0.133861,0.450357,0.105602,0.883231,0.435148,0.277788,0.148355,0.333464,0.143107,0.930472,0.387286,0.839149,0.353433,0.235165,0.779062,0.747333,0.640116
1595,0.867588,0.327284,0.090077,0.374104,0.001402,0.024054,0.902969,0.751675,0.065799,0.603428,0.490509,0.428769,0.847741,0.913243,0.760063,0.76673,0.889352,0.829954
1596,0.666862,0.395993,0.816477,0.457154,0.328403,0.716775,0.173574,0.656843,0.351867,0.494063,0.089644,0.776299,0.244951,0.957826,0.919881,0.890827,0.410732,0.138862
1597,0.721106,0.407596,0.687112,0.438507,0.408721,0.493486,0.388398,0.829199,0.440043,0.640236,0.111501,0.978172,0.213087,0.693954,0.475526,0.918945,0.760101,0.409248
1598,0.109496,0.962215,0.670253,0.099458,0.096855,0.356061,0.12231,0.440303,0.224952,0.654224,0.61694,0.569269,0.867826,0.140361,0.835397,0.25995,0.081238,0.224062
1599,0.316305,0.809818,0.722371,0.018296,0.013978,0.695044,0.370254,0.423213,0.002739,0.948398,0.526014,0.397567,0.350592,0.11953,0.733124,0.026966,0.178396,0.966349
1600,0.468906,0.260901,0.683784,0.160224,0.292111,0.646349,0.03445,0.814088,0.241195,0.608534,0.973921,0.681789,0.169196,0.863268,0.908784,0.386952,0.319998,0.597993
1601,0.781277,0.641815,0.107321,0.746118,0.719311,0.997587,0.789985,0.816455,0.915623,0.799561,0.717496,0.943345,0.295046,0.878318,0.288702,0.179809,0.171342,0.199128
1602,0.098116,0.237768,0.340011,0.935672,0.14681,0.90534,0.673875,0.063277,0.245535,0.164106,0.19645,0.108683,0.013923,0.88575,0.657782,0.990557,0.291997,0.686246
1603,0.207204,0.442433,0.394986,0.746211,0.28717,0.610229,0.320662,0.613648,0.855884,0.042918,0.113599,0.947949,0.907902,0.206244,0.366839,0.106403,0.381738,0.579334
1604,0.9517,0.591183,0.906351,0.868659,0.434064,0.373128,0.214531,0.391072,0.558392,0.012195,0.887948,0.150505,0.383356,0.134416,0.283138,0.0058,0.622854,0.777752
1605,0.142903,0.411593,0.239697,0.921853,0.183829,0.566459,0.435154,0.711444,0.990569,0.954034,0.371938,0.12107,0.25201,0.353846,0.657139,0.136308,0.533155,0.844034
1606,0.732488,0.493472,0.630598,0.493397,0.917738,0.080089,0.283035,0.71616,0.258259,0.365399,0.574244,0.479896,0.961785,0.392477,0.125355,0.874675,0.09773,0.786336
1607,0.410274,0.52122,0.006944,0.947719,0.334104,0.367967,0.145833,0.800572,0.335782,0.005932,0.894635,0.866295,0.945605,0.028791,0.617778,0.402816,0.115672,0.944733
1608,0.876661,0.130473,0.327829,0.968039,0.754182,0.683982,0.165381,0.706435,0.191159,0.114775,0.006152,0.547408,0.765365,0.297141,0.029512,0.889463,0.833686,0.786435
1609,0.068478,0.264697,0.407231,0.662207,0.048575,0.452758,0.340915,0.241302,0.626837,0.0047,0.180934,0.412093,0.518475,0.222869,0.380533,0.61499,0.165241,0.94399
1610,0.736369,0.573373,0.525059,0.035965,0.954933,0.723459,0.972171,0.286369,0.586569,0.14827,0.841973,0.604848,0.600966,0.48625,0.441914,0.60156,0.934602,0.990095
1611,0.949989,0.600138,0.98368,0.468059,0.036367,0.417517,0.811793,0.365416,0.880942,0.62002,0.76639,0.035594,0.860452,0.80431,0.975284,0.926149,0.786579,0.787575
1612,0.700922,0.936299,0.0152,0.013506,0.152686,0.011698,0.02726,0.170353,0.354547,0.770219,0.991447,0.874663,0.424777,0.528495,0.350657,0.294096,0.239038,0.259127
1613,0.363839,0.034453,0.630814,0.101612,0.185148,0.679475,0.771111,0.432897,0.824,0.675056,0.341761,0.044727,0.130841,0.443516,0.475208,0.133826,0.321186,0.614198
1614,0.967091,0.921868,0.928412,0.124949,0.299549,0.509386,0.659435,0.528659,0.423575,0.19787,0.663766,0.246064,0.84598,0.203344,0.746323,0.749113,0.776059,0.560887
1615,0.802533,0.139573,0.737179,0.721806,0.358429,0.746299,0.331311,0.725736,0.707617,0.055911,0.320474,0.48254,0.935118,0.992712,0.519787,0.160541,0.53623,0.024999
1616,0.678419,0.732985,0.372202,0.83937,0.879256,0.746264,0.358404,0.968963,0.826172,0.060391,0.483515,0.220703,0.792929,0.484318,0.543961,0.629674,0.389356,0.971332
1617,0.267626,0.432183,0.73583,0.421809,0.951349,0.154606,0.206148,0.946599,0.658299,0.880307,0.031833,0.899996,0.666259,0.558017,0.737306,0.245168,0.675615,0.044554
1618,0.75328,0.993606,0.712587,0.827415,0.938332,0.460245,0.733946,0.090023,0.390327,0.69803,0.476823,0.813089,0.642749,0.382819,0.129502,0.360117,0.677685,0.782857
1619,0.906507,0.20273,0.341339,0.402667,0.716331,0.245864,0.023221,0.233098,0.955245,0.420484,0.181217,0.735269,0.19946,0.414601,0.535379,0.96632,0.617697,0.730492
1620,0.638718,0.049972,0.271039,0.839319,0.104793,0.12094,0.806772,0.548947,0.567071,0.417323,0.12388,0.495842,0.907432,0.259743,0.998005,0.132586,0.433022,0.776165
1621,0.383531,0.562606,0.630931,0.446869,0.893016,0.074316,0.440766,0.385822,0.797579,0.127457,0.057786,0.42855,0.440392,0.282915,0.569042,0.431823,0.879881,0.096842
1622,0.980218,0.750242,0.724057,0.992446,0.037179,0.90762,0.440271,0.718393,0.536097,0.793909,0.797893,0.195367,0.236994,0.57789,0.988487,0.109677,0.09516,0.324684
1623,0.058643,0.820244,0.356898,0.375579,0.57838,0.576063,0.66256,0.666841,0.703945,0.15998,0.6648,0.506247,0.090384,0.440801,0.73475,0.033396,0.704923,0.191413
1624,0.321783,0.909475,0.884695,0.487601,0.64284,0.965468,0.609085,0.601838,0.778329,0.17971,0.995818,0.227463,0.125871,0.085197,0.322217,0.614396,0.843116,0.123458
1625,0.962136,0.702581,0.576517,0.846611,0.892717,0.033261,0.538874,0.025666,0.206005,0.225309,0.581351,0.921333,0.231329,0.884101,0.584544,0.816163,0.059261,0.63475
1626,0.619229,0.994755,0.422224,0.629811,0.878765,0.601979,0.41057,0.815039,0.808109,0.017545,0.042919,0.609886,0.710131,0.547557,0.392872,0.844752,0.670701,0.607711
1627,0.097672,0.038168,0.641535,0.606057,0.347319,0.152281,0.285982,0.150774,0.726844,0.622781,0.198206,0.184427,0.304607,0.677819,0.020759,0.228289,0.774974,0.911315
1628,0.561281,0.35463,0.481654,0.310751,0.416414,0.315614,0.813883,0.835336,0.819761,0.657919,0.064917,0.321628,0.889321,0.52747,0.001339,0.313021,0.137818,0.950128
1629,0.998252,0.108381,0.25954,0.989644,0.734762,0.636302,0.657962,0.919278,0.651997,0.995774,0.380542,0.328794,0.89889,0.869275,0.902219,0.312098,0.25031,0.544082
1630,0.929309,0.716709,0.887543,0.794134,0.386674,0.484083,0.507419,0.39575,0.467361,0.634247,0.066353,0.783896,0.507643,0.179872,0.535812,0.849922,0.796081,0.796231
1631,0.309027,0.475969,0.193823,0.740249,0.209148,0.497558,0.611949,0.6542,0.387476,0.563243,0.474142,0.01821,0.43509,0.793913,0.941149,0.407491,0.970526,0.452241
1632,0.249247,0.536924,0.645071,0.622423,0.90893,0.576537,0.12412,0.736144,0.211508,0.600264,0.970473,0.216488,0.186451,0.652286,0.934996,0.011675,0.980259,0.527544
1633,0.268511,0.287594,0.950064,0.272073,0.292851,0.38052,0.229678,0.077139,0.588829,0.156167,0.382284,0.457876,0.904544,0.87306,0.679922,0.831826,0.817431,0.893281
1634,0.218331,0.879625,0.045503,0.728867,0.271089,0.78533,0.006268,0.241112,0.278682,0.594521,0.465082,0.485739,0.452116,0.926444,0.204946,0.465469,0.514863,0.519507
1635,0.193715,0.472417,0.263308,0.267059,0.502727,0.674204,0.314108,0.379013,0.238011,0.165361,0.394174,0.931864,0.628623,0.456895,0.335676,0.743982,0.88772,0.139168
1636,0.303478,0.007711,0.945513,0.149027,0.308077,0.388021,0.334143,0.662836,0.58994,0.913381,0.573345,0.921889,0.238734,0.621223,0.315431,0.662557,0.083013,0.282483
1637,0.785692,0.177648,0.134383,0.704423,0.464167,0.445824,0.408346,0.747606,0.287502,0.111192,0.778993,0.974508,0.954172,0.997376,0.186084,0.595119,0.695468,0.21964
1638,0.527261,0.603047,0.503596,0.503261,0.576815,0.093984,0.640139,0.700659,0.412645,0.190182,0.102153,0.623595,0.113227,0.226698,0.279522,0.13822,0.834894,0.389484
1639,0.223897,0.639439,0.965691,0.964702,0.254232,0.030923,0.521483,0.561532,0.894154,0.157033,0.076207,0.979429,0.429013,0.680449,0.445483,0.912313,0.736377,0.937331
1640,0.83625,0.773143,0.152663,0.6188,0.014192,0.39218,0.23092,0.44462,0.515935,0.028719,0.598614,0.231184,0.700054,0.018103,0.634615,0.426965,0.682624,0.418856
1641,0.435775,0.209986,0.069604,0.202538,0.100014,0.464764,0.106237,0.243907,0.582118,0.426761,0.705205,0.474482,0.816894,0.653476,0.760028,0.879797,0.53287,0.94178
1642,0.153668,0.114715,0.279575,0.383545,0.433585,0.916509,0.154574,0.345645,0.806836,0.51176,0.357003,0.708422,0.775216,0.649785,0.315323,0.246474,0.848479,0.37948
1643,0.627119,0.440922,0.146531,0.918329,0.595005,0.529533,0.721905,0.044458,0.671057,0.401398,0.104604,0.223069,0.542699,0.857901,0.938251,0.519012,0.227465,0.389793
1644,0.053483,0.077963,0.002941,0.549845,0.486987,0.24382,0.22587,0.253325,0.458115,0.500737,0.271356,0.445129,0.614434,0.231521,0.536099,0.343134,0.300211,0.422739
1645,0.02235,0.647454,0.488064,0.124708,0.447951,0.665752,0.447489,0.973496,0.293255,0.865611,0.885146,0.358788,0.626245,0.027305,0.085371,0.424021,0.222312,0.576113
1646,0.780458,0.843123,0.477966,0.115801,0.059936,0.215498,0.680585,0.763714,0.004603,0.249639,0.265125,0.650444,0.364435,0.18817,0.500549,0.198551,0.80675,0.998584
1647,0.308025,0.423781,0.982711,0.085606,0.063115,0.506384,0.536553,0.343706,0.35179,0.379584,0.379136,0.512373,0.003281,0.455301,0.342362,0.343198,0.597327,0.809955
1648,0.619875,0.053134,0.919123,0.882785,0.981673,0.117413,0.211759,0.469079,0.935694,0.241065,0.590648,0.746257,0.348796,0.271542,0.117568,0.716229,0.713495,0.128354
1649,0.445636,0.930743,0.002423,0.463204,0.28481,0.322748,0.636889,0.025571,0.16609,0.760334,0.718355,0.495521,0.258143,0.604738,0.642652,0.951985,0.069288,0.521346
1650,0.993924,0.943166,0.444526,0.97897,0.543576,0.605407,0.664644,0.028566,0.407353,0.231116,0.110519,0.241124,0.273081,0.831785,0.786415,0.238365,0.583673,0.896084
1651,0.087862,0.343379,0.195186,0.467959,0.765894,0.28627,0.442441,0.835183,0.624222,0.572462,0.782275,0.367631,0.68743,0.693842,0.222759,0.109616,0.444154,0.290396
1652,0.984906,0.744394,0.374452,0.306006,0.204293,0.37685,0.36929,0.06318,0.934312,0.066881,0.34847,0.781524,0.816492,0.559899,0.44959,0.838456,0.351304,0.316481
1653,0.694548,0.199041,0.349944,0.539933,0.701926,0.113565,0.602236,0.775937,0.341877,0.685832,0.831119,0.741597,0.208047,0.68318,0.137181,0.829415,0.427115,0.708578
1654,0.997073,0.786388,0.530062,0.586062,0.071411,0.196418,0.148552,0.364702,0.259073,0.377528,0.67701,0.253405,0.729947,0.244712,0.132808,0.753293,0.168297,0.370603
1655,0.185509,0.095369,0.111034,0.006516,0.255115,0.488832,0.221274,0.813866,0.42593,0.020253,0.733605,0.644057,0.497005,0.330093,0.77263,0.896608,0.116917,0.930498
1656,0.294453,0.709526,0.943939,0.429336,0.691925,0.146643,0.322737,0.55794,0.997087,0.552637,0.310748,0.349768,0.908293,0.059127,0.113549,0.834224,0.725769,0.548617
1657,0.118012,0.27187,0.541764,0.669175,0.04276,0.22031,0.188653,0.913913,0.586307,0.832774,0.153579,0.639625,0.152514,0.907887,0.957755,0.826545,0.474786,0.398192
1658,0.989683,0.505543,0.186043,0.787083,0.647951,0.899584,0.463363,0.418106,0.289492,0.994875,0.310974,0.207763,0.764625,0.925783,0.027458,0.674347,0.797535,0.362488
1659,0.292114,0.63328,0.423345,0.377587,0.665246,0.598385,0.890817,0.770067,0.027056,0.689621,0.23204,0.476166,0.808205,0.932295,0.122278,0.969403,0.019528,0.074373
1660,0.248076,0.843019,0.838888,0.33957,0.850184,0.708353,0.253105,0.388145,0.45106,0.479436,0.121012,0.333504,0.395639,0.467359,0.542288,0.259114,0.273325,0.697548
1661,0.543584,0.464867,0.420565,0.800637,0.335345,0.805007,0.036169,0.944134,0.717995,0.46551,0.109752,0.070053,0.843369,0.362963,0.587266,0.934334,0.532242,0.730155
1662,0.883897,0.504176,0.527645,0.18796,0.624838,0.05951,0.411244,0.314575,0.898897,0.714471,0.020231,0.254486,0.316061,0.022853,0.085464,0.121,0.726481,0.559383
1663,0.545297,0.183399,0.851991,0.836077,0.642768,0.24372,0.997226,0.848119,0.080877,0.662566,0.298462,0.601321,0.30254,0.92927,0.172564,0.168774,0.623403,0.163192
1664,0.01521,0.360696,0.157541,0.84712,0.738305,0.035733,0.558534,0.3629,0.34607,0.146697,0.609235,0.948696,0.66264,0.630365,0.155652,0.596666,0.80634,0.636226
1665,0.325051,0.496869,0.953587,0.167562,0.400254,0.146254,0.642557,0.358043,0.194045,0.172792,0.6744,0.850721,0.255856,0.186424,0.075466,0.204159,0.410017,0.884117
1666,0.631073,0.425382,0.960206,0.588185,0.296034,0.607284,0.211295,0.130562,0.533847,0.234577,0.841178,0.305635,0.151459,0.138226,0.092966,0.413981,0.831546,0.785008
1667,0.477292,0.557866,0.257221,0.812307,0.621928,0.207888,0.481896,0.882641,0.986793,0.665314,0.231174,0.104017,0.576891,0.34332,0.420236,0.691895,0.848379,0.300175
1668,0.213559,0.985325,0.306722,0.776608,0.554765,0.639212,0.377119,0.291646,0.753863,0.184724,0.803875,0.756708,0.993768,0.019881,0.33993,0.629774,0.903425,0.880961
1669,0.349865,0.100734,0.624012,0.051046,0.565188,0.793159,0.896096,0.701102,0.9017,0.656132,0.87015,0.678104,0.533477,0.889073,0.737216,0.951287,0.443799,0.148369
1670,0.427774,0.474326,0.903337,0.452404,0.524102,0.429137,0.484125,0.975675,0.185322,0.955062,0.639193,0.205809,0.474052,0.701979,0.061892,0.607257,0.3148,0.493037
1671,0.011037,0.004542,0.227233,0.24561,0.522932,0.660984,0.496533,0.30743,0.157401,0.320287,0.963477,0.283852,0.298619,0.55237,0.401294,0.5174,0.138495,0.705963
1672,0.623193,0.120066,0.418458,0.838689,0.114232,0.207878,0.765037,0.721769,0.705902,0.791138,0.091379,0.066479,0.883764,0.313498,0.237879,0.47191,0.173972,0.510516
1673,0.850956,0.263805,0.978646,0.165102,0.950447,0.279342,0.580647,0.852302,0.098399,0.283082,0.438364,0.946703,0.776488,0.580136,0.113839,0.096454,0.753546,0.686486
1674,0.167091,0.943937,0.969002,0.134889,0.307505,0.898488,0.070541,0.172271,0.815945,0.847276,0.103435,0.213876,0.289185,0.481757,0.35304,0.604772,0.069346,0.639798
1675,0.793189,0.85586,0.706751,0.88143,0.465826,0.355665,0.756507,0.875365,0.483441,0.369305,0.981318,0.914669,0.639013,0.048584,0.770385,0.857771,0.202045,0.9745
1676,0.397447,0.001503,0.446878,0.69868,0.111491,0.707717,0.448361,0.488479,0.871318,0.961197,0.773854,0.056282,0.325509,0.036287,0.460013,0.120398,0.841226,0.363983
1677,0.263993,0.721767,0.303281,0.251847,0.945095,0.164677,0.055902,0.28539,0.022295,0.040333,0.459957,0.398865,0.983895,0.21058,0.415981,0.953418,0.925621,0.98787
1678,0.574735,0.102972,0.95304,0.398823,0.579723,0.644974,0.690201,0.152778,0.188148,0.088252,0.363797,0.298153,0.466064,0.71621,0.021201,0.407111,0.567957,0.324568
1679,0.178876,0.530378,0.505909,0.09368,0.982709,0.206936,0.221533,0.252385,0.756731,0.850224,0.283398,0.163231,0.703896,0.329432,0.952663,0.80505,0.602338,0.286648
1680,0.305575,0.375299,0.882939,0.243722,0.375258,0.435718,0.878109,0.571606,0.978654,0.608243,0.835049,0.86007,0.31866,0.393685,0.201192,0.785413,0.456834,0.191843
1681,0.813366,0.818214,0.815213,0.000316,0.142582,0.71983,0.522254,0.528573,0.770357,0.007093,0.437686,0.371312,0.780355,0.012615,0.682379,0.878336,0.063039,0.806144
1682,0.436982,0.502065,0.447049,0.582465,0.118089,0.509382,0.675316,0.734615,0.785968,0.965601,0.514954,0.865872,0.209706,0.61412,0.063672,0.939919,0.08935,0.305663
1683,0.962823,0.745859,0.120547,0.214924,0.311184,0.910503,0.260104,0.756236,0.533853,0.511649,0.389152,0.652955,0.320219,0.696923,0.081653,0.708189,0.753065,0.087677
1684,0.273113,0.722448,0.426471,0.442327,0.170357,0.105088,0.607377,0.366134,0.185374,0.18796,0.094883,0.750092,0.511692,0.533143,0.080771,0.076529,0.550122,0.387186
1685,0.237679,0.906682,0.783017,0.158159,0.636756,0.52426,0.795178,0.193855,0.638969,0.059099,0.442423,0.64664,0.805941,0.132707,0.589452,0.622223,0.399016,0.296888
1686,0.53584,0.67634,0.981769,0.72075,0.558423,0.091367,0.932145,0.638643,0.02372,0.172208,0.597802,0.358261,0.055361,0.241876,0.671979,0.742494,0.058571,0.990754
1687,0.809676,0.65297,0.452638,0.80747,0.499519,0.06881,0.05211,0.724059,0.372299,0.296306,0.729824,0.223544,0.121991,0.140875,0.626135,0.522838,0.551372,0.356125
1688,0.79568,0.366724,0.862897,0.212217,0.032706,0.466327,0.794536,0.18882,0.431164,0.803977,0.849714,0.52095,0.230655,0.278541,0.005934,0.620781,0.181935,0.488612
1689,0.23692,0.522268,0.261713,0.532555,0.743307,0.957397,0.700114,0.052354,0.047701,0.955982,0.287924,0.651201,0.248904,0.732747,0.659594,0.397761,0.603585,0.448252
1690,0.196097,0.129633,0.906525,0.057512,0.783309,0.30978,0.563015,0.05998,0.49658,0.803473,0.139291,0.320232,0.684829,0.678473,0.710674,0.073694,0.623634,0.692997
1691,0.332504,0.786448,0.291348,0.673433,0.42271,0.546302,0.485552,0.757456,0.341544,0.10215,0.920657,0.180284,0.470191,0.701587,0.377352,0.919196,0.693826,0.898333
1692,0.402085,0.040874,0.394545,0.577536,0.377127,0.797933,0.199826,0.983516,0.186886,0.668246,0.062477,0.461349,0.110012,0.787607,0.180681,0.165279,0.717013,0.83898
1693,0.188547,0.123123,0.731213,0.305701,0.737202,0.688404,0.525973,0.177543,0.891628,0.748318,0.583579,0.776071,0.586316,0.320104,0.985751,0.505072,0.444147,0.124958
1694,0.176162,0.422173,0.85794,0.860776,0.663569,0.645459,0.433235,0.4657,0.527482,0.889355,0.037663,0.473983,0.274583,0.091384,0.555437,0.575382,0.722138,0.226248
1695,0.741744,0.435456,0.203753,0.235035,0.059907,0.442812,0.952435,0.645249,0.952805,0.395704,0.576394,0.278393,0.045716,0.50658,0.698476,0.651232,0.818133,0.406504
1696,0.307134,0.978784,0.534517,0.213565,0.810503,0.643628,0.590284,0.65946,0.529046,0.218566,0.923886,0.161194,0.348311,0.886447,0.014914,0.752061,0.234682,0.747688
1697,0.927881,0.649155,0.533097,0.343196,0.052051,0.692861,0.005383,0.166109,0.669466,0.192169,0.294798,0.932556,0.300278,0.191455,0.239138,0.984972,0.423494,0.012222
1698,0.533773,0.441458,0.879417,0.747821,0.26904,0.029088,0.003217,0.654709,0.364153,0.231789,0.520597,0.810318,0.863295,0.276527,0.692959,0.778684,0.769495,0.469801
1699,0.0333,0.951974,0.572511,0.235351,0.560604,0.917442,0.66038,0.782533,0.715869,0.582439,0.891051,0.427025,0.336403,0.703126,0.963707,0.225973,0.454087,0.566649
1700,0.719409,0.960102,0.299498,0.893043,0.767624,0.57544,0.257395,0.18656,0.521527,0.374786,0.089489,0.713175,0.034042,0.345965,0.508916,0.014734,0.403855,0.441801
1701,0.180849,0.568007,0.123907,0.242852,0.313283,0.893068,0.885532,0.508863,0.758399,0.130284,0.528919,0.663845,0.444657,0.740661,0.14045,0.314697,0.248396,0.981082
1702,0.414414,0.286705,0.474321,0.523899,0.752861,0.715275,0.251368,0.302769,0.422632,0.583678,0.819843,0.228026,0.813175,0.169108,0.129164,0.86019,0.14614,0.795611
1703,0.436335,0.415078,0.058597,0.258509,0.1489,0.720285,0.904692,0.536819,0.486226,0.272838,0.848503,0.676198,0.174289,0.448315,0.557195,0.264663,0.894534,0.315768
1704,0.043143,0.923295,0.868539,0.07555,0.401897,0.009885,0.944232,0.251411,0.272488,0.165919,0.560746,0.188397,0.802813,0.034993,0.669487,0.572256,0.310964,0.12488
1705,0.906508,0.658495,0.482893,0.754224,0.253478,0.293159,0.609164,0.268162,0.56373,0.779551,0.680174,0.655392,0.863996,0.118537,0.977919,0.099605,0.393992,0.877278
1706,0.281012,0.278872,0.536658,0.63449,0.969447,0.009056,0.226941,0.972708,0.051133,0.898628,0.283591,0.539935,0.61633,0.911442,0.79463,0.00378,0.365266,0.366249
1707,0.604312,0.497491,0.258172,0.339684,0.678904,0.360479,0.240753,0.001013,0.706543,0.976373,0.922845,0.541909,0.839325,0.277383,0.287236,0.056724,0.661583,0.072269
1708,0.255761,0.699578,0.830508,0.047609,0.139193,0.524228,0.992083,0.226719,0.267902,0.483521,0.21351,0.746945,0.813168,0.797446,0.236782,0.622826,0.732898,0.124565
1709,0.587229,0.416943,0.770706,0.910983,0.083569,0.745158,0.668728,0.420242,0.787116,0.112797,0.570485,0.682798,0.606541,0.338714,0.445996,0.032932,0.700576,0.580878
1710,0.852261,0.593649,0.161929,0.289427,0.81352,0.685205,0.429095,0.158335,0.29214,0.028418,0.191403,0.988451,0.650504,0.619368,0.3192,0.946798,0.492366,0.829867
1711,0.180106,0.99679,0.934692,0.419651,0.337176,0.533592,0.47588,0.609594,0.516135,0.733263,0.649324,0.365869,0.959638,0.632337,0.360688,0.115009,0.088215,0.215894
1712,0.420981,0.135133,0.383223,0.527124,0.105177,0.220822,0.071015,0.326549,0.153719,0.836714,0.477123,0.97193,0.38568,0.3493,0.89827,0.845517,0.499201,0.439028
1713,0.525501,0.679334,0.15314,0.679816,0.016841,0.722587,0.914076,0.179304,0.744193,0.967861,0.641908,0.923952,0.760574,0.258637,0.9262,0.051727,0.787687,0.570156
1714,0.104122,0.872221,0.100267,0.54448,0.858297,0.7782,0.598659,0.917606,0.212268,0.472784,0.199603,0.03493,0.249551,0.55434,0.433198,0.517939,0.372247,0.987296
1715,0.596013,0.536951,0.708599,0.954833,0.54778,0.772966,0.365009,0.091643,0.550618,0.392786,0.024403,0.585337,0.006546,0.760206,0.167417,0.907124,0.360641,0.632675
1716,0.999391,0.492884,0.247581,0.900316,0.571187,0.034282,0.27942,0.658988,0.359882,0.207425,0.7588,0.391532,0.241679,0.179663,0.860784,0.163084,0.370922,0.449564
1717,0.807109,0.323745,0.702728,0.745923,0.843357,0.522359,0.770496,0.435703,0.116147,0.861213,0.140192,0.569006,0.169483,0.549396,0.964565,0.703533,0.893053,0.606719
1718,0.518504,0.526516,0.745818,0.702635,0.34377,0.380462,0.062008,0.57885,0.713669,0.690215,0.945362,0.758559,0.918408,0.310798,0.501203,0.053116,0.927466,0.410242
1719,0.202868,0.752739,0.009045,0.962121,0.42325,0.225432,0.648518,0.664706,0.389644,0.762764,0.461535,0.842466,0.795456,0.992265,0.239234,0.639427,0.985116,0.812916
1720,0.107012,0.766721,0.84882,0.177453,0.294025,0.627861,0.287784,0.257647,0.611084,0.178677,0.675273,0.255005,0.868468,0.035886,0.712871,0.067507,0.376083,0.32915
1721,0.87665,0.63669,0.801767,0.529051,0.421018,0.880013,0.069747,0.205013,0.268337,0.323074,0.122648,0.466971,0.356104,0.619983,0.703408,0.648554,0.020868,0.651105
1722,0.738301,0.62805,0.413117,0.608813,0.314032,0.006017,0.513928,0.921807,0.494541,0.110744,0.586984,0.545227,0.140517,0.255735,0.087302,0.006355,0.61849,0.315164
1723,0.768652,0.804486,0.735373,0.910964,0.11758,0.915905,0.345775,0.574954,0.41256,0.167682,0.055691,0.109212,0.015199,0.666338,0.373443,0.589153,0.603805,0.207684
1724,0.468073,0.08915,0.503211,0.83033,0.832967,0.451646,0.213539,0.04795,0.731321,0.81188,0.264241,0.516746,0.294611,0.442339,0.63995,0.647185,0.602393,0.800532
1725,0.047612,0.552102,0.555862,0.997996,0.657632,0.880344,0.257262,0.93448,0.258533,0.932692,0.752908,0.882277,0.319338,0.30767,0.928591,0.143506,0.729558,0.608463
1726,0.572088,0.982752,0.168426,0.61944,0.745472,0.32053,0.925452,0.161824,0.335926,0.093723,0.933061,0.186012,0.664094,0.34087,0.278686,0.698141,0.873812,0.451807
1727,0.506188,0.337457,0.500015,0.961847,0.338241,0.351731,0.283115,0.118572,0.155677,0.360201,0.138126,0.827956,0.905748,0.155512,0.538009,0.465329,0.890687,0.521764
1728,0.044402,0.778245,0.178405,0.351899,0.150747,0.142324,0.5324,0.973666,0.791287,0.795518,0.624265,0.767303,0.491486,0.979604,0.033774,0.532552,0.300046,0.972885
1729,0.38607,0.440432,0.818734,0.063757,0.819589,0.756742,0.614353,0.334507,0.521317,0.585096,0.377412,0.035065,0.097514,0.125286,0.454777,0.433351,0.135432,0.517145
1730,0.648726,0.292662,0.14401,0.495523,0.385202,0.527886,0.572907,0.874687,0.803514,0.054635,0.770565,0.255229,0.912405,0.725713,0.863724,0.41381,0.833647,0.614927
1731,0.133689,0.386071,0.530124,0.569053,0.1376,0.750576,0.04947,0.862802,0.821487,0.545061,0.435621,0.11352,0.483284,0.899788,0.19549,0.450128,0.153139,0.610697
1732,0.270552,0.819667,0.808215,0.275224,0.344512,0.078616,0.572167,0.499181,0.473188,0.662538,0.824014,0.721606,0.04473,0.247606,0.661929,0.687128,0.796355,0.74083
1733,0.224553,0.620138,0.92178,0.376433,0.377093,0.696354,0.977608,0.899406,0.617356,0.498605,0.142175,0.273111,0.444528,0.963354,0.421797,0.007106,0.249689,0.162578
1734,0.739693,0.74993,0.625934,0.222365,0.218855,0.632296,0.719509,0.038482,0.253906,0.990943,0.649399,0.252231,0.491153,0.711295,0.362234,0.7855,0.917949,0.550693
1735,0.385962,0.35545,0.426686,0.17588,0.756844,0.735191,0.625328,0.577771,0.419559,0.435395,0.146963,0.990156,0.566497,0.591669,0.23163,0.647058,0.126981,0.215069
1736,0.641637,0.301226,0.483219,0.108163,0.833352,0.915464,0.255802,0.706867,0.178414,0.323315,0.688669,0.84964,0.822212,0.668152,0.733595,0.13122,0.606014,0.818323
1737,0.399384,0.186792,0.913341,0.281163,0.762127,0.154792,0.963999,0.989641,0.313512,0.657656,0.826086,0.925753,0.885335,0.299865,0.598579,0.168875,0.521956,0.23405
1738,0.428329,0.975962,0.836117,0.391585,0.640674,0.85899,0.402042,0.96232,0.153888,0.819321,0.866613,0.684516,0.971747,0.414124,0.353498,0.082443,0.783289,0.161471
1739,0.123488,0.369156,0.510128,0.430674,0.993476,0.686632,0.140987,0.820041,0.144695,0.720268,0.163594,0.085921,0.431447,0.144027,0.880842,0.083625,0.130898,0.594538
1740,0.428599,0.795405,0.922444,0.011477,0.981919,0.880783,0.823536,0.012642,0.312701,0.524203,0.466725,0.681925,0.672312,0.917421,0.764306,0.882525,0.905436,0.698026
1741,0.998449,0.388988,0.284507,0.505295,0.666382,0.442924,0.175925,0.433579,0.349986,0.792829,0.426644,0.010075,0.471037,0.044373,0.68969,0.531825,0.998729,0.432347
1742,0.751902,0.548037,0.08164,0.026279,0.412488,0.237588,0.76822,0.923213,0.570402,0.11652,0.021094,0.43497,0.261008,0.015852,0.801815,0.423119,0.175726,0.53959
1743,0.692464,0.864347,0.979938,0.344653,0.169465,0.311132,0.79313,0.489446,0.406221,0.382318,0.572835,0.965388,0.107182,0.485187,0.063577,0.082659,0.296433,0.295949
1744,0.807252,0.207901,0.857071,0.160531,0.189175,0.067374,0.134736,0.985798,0.337805,0.049262,0.56826,0.473093,0.839974,0.110727,0.424857,0.402677,0.669468,0.162285
1745,0.063427,0.544593,0.571493,0.841484,0.462204,0.589819,0.984806,0.091881,0.804231,0.187895,0.899347,0.058932,0.902169,0.919406,0.868205,0.590926,0.159773,0.311979
1746,0.799853,0.244268,0.038673,0.223191,0.98846,0.898398,0.833522,0.093362,0.860463,0.235021,0.937737,0.347971,0.42184,0.842675,0.588218,0.859172,0.976225,0.639421
1747,0.794873,0.983016,0.675005,0.810863,0.239856,0.169477,0.434015,0.532823,0.091037,0.555276,0.358648,0.857984,0.532102,0.955097,0.44487,0.190546,0.958139,0.249144
1748,0.659847,0.92081,0.655232,0.805922,0.569119,0.970143,0.437174,0.932697,0.829922,0.823971,0.168084,0.115458,0.971087,0.26391,0.605527,0.565543,0.235954,0.87421
1749,0.914382,0.461837,0.148747,0.179957,0.930723,0.992202,0.805152,0.707695,0.278655,0.380536,0.76533,0.813881,0.976734,0.425406,0.755577,0.675295,0.129656,0.561564
1750,0.063176,0.274623,0.222631,0.039002,0.465139,0.816266,0.972105,0.072785,0.920827,0.65119,0.246478,0.794247,0.955128,0.649004,0.953996,0.901539,0.764812,0.349854
1751,0.089772,0.613815,0.280464,0.244125,0.186957,0.460327,0.325332,0.238326,0.379969,0.496957,0.834188,0.307215,0.059281,0.730706,0.135689,0.166874,0.392205,0.419325
1752,0.921515,0.865647,0.921534,0.216735,0.97126,0.43322,0.750126,0.87429,0.219765,0.314471,0.389032,0.355247,0.114151,0.985403,0.299288,0.422858,0.009861,0.514289
1753,0.410539,0.646552,0.072648,0.162689,0.796821,0.950869,0.483613,0.536311,0.349293,0.056255,0.004644,0.718047,0.023966,0.727758,0.524111,0.320843,0.530788,0.635155
1754,0.945323,0.839189,0.080592,0.864439,0.295844,0.717883,0.082412,0.140639,0.606013,0.058777,0.453203,0.679399,0.120139,0.858362,0.700018,0.977325,0.648846,0.103084
1755,0.475942,0.836141,0.269503,0.391601,0.791568,0.291248,0.014647,0.337536,0.631147,0.226908,0.509659,0.314886,0.717848,0.257671,0.075938,0.077111,0.380632,0.522012
1756,0.433998,0.155179,0.458914,0.542423,0.245799,0.099394,0.830845,0.527901,0.68768,0.280658,0.421006,0.358011,0.172207,0.604111,0.135535,0.20059,0.419017,0.85942
1757,0.806565,0.480722,0.388424,0.370358,0.036777,0.965067,0.490925,0.862667,0.189044,0.918754,0.672692,0.984408,0.88599,0.519776,0.383438,0.211475,0.386134,0.615094
1758,0.464761,0.248301,0.366649,0.692636,0.093202,0.891577,0.51759,0.317091,0.948439,0.317158,0.584256,0.004913,0.762274,0.743106,0.746841,0.685049,0.720429,0.901555
1759,0.178162,0.056684,0.630099,0.88271,0.118237,0.829645,0.312026,0.363284,0.218071,0.006628,0.922318,0.500088,0.749985,0.797458,0.897772,0.842236,0.331873,0.791047
1760,0.429349,0.096792,0.345682,0.094439,0.760138,0.08942,0.302384,0.532444,0.53285,0.804181,0.171175,0.96464,0.292566,0.17866,0.586124,0.207603,0.701426,0.945736
1761,0.207322,0.965995,0.566188,0.073923,0.618711,0.682279,0.118761,0.145652,0.093686,0.779131,0.486812,0.331929,0.125324,0.225958,0.182408,0.559607,0.654432,0.684641
1762,0.904393,0.849915,0.513022,0.460007,0.278992,0.304981,0.898383,0.493074,0.474253,0.637787,0.500692,0.09574,0.786652,0.961974,0.514228,0.69183,0.689784,0.835334
1763,0.852123,0.901487,0.389129,0.936952,0.51647,0.778749,0.110243,0.185209,0.113749,0.921381,0.704799,0.910942,0.982065,0.711163,0.739262,0.552758,0.6929,0.1864
1764,0.125475,0.163298,0.183467,0.934157,0.298621,0.062308,0.165657,0.200318,0.869785,0.871772,0.623236,0.956183,0.319106,0.225708,0.30138,0.181413,0.68686,0.737746
1765,0.345834,0.268138,0.135584,0.501175,0.001281,0.671241,0.728291,0.495466,0.686992,0.420854,0.168005,0.439084,0.503155,0.94626,0.896362,0.357708,0.838846,0.539998
1766,0.81217,0.268302,0.292125,0.359698,0.122328,0.083124,0.872973,0.571705,0.522805,0.584499,0.609743,0.466929,0.918517,0.909882,0.726279,0.532789,0.239698,0.422941
1767,0.023603,0.433532,0.890423,0.959502,0.871966,0.050015,0.302459,0.942112,0.169846,0.192411,0.958184,0.665664,0.114102,0.959617,0.948487,0.709089,0.317159,0.7654
1768,0.003189,0.831338,0.982627,0.130826,0.244462,0.346587,0.05979,0.497489,0.942771,0.850743,0.325993,0.77739,0.77934,0.527274,0.994212,0.706367,0.560484,0.300555
1769,0.185453,0.550205,0.105569,0.999021,0.251352,0.015524,0.8774,0.613729,0.354535,0.208344,0.66237,0.393839,0.886697,0.290657,0.888978,0.810192,0.516361,0.75197
1770,0.930893,0.590274,0.920249,0.263122,0.879143,0.611105,0.973691,0.823893,0.760755,0.081501,0.50144,0.466484,0.188274,0.451347,0.141326,0.333353,0.254578,0.842894
1771,0.48147,0.850252,0.301474,0.672882,0.674034,0.279661,0.861495,0.457933,0.789015,0.912242,0.391603,0.992269,0.21151,0.908644,0.521607,0.866314,0.261218,0.378201
1772,0.174825,0.380867,0.226611,0.754323,0.213084,0.78238,0.142317,0.837861,0.248865,0.155546,0.962256,0.457745,0.602409,0.192505,0.312287,0.227434,0.42508,0.301747
1773,0.213401,0.871094,0.093865,0.517053,0.228784,0.485984,0.648765,0.348457,0.769853,0.620461,0.978796,0.477398,0.960771,0.202714,0.799753,0.385555,0.506257,0.429498
1774,0.136022,0.991071,0.194036,0.597899,0.322671,0.681522,0.479461,0.656965,0.445825,0.207881,0.08585,0.248139,0.008722,0.678604,0.279393,0.247793,0.61382,0.296622
1775,0.573405,0.491279,0.113723,0.19022,0.811848,0.265012,0.576067,0.144754,0.341254,0.179246,0.810266,0.91617,0.160073,0.655134,0.028918,0.773329,0.303851,0.312561
1776,0.201493,0.657387,0.298189,0.663349,0.533893,0.931174,0.115404,0.852779,0.734202,0.212387,0.36844,0.152825,0.012603,0.91876,0.253508,0.000708,0.695776,0.308447
1777,0.619844,0.794178,0.975425,0.865268,0.816837,0.354186,0.362851,0.093681,0.395341,0.511123,0.643114,0.553657,0.847596,0.080805,0.030067,0.365309,0.15961,0.176051
1778,0.977435,0.203733,0.908506,0.172665,0.912273,0.340975,0.05492,0.737516,0.098381,0.003797,0.719504,0.240446,0.517439,0.700566,0.163558,0.503316,0.409211,0.861264
1779,0.619172,0.367195,0.79952,0.793814,0.538759,0.691707,0.886777,0.047021,0.99146,0.057099,0.64001,0.097062,0.357839,0.603005,0.290938,0.097641,0.559812,0.534482
1780,0.235514,0.049107,0.757181,0.684777,0.351529,0.917338,0.288135,0.756669,0.395174,0.511384,0.718892,0.685726,0.276801,0.604699,0.14188,0.904193,0.189546,0.10846
1781,0.164034,0.950444,0.472913,0.490969,0.483305,0.956161,0.689121,0.264808,0.367503,0.244926,0.179677,0.899362,0.520607,0.797155,0.468901,0.057432,0.910106,0.108738
1782,0.281835,0.46053,0.286525,0.893038,0.456794,0.326463,0.042858,0.287419,0.694455,0.542476,0.893567,0.34252,0.127597,0.14141,0.529694,0.107916,0.114509,0.653103
1783,0.480447,0.486619,0.420948,0.528396,0.245964,0.936922,0.929645,0.015269,0.263742,0.06916,0.530593,0.254712,0.186507,0.435061,0.857934,0.269334,0.768525,0.954617
1784,0.212975,0.072947,0.613206,0.914531,0.68162,0.472712,0.659476,0.018464,0.07503,0.2039,0.340429,0.289948,0.810333,0.910329,0.239287,0.56872,0.582497,0.334028
1785,0.007193,0.884636,0.519953,0.821034,0.468059,0.805778,0.490978,0.238882,0.335635,0.9031,0.079113,0.696843,0.406031,0.238473,0.716024,0.908912,0.747088,0.116539
1786,0.790946,0.362968,0.540202,0.798168,0.169587,0.209789,0.957434,0.738894,0.935086,0.813228,0.571491,0.542853,0.229597,0.820415,0.211681,0.606566,0.520602,0.511013
1787,0.560766,0.220876,0.321852,0.865421,0.123527,0.151022,0.805104,0.243245,0.156642,0.990952,0.737671,0.852105,0.629288,0.470499,0.37558,0.092694,0.629972,0.208996
1788,0.726709,0.421146,0.154501,0.449898,0.45091,0.063731,0.335945,0.623093,0.770891,0.633202,0.71876,0.373751,0.096925,0.576018,0.170507,0.150974,0.438866,0.197114
1789,0.396074,0.430072,0.618226,0.753064,0.137289,0.543944,0.950962,0.185353,0.1248,0.385391,0.08177,0.399485,0.805811,0.220829,0.76152,0.720939,0.467822,0.019679
1790,0.226972,0.615424,0.709751,0.262116,0.743946,0.432174,0.124647,0.692085,0.365918,0.371455,0.106491,0.006128,0.272403,0.395231,0.090084,0.659194,0.386752,0.174501
1791,0.607786,0.497124,0.991999,0.518693,0.995395,0.727418,0.580676,0.600782,0.129282,0.081513,0.676018,0.846285,0.714276,0.702299,0.500567,0.611419,0.164024,0.972512
1792,0.416936,0.279994,0.852757,0.54057,0.392051,0.769411,0.67324,0.486809,0.279908,0.672899,0.560742,0.64016,0.805271,0.189198,0.31045,0.658859,0.701812,0.481928
1793,0.280739,0.128744,0.63281,0.809136,0.556164,0.779824,0.525153,0.511134,0.778705,0.597114,0.196604,0.384266,0.835419,0.134163,0.888235,0.172922,0.939093,0.041982
1794,0.851518,0.13689,0.547756,0.505569,0.166418,0.559024,0.692506,0.807643,0.378253,0.243169,0.141162,0.742397,0.534075,0.771045,0.585125,0.586621,0.264018,0.618022
1795,0.971037,0.596097,0.166699,0.502561,0.895106,0.265224,0.473171,0.86914,0.239111,0.216078,0.770001,0.490709,0.764394,0.020823,0.396664,0.14944,0.168627,0.068147
1796,0.783806,0.725198,0.607372,0.919751,0.872799,0.565239,0.000704,0.359144,0.831585,0.01443,0.158866,0.300845,0.451045,0.236889,0.153156,0.008139,0.967594,0.490166
1797,0.897302,0.109384,0.031347,0.271417,0.241106,0.857535,0.345627,0.92789,0.336409,0.790777,0.469859,0.965173,0.768263,0.688604,0.02315,0.859996,0.408344,0.212064
1798,0.593455,0.561628,0.341829,0.297777,0.877339,0.400591,0.690599,0.139943,0.482176,0.95342,0.82466,0.614587,0.164582,0.918459,0.462237,0.732791,0.878834,0.955649
1799,0.250346,0.773958,0.098607,0.564122,0.548209,0.7821,0.298697,0.415061,0.717403,0.391132,0.088577,0.905744,0.0571,0.097701,0.038734,0.717687,0.371591,0.474796
1800,0.845727,0.043211,0.988277,0.737524,0.671617,0.240773,0.407521,0.267305,0.022421,0.62266,0.532015,0.076478,0.509202,0.052701,0.692949,0.219025,0.905683,0.976493
1801,0.728094,0.794166,0.764044,0.302518,0.089711,0.98011,0.371791,0.08984,0.556257,0.128539,0.682758,0.526547,0.21125,0.320589,0.300149,0.879142,0.255764,0.862346
1802,0.144384,0.200655,0.253018,0.768292,0.739481,0.580171,0.047722,0.247099,0.679784,0.244078,0.035681,0.048521,0.635227,0.323865,0.757339,0.988307,0.369336,0.174843
1803,0.983055,0.796139,0.825944,0.959401,0.037503,0.418317,0.996298,0.943218,0.53608,0.764728,0.150431,0.74211,0.174781,0.063239,0.961077,0.606984,0.577561,0.016045
1804,0.940736,0.606338,0.396673,0.966972,0.695738,0.234385,0.002138,0.320331,0.035817,0.076757,0.494572,0.602255,0.735708,0.435625,0.807642,0.88974,0.490236,0.830546
1805,0.37331,0.630494,0.339479,0.330489,0.728638,0.49932,0.087327,0.764688,0.967038,0.469848,0.279831,0.303241,0.133923,0.594851,0.379166,0.453352,0.003089,0.670429
1806,0.447948,0.114442,0.643759,0.926578,0.216285,0.24962,0.188192,0.646279,0.829047,0.953933,0.041027,0.435604,0.515131,0.060745,0.400098,0.535461,0.232644,0.262266
1807,0.409657,0.871586,0.242288,0.864872,0.121403,0.380694,0.506752,0.387879,0.16082,0.589481,0.843231,0.085068,0.027234,0.394244,0.339995,0.016446,0.073807,0.297786
1808,0.504096,0.396788,0.060072,0.140962,0.886966,0.220872,0.305687,0.388336,0.580938,0.131098,0.362742,0.644072,0.945522,0.798188,0.897293,0.833977,0.299322,0.734682
1809,0.268542,0.384357,0.515362,0.504579,0.277053,0.346328,0.719815,0.98738,0.118545,0.461178,0.154896,0.004485,0.183869,0.458984,0.359461,0.852111,0.715381,0.728057
1810,0.160245,0.858107,0.871705,0.509174,0.039038,0.504665,0.68394,0.661996,0.826768,0.220955,0.161151,0.789107,0.73422,0.600026,0.273152,0.925073,0.872657,0.708819
1811,0.939399,0.273693,0.24697,0.025304,0.239863,0.950819,0.00479,0.339775,0.276621,0.511345,0.383323,0.586983,0.885977,0.659708,0.273522,0.775475,0.393277,0.311808
1812,0.670983,0.855906,0.461837,0.808457,0.746502,0.320141,0.639112,0.308027,0.321064,0.589383,0.29685,0.053505,0.17691,0.675551,0.007732,0.030718,0.741576,0.603434
1813,0.985866,0.216988,0.065224,0.473427,0.312247,0.777188,0.675167,0.436899,0.321882,0.034474,0.309301,0.729831,0.946689,0.974373,0.991177,0.056755,0.470073,0.002305
1814,0.698242,0.926976,0.982772,0.539161,0.095609,0.107982,0.261581,0.388286,0.961532,0.106765,0.316946,0.739276,0.698232,0.996296,0.691697,0.014118,0.778552,0.86415
1815,0.324746,0.304317,0.124651,0.695709,0.158097,0.426083,0.014059,0.753311,0.47685,0.909703,0.897132,0.655172,0.048805,0.977971,0.560078,0.598481,0.980681,0.94449
1816,0.801024,0.861002,0.748289,0.909379,0.639759,0.471921,0.76981,0.513347,0.930434,0.326346,0.133211,0.289915,0.053311,0.037181,0.537459,0.575826,0.101369,0.226288
1817,0.243316,0.031856,0.360776,0.177487,0.800179,0.114702,0.498612,0.27228,0.134395,0.014471,0.291674,0.276293,0.885843,0.742471,0.743074,0.827223,0.682222,0.124517
1818,0.998795,0.504328,0.083513,0.298112,0.429933,0.733972,0.806268,0.229874,0.295697,0.381095,0.406148,0.777939,0.82804,0.203814,0.551841,0.053055,0.47416,0.307407
1819,0.384233,0.762601,0.903575,0.05333,0.083401,0.886248,0.503635,0.374019,0.627835,0.760799,0.741167,0.386539,0.028082,0.658277,0.241107,0.3866,0.221849,0.554445
1820,0.416403,0.299662,0.106452,0.535353,0.744911,0.485112,0.088009,0.511447,0.243961,0.14093,0.021095,0.245895,0.169136,0.156619,0.44997,0.013115,0.642714,0.536456
1821,0.691435,0.068842,0.066041,0.263269,0.139969,0.098902,0.8967,0.543414,0.656382,0.808492,0.244382,0.167815,0.265826,0.356244,0.792785,0.895513,0.424084,0.49126
1822,0.304787,0.378967,0.377251,0.201777,0.435812,0.408439,0.669619,0.310213,0.89174,0.597943,0.640903,0.9743,0.308536,0.76444,0.155643,0.947556,0.685884,0.335609
1823,0.444744,0.546193,0.157612,0.265495,0.980183,0.784173,0.761933,0.357309,0.910559,0.770138,0.740093,0.403352,0.896478,0.884937,0.016902,0.08826,0.746878,0.251107
1824,0.348712,0.049876,0.703257,0.679336,0.145033,0.921358,0.149961,0.367159,0.495243,0.396807,0.6791,0.552088,0.730829,0.488272,0.889276,0.152288,0.511726,0.040601
1825,0.023782,0.178005,0.913939,0.605112,0.53228,0.841027,0.132745,0.928797,0.282136,0.615442,0.315997,0.885442,0.944494,0.343871,0.893528,0.817537,0.421792,0.82963
1826,0.587749,0.585621,0.175819,0.61437,0.093528,0.693298,0.586114,0.720014,0.994928,0.845029,0.264577,0.159641,0.803069,0.967797,0.117022,0.433111,0.425017,0.89719
1827,0.575681,0.584577,0.773445,0.423575,0.315742,0.79664,0.366237,0.288062,0.395527,0.003909,0.719788,0.170259,0.740546,0.763671,0.993467,0.966936,0.280493,0.029889
1828,0.349266,0.713088,0.504624,0.655362,0.87691,0.030952,0.018464,0.615282,0.051652,0.900103,0.812028,0.533869,0.201895,0.589967,0.839092,0.576349,0.04579,0.153925
1829,0.370878,0.301711,0.109463,0.374178,0.156543,0.27492,0.659185,0.24805,0.236141,0.089053,0.080027,0.258064,0.992037,0.464217,0.313471,0.503098,0.832153,0.984939
1830,0.038063,0.545068,0.43635,0.702011,0.131849,0.509031,0.305934,0.678164,0.356874,0.677528,0.397831,0.257808,0.81364,0.899747,0.483643,0.547999,0.581765,0.095055
1831,0.308781,0.711497,0.566291,0.960724,0.799638,0.244518,0.944823,0.437095,0.05662,0.902479,0.215024,0.610645,0.198987,0.118497,0.143859,0.907795,0.180864,0.652057
1832,0.736794,0.63255,0.280385,0.963737,0.327066,0.04764,0.520028,0.668736,0.21915,0.915738,0.149971,0.723864,0.046442,0.105936,0.436592,0.396196,0.238281,0.05801
1833,0.490928,0.74173,0.119838,0.216807,0.247886,0.3496,0.038209,0.824434,0.866166,0.477477,0.59068,0.407046,0.532533,0.086916,0.452793,0.146978,0.882321,0.601541
1834,0.185056,0.069486,0.572891,0.416744,0.793545,0.497658,0.048934,0.961022,0.642294,0.206012,0.65828,0.054607,0.528749,0.954698,0.129103,0.009089,0.444474,0.565767
1835,0.13247,0.648332,0.844551,0.041789,0.415644,0.509592,0.125981,0.06068,0.918992,0.116548,0.268358,0.766828,0.626269,0.251635,0.909751,0.462007,0.374195,0.326002
1836,0.482235,0.188952,0.358563,0.243949,0.41627,0.194712,0.621028,0.958436,0.27829,0.27239,0.690389,0.436597,0.989761,0.333784,0.522434,0.988903,0.90116,0.489296
1837,0.472107,0.39483,0.063287,0.602746,0.209181,0.293081,0.293135,0.231093,0.372665,0.077386,0.238132,0.905139,0.886386,0.900726,0.845982,0.127471,0.787241,0.524872
1838,0.460151,0.463217,0.613626,0.194529,0.825944,0.120927,0.612192,0.907421,0.146782,0.556698,0.617576,0.292996,0.548856,0.335077,0.302582,0.269316,0.847129,0.428228
1839,0.589985,0.125077,0.940359,0.916783,0.350172,0.363989,0.639319,0.196937,0.099917,0.564213,0.226168,0.099599,0.582017,0.903934,0.834868,0.858427,0.865973,0.331415
1840,0.349038,0.145547,0.976163,0.845519,0.659679,0.116579,0.681904,0.041689,0.205093,0.209193,0.371148,0.370431,0.376714,0.91724,0.743795,0.907093,0.279844,0.497035
1841,0.394519,0.096848,0.843972,0.13666,0.010639,0.719577,0.114304,0.482905,0.189132,0.458992,0.391883,0.198188,0.708923,0.545815,0.918065,0.082772,0.856244,0.542218
1842,0.328816,0.261448,0.101474,0.399398,0.753503,0.630437,0.604034,0.33392,0.865778,0.296048,0.61628,0.602234,0.558168,0.125891,0.289332,0.609311,0.313786,0.659064
1843,0.622818,0.718026,0.49847,0.242731,0.414908,0.896347,0.627143,0.984344,0.878253,0.19764,0.47298,0.28143,0.795823,0.709617,0.224597,0.487074,0.820925,0.338622
1844,0.034157,0.309628,0.51107,0.254606,0.401624,0.287296,0.892357,0.559111,0.927414,0.197594,0.157892,0.256072,0.91012,0.560377,0.510115,0.359649,0.38085,0.210798
1845,0.703743,0.543957,0.146201,0.89046,0.045205,0.176149,0.215529,0.412005,0.35308,0.785061,0.047558,0.047121,0.599674,0.978542,0.973845,0.151163,0.854236,0.320201
1846,0.8024,0.893652,0.076242,0.318931,0.541673,0.703843,0.090111,0.575756,0.90224,0.268156,0.751103,0.041491,0.187075,0.435393,0.788993,0.011327,0.040303,0.361283
1847,0.36575,0.19271,0.630885,0.018987,0.066501,0.462842,0.573087,0.373704,0.659887,0.69305,0.289613,0.5699,0.385052,0.11349,0.001805,0.750734,0.319155,0.658006
1848,0.029703,0.310408,0.066112,0.19939,0.668134,0.377181,0.2006,0.9233,0.789587,0.761912,0.726133,0.827845,0.585715,0.878419,0.522864,0.509428,0.038351,0.037722
1849,0.703299,0.584558,0.8898,0.85319,0.25374,0.513163,0.788174,0.003572,0.852207,0.846686,0.708861,0.123256,0.201623,0.55782,0.540415,0.219046,0.813569,0.4952
1850,0.634539,0.013469,0.472231,0.587716,0.958247,0.428814,0.73389,0.989134,0.053001,0.533807,0.81556,0.966968,0.393739,0.716972,0.684046,0.165862,0.089282,0.358282
1851,0.753499,0.630361,0.11212,0.696941,0.864529,0.154375,0.151574,0.194604,0.750928,0.34205,0.5491,0.468828,0.019516,0.442099,0.777661,0.817882,0.870485,0.287262
1852,0.139953,0.136012,0.368256,0.546474,0.709063,0.935864,0.795781,0.396183,0.047317,0.253376,0.85628,0.918473,0.034838,0.431472,0.389944,0.627955,0.083736,0.931042
1853,0.571753,0.9479,0.663749,0.637764,0.681726,0.617231,0.78345,0.757248,0.213763,0.387303,0.349328,0.803186,0.1465,0.892385,0.661327,0.02589,0.88568,0.572671
1854,0.385524,0.940404,0.231173,0.071783,0.111969,0.745114,0.502794,0.626455,0.075942,0.563926,0.570965,0.857127,0.954955,0.070017,0.824224,0.787616,0.916813,0.311217
1855,0.062259,0.368057,0.222963,0.456073,0.940229,0.550999,0.03835,0.700625,0.323782,0.740788,0.194226,0.614632,0.071924,0.216971,0.923697,0.827409,0.523153,0.096121
1856,0.634959,0.435642,0.353365,0.118641,0.010645,0.764605,0.813351,0.883415,0.258511,0.81782,0.636325,0.738162,0.060731,0.235228,0.665444,0.999197,0.514091,0.849446
1857,0.505405,0.663808,0.181485,0.972748,0.801469,0.046554,0.481663,0.313539,0.260719,0.532989,0.32924,0.925642,0.574688,0.094834,0.709706,0.038867,0.87462,0.237702
1858,0.804771,0.550902,0.024701,0.996425,0.321657,0.612515,0.837486,0.154422,0.501276,0.312796,0.069397,0.757222,0.926071,0.715949,0.121261,0.864309,0.971668,0.383599
1859,0.35183,0.959411,0.98317,0.838746,0.876748,0.625195,0.909247,0.076214,0.557369,0.392236,0.269375,0.934588,0.478365,0.499421,0.621163,0.284417,0.920997,0.406057
1860,0.408568,0.883499,0.669413,0.986932,0.653525,0.92368,0.321602,0.263315,0.883216,0.096395,0.151585,0.620664,0.674083,0.933599,0.576377,0.297548,0.263396,0.187095
1861,0.259806,0.853954,0.845904,0.115861,0.992903,0.491133,0.803592,0.535023,0.979253,0.817146,0.836013,0.562887,0.133654,0.662508,0.627226,0.558798,0.519723,0.60655
1862,0.487868,0.47797,0.654676,0.376095,0.930725,0.482391,0.073082,0.101019,0.563692,0.84577,0.85995,0.970051,0.331375,0.446121,0.636994,0.35508,0.905137,0.541083
1863,0.475204,0.533579,0.234858,0.109795,0.725697,0.113577,0.695331,0.294416,0.783818,0.550978,0.871495,0.793864,0.818941,0.489706,0.009851,0.657084,0.840673,0.449953
1864,0.071258,0.171205,0.649306,0.889484,0.990402,0.656575,0.612712,0.562613,0.896229,0.548933,0.297047,0.980363,0.836878,0.246965,0.946068,0.04669,0.084276,0.243961
1865,0.95888,0.842758,0.496478,0.97344,0.9248,0.435726,0.204047,0.362805,0.599508,0.93397,0.25837,0.503547,0.849986,0.94817,0.462674,0.303513,0.565365,0.526254
1866,0.823108,0.419251,0.237645,0.132428,0.973753,0.171937,0.990956,0.526665,0.029427,0.84948,0.120167,0.348287,0.464305,0.570114,0.524018,0.927667,0.016135,0.70514
1867,0.84932,0.714215,0.417141,0.994106,0.496819,0.449954,0.375761,0.182249,0.24101,0.760109,0.850545,0.6261,0.790085,0.068833,0.936708,0.174814,0.191691,0.682743
1868,0.48926,0.285829,0.383938,0.579212,0.647765,0.114538,0.561474,0.230647,0.853542,0.283449,0.621314,0.555619,0.131619,0.056148,0.523186,0.267642,0.548057,0.833423
1869,0.377887,0.862489,0.985081,0.014059,0.356404,0.761516,0.502874,0.606192,0.865905,0.150092,0.896134,0.640332,0.80797,0.701148,0.066289,0.689773,0.757447,0.631063
1870,0.724435,0.542493,0.859871,0.649043,0.854922,0.869149,0.847077,0.341839,0.722713,0.525158,0.825818,0.92376,0.234247,0.155615,0.209791,0.108041,0.269353,0.991313
1871,0.987865,0.515332,0.234603,0.478611,0.366957,0.933737,0.409116,0.414867,0.120551,0.247575,0.289011,0.436268,0.805016,0.05401,0.925821,0.374679,0.845912,0.946604
1872,0.755488,0.495948,0.033252,0.180756,0.229027,0.844311,0.798827,0.027754,0.114152,0.658626,0.543963,0.163301,0.893333,0.481828,0.348484,0.613133,0.92573,0.816952
1873,0.091266,0.020099,0.605185,0.57605,0.20287,0.530359,0.691048,0.259956,0.338434,0.405333,0.459483,0.572957,0.192639,0.242478,0.845721,0.318371,0.630944,0.257305
1874,0.800691,0.638008,0.018527,0.082821,0.301137,0.17715,0.651875,0.729093,0.678834,0.837594,0.918632,0.921704,0.824409,0.714742,0.35725,0.264805,0.032413,0.579321
1875,0.454715,0.361126,0.929186,0.397035,0.535521,0.501846,0.517122,0.807737,0.37388,0.603184,0.228761,0.151856,0.443609,0.975062,0.132465,0.014335,0.575307,0.625909
1876,0.012463,0.595228,0.992175,0.583646,0.419394,0.453226,0.903252,0.814373,0.557674,0.270539,0.958312,0.824847,0.561941,0.539672,0.404125,0.881236,0.416009,0.056647
1877,0.254344,0.766357,0.463263,0.582502,0.619221,0.54953,0.229961,0.960931,0.541332,0.411416,0.577063,0.237537,0.7888,0.51691,0.944515,0.86973,0.255628,0.248397
1878,0.90559,0.378655,0.130276,0.976055,0.573537,0.470741,0.718765,0.71116,0.455416,0.776504,0.575397,0.515752,0.99846,0.945109,0.128315,0.148706,0.341834,0.758442
1879,0.487339,0.116594,0.655073,0.58585,0.74137,0.547397,0.981045,0.129186,0.949654,0.297304,0.615712,0.272475,0.458593,0.176873,0.407977,0.312328,0.786407,0.711214
1880,0.746523,0.555273,0.876074,0.561559,0.70546,0.584587,0.960494,0.662296,0.684029,0.527718,0.276294,0.442685,0.836584,0.693977,0.659717,0.018634,0.023562,0.040399
1881,0.441126,0.449261,0.598459,0.657843,0.591191,0.148964,0.048844,0.035437,0.337761,0.702776,0.673275,0.739935,0.445781,0.479288,0.71982,0.941529,0.202003,0.085564
1882,0.007857,0.235649,0.805722,0.244985,0.463394,0.264719,0.631434,0.575383,0.871515,0.595183,0.633364,0.678532,0.498543,0.507889,0.514828,0.941658,0.948017,0.135916
1883,0.605407,0.692935,0.758853,0.804207,0.0351,0.947499,0.885154,0.749241,0.250725,0.583156,0.853272,0.4986,0.829487,0.838013,0.394961,0.178832,0.798277,0.008743
1884,0.282725,0.873496,0.119569,0.963536,0.712598,0.59409,0.279832,0.273801,0.990725,0.160592,0.783069,0.765651,0.865578,0.063046,0.916875,0.413296,0.484163,0.481816
1885,0.138945,0.744848,0.598417,0.309257,0.267011,0.511991,0.517649,0.266238,0.408089,0.236342,0.860157,0.739061,0.701341,0.266391,0.876676,0.216902,0.432648,0.459243
1886,0.686105,0.792513,0.339004,0.516277,0.915083,0.509059,0.441955,0.287744,0.348911,0.89282,0.605127,0.412488,0.86456,0.147486,0.126328,0.515926,0.450263,0.647741
1887,0.611574,0.539728,0.950096,0.450038,0.958809,0.121348,0.464479,0.023818,0.602733,0.849722,0.365644,0.100202,0.149173,0.202525,0.64256,0.493556,0.384723,0.896479
1888,0.247291,0.83849,0.759171,0.956959,0.461441,0.273706,0.111252,0.945797,0.710786,0.116854,0.788913,0.047824,0.90028,0.911497,0.744319,0.111531,0.576975,0.065977
1889,0.047169,0.95159,0.100316,0.331245,0.420085,0.487473,0.221821,0.058069,0.037384,0.115432,0.45823,0.625325,0.689967,0.667452,0.426822,0.101771,0.780503,0.436039
1890,0.815257,0.501,0.325422,0.369941,0.442752,0.614977,0.150098,0.640278,0.369678,0.953355,0.068994,0.892025,0.351686,0.403334,0.428551,0.200378,0.031825,0.848702
1891,0.697613,0.678818,0.434866,0.841266,0.285789,0.879122,0.962289,0.386391,0.099837,0.276583,0.580465,0.470861,0.853514,0.940734,0.877029,0.11401,0.104547,0.279968
1892,0.127888,0.132483,0.970451,0.133777,0.430792,0.924518,0.292154,0.713049,0.645341,0.391634,0.534329,0.483515,0.966177,0.841721,0.613665,0.381703,0.492525,0.341706
1893,0.782475,0.660147,0.744205,0.771731,0.853943,0.654618,0.078406,0.075786,0.005072,0.797505,0.251743,0.100132,0.056397,0.004749,0.815725,0.867252,0.915328,0.014049
1894,0.385581,0.721086,0.832028,0.71486,0.431165,0.481083,0.153053,0.237254,0.508925,0.108862,0.404697,0.354753,0.320555,0.528946,0.031915,0.501709,0.99482,0.28921
1895,0.784974,0.789889,0.181667,0.368948,0.885828,0.891679,0.156069,0.531918,0.921939,0.832569,0.043106,0.39313,0.340319,0.568481,0.330112,0.338028,0.707404,0.010243
1896,0.857526,0.999883,0.570749,0.623583,0.713959,0.170682,0.102858,0.680547,0.395688,0.130787,0.755923,0.255039,0.660286,0.593331,0.358814,0.408948,0.635585,0.58321
1897,0.156865,0.904961,0.727875,0.551433,0.328086,0.74425,0.108964,0.099554,0.384604,0.088089,0.407903,0.444531,0.330409,0.453861,0.532462,0.953133,0.281598,0.693358
1898,0.481326,0.12796,0.29733,0.812048,0.354124,0.727644,0.999398,0.741775,0.693028,0.240182,0.436866,0.801258,0.774249,0.749239,0.142855,0.953058,0.222469,0.117864
1899,0.768207,0.51477,0.946146,0.74593,0.410701,0.130285,0.236574,0.578132,0.055811,0.132631,0.064363,0.817953,0.334728,0.149575,0.047804,0.336875,0.552198,0.477905
1900,0.95693,0.59744,0.235369,0.758315,0.288934,0.787722,0.63803,0.571908,0.65215,0.003401,0.493312,0.245643,0.123701,0.259747,0.075152,0.679191,0.122634,0.854659
1901,0.663421,0.057493,0.854727,0.800778,0.477964,0.082125,0.585059,0.430982,0.434077,0.639956,0.521288,0.299374,0.555268,0.869318,0.021408,0.40741,0.761074,0.351016
1902,0.654614,0.885446,0.787851,0.8023,0.128207,0.97153,0.129442,0.449012,0.326132,0.155005,0.703829,0.801439,0.844933,0.560692,0.937154,0.713631,0.345259,0.934811
1903,0.955799,0.988753,0.941825,0.265345,0.861366,0.045127,0.786764,0.306228,0.730433,0.919167,0.776156,0.252564,0.954488,0.767744,0.709147,0.366486,0.297513,0.210504
1904,0.126672,0.285643,0.814483,0.603915,0.892622,0.885983,0.496582,0.591448,0.486504,0.386366,0.46194,0.159071,0.100111,0.639603,0.536751,0.050521,0.901885,0.351199
1905,0.615517,0.160828,0.663733,0.687485,0.643746,0.889854,0.996111,0.723799,0.147074,0.068573,0.900815,0.523127,0.223606,0.41239,0.872911,0.025901,0.862605,0.273669
1906,0.709263,0.94818,0.626361,0.004562,0.043125,0.017951,0.265382,0.199361,0.751632,0.283211,0.29126,0.322745,0.626727,0.676524,0.205254,0.267171,0.849754,0.502654
1907,0.385054,0.417375,0.186877,0.9393,0.871729,0.115727,0.753094,0.140556,0.634309,0.625597,0.473989,0.003941,0.265035,0.671944,0.34195,0.688074,0.297779,0.475519
1908,0.586646,0.296263,0.090795,0.376711,0.430664,0.641273,0.262508,0.693222,0.176299,0.80126,0.313722,0.177046,0.325502,0.189292,0.670774,0.135106,0.258108,0.325948
1909,0.449407,0.112703,0.416407,0.47081,0.80248,0.990403,0.926026,0.746617,0.102136,0.612961,0.227341,0.334333,0.0847,0.072563,0.470559,0.665319,0.889356,0.183277
1910,0.069965,0.904343,0.408012,0.257611,0.363057,0.265533,0.218647,0.502801,0.47292,0.153671,0.885959,0.199497,0.402444,0.923288,0.941596,0.288713,0.78472,0.925453
1911,0.384267,0.102558,0.320294,0.755431,0.369081,0.895672,0.269874,0.615073,0.154556,0.540356,0.273215,0.299362,0.546164,0.142323,0.296083,0.307813,0.730716,0.735584
1912,0.001756,0.665915,0.417434,0.445069,0.344912,0.687273,0.835351,0.991994,0.106523,0.918739,0.9045,0.664714,0.684413,0.822023,0.915266,0.927232,0.751226,0.328849
1913,0.716595,0.187125,0.357673,0.927434,0.123174,0.720496,0.743995,0.067668,0.839964,0.402229,0.566665,0.395311,0.680868,0.990045,0.309578,0.181162,0.720653,0.199517
1914,0.893107,0.290568,0.17759,0.876982,0.174555,0.656954,0.880657,0.272821,0.906327,0.564079,0.792392,0.914784,0.719789,0.152143,0.915402,0.001233,0.092379,0.247782
1915,0.178624,0.733658,0.690859,0.551228,0.130056,0.335311,0.449125,0.282129,0.070346,0.906003,0.857273,0.540627,0.576087,0.970779,0.766055,0.98566,0.94571,0.818094
1916,0.889513,0.795883,0.261268,0.954489,0.473583,0.935098,0.033128,0.907284,0.588056,0.327366,0.255552,0.43814,0.619759,0.083298,0.865872,0.175756,0.201857,0.60982
1917,0.247086,0.26098,0.450994,0.912006,0.730906,0.255746,0.913906,0.303184,0.833544,0.481686,0.08565,0.882037,0.344727,0.121763,0.8749,0.551111,0.997441,0.61184
1918,0.026466,0.252922,0.814367,0.547139,0.8872,0.955601,0.09669,0.418797,0.005898,0.434653,0.035488,0.979937,0.348128,0.720577,0.795199,0.446538,0.847253,0.950984
1919,0.318893,0.298153,0.1088,0.508567,0.50825,0.75234,0.377832,0.642693,0.911317,0.592784,0.940226,0.439637,0.409796,0.79428,0.695121,0.790522,0.075301,0.9092
1920,0.441698,0.529365,0.869324,0.269005,0.684665,0.93587,0.346135,0.06111,0.404446,0.831204,0.329138,0.532958,0.289083,0.462562,0.529793,0.249661,0.983945,0.818413
1921,0.839524,0.572631,0.959584,0.494478,0.097509,0.883032,0.42626,0.343115,0.872119,0.323283,0.456309,0.593716,0.707314,0.020733,0.998302,0.763947,0.28212,0.735329
1922,0.576101,0.72688,0.581251,0.30531,0.180021,0.566063,0.885086,0.812558,0.565185,0.25199,0.114831,0.627832,0.016744,0.263114,0.589821,0.617925,0.109179,0.169209
1923,0.083916,0.10477,0.546734,0.333629,0.402946,0.975562,0.055989,0.766447,0.931557,0.253008,0.333824,0.381853,0.358432,0.393648,0.190809,0.649787,0.662691,0.880815
1924,0.210796,0.627529,0.310647,0.174212,0.14737,0.154988,0.532325,0.726675,0.121056,0.442425,0.597297,0.922401,0.325823,0.777645,0.666806,0.16955,0.074703,0.84926
1925,0.725008,0.198402,0.016836,0.369557,0.521629,0.575451,0.829668,0.755456,0.217874,0.329963,0.642989,0.761632,0.342686,0.638606,0.787051,0.720733,0.324408,0.458155
1926,0.491949,0.244297,0.633897,0.098216,0.507069,0.81887,0.212875,0.655564,0.473499,0.415614,0.632781,0.55021,0.846075,0.428962,0.569944,0.759556,0.9111,0.045087
1927,0.607122,0.027683,0.007578,0.820708,0.053416,0.800277,0.716371,0.559181,0.811964,0.091043,0.941515,0.941455,0.171045,0.910514,0.649518,0.237156,0.194167,0.207566
1928,0.143171,0.036074,0.977359,0.602841,0.04443,0.749078,0.831658,0.189613,0.707563,0.937384,0.71076,0.227334,0.382971,0.487299,0.323611,0.435488,0.493066,0.768274
1929,0.58002,0.414141,0.111843,0.267329,0.71314,0.570619,0.305083,0.679469,0.269466,0.907465,0.2211,0.116798,0.092863,0.248479,0.540898,0.636465,0.272648,0.855145
1930,0.319678,0.40806,0.777442,0.375087,0.818757,0.537394,0.513402,0.994157,0.757794,0.930318,0.596223,0.517693,0.855429,0.766381,0.179991,0.8537,0.599055,0.720676
1931,0.04752,0.208654,0.01485,0.911278,0.981891,0.548831,0.774251,0.074522,0.493177,0.13554,0.490734,0.441519,0.031193,0.646145,0.347679,0.145746,0.194598,0.189337
1932,0.372836,0.981511,0.928436,0.640555,0.546962,0.092166,0.403477,0.804135,0.806014,0.470201,0.573667,0.243099,0.965343,0.162822,0.859876,0.975884,0.747782,0.849722
1933,0.59198,0.906411,0.013806,0.817985,0.356032,0.203532,0.015004,0.376661,0.581712,0.013629,0.58504,0.962238,0.707691,0.955644,0.604504,0.516638,0.108696,0.870665
1934,0.578712,0.655612,0.417523,0.449351,0.075147,0.33226,0.61168,0.344543,0.122323,0.871955,0.365838,0.737384,0.777955,0.890368,0.114813,0.454005,0.008893,0.03989
1935,0.30641,0.18976,0.09921,0.659466,0.004118,0.437009,0.655578,0.870298,0.410621,0.223973,0.769885,0.420089,0.810922,0.468083,0.508719,0.588445,0.341618,0.653004
1936,0.455404,0.366736,0.472856,0.688912,0.153359,0.828705,0.34315,0.05271,0.4136,0.132073,0.395476,0.23505,0.259587,0.145343,0.322827,0.530481,0.966669,0.308193
1937,0.32793,0.58384,0.798137,0.458876,0.429957,0.911217,0.006588,0.889908,0.920805,0.412705,0.353087,0.495918,0.283362,0.18935,0.680949,0.107856,0.360029,0.012728
1938,0.471141,0.031996,0.297206,0.647675,0.054817,0.106993,0.147149,0.809703,0.12355,0.102377,0.135013,0.795085,0.503175,0.77612,0.195115,0.331463,0.279346,0.433482
1939,0.787845,0.287317,0.266877,0.006169,0.11685,0.424432,0.305723,0.553594,0.556281,0.888598,0.233681,0.339236,0.954749,0.606485,0.898161,0.176598,0.938737,0.177922
1940,0.636002,0.236669,0.500659,0.981989,0.409216,0.310085,0.253336,0.647372,0.649322,0.362437,0.355754,0.350329,0.0865,0.781584,0.425588,0.310783,0.544665,0.674817
1941,0.44464,0.046101,0.785679,0.561346,0.336725,0.509305,0.442846,0.050363,0.758545,0.023674,0.075049,0.100792,0.277228,0.523985,0.829258,0.320446,0.823027,0.712735
1942,0.17906,0.449816,0.675821,0.336176,0.975677,0.325133,0.767561,0.651772,0.347827,0.347668,0.39589,0.123668,0.146537,0.321605,0.181249,0.832764,0.978071,0.760199
1943,0.227288,0.878876,0.755418,0.981677,0.424766,0.312798,0.714495,0.320751,0.388136,0.80142,0.432114,0.978149,0.433706,0.996565,0.338375,0.978923,0.278526,0.458449
1944,0.756133,0.385819,0.771597,0.406663,0.912031,0.550778,0.43254,0.804871,0.067303,0.613884,0.36865,0.015688,0.072617,0.076988,0.204925,0.291025,0.108454,0.256143
1945,0.287944,0.78799,0.831921,0.279178,0.987753,0.931999,0.202413,0.538397,0.135352,0.50187,0.521848,0.504684,0.593773,0.237689,0.989138,0.57121,0.231413,0.655757
1946,0.698227,0.693643,0.535014,0.496742,0.474115,0.899685,0.061116,0.157003,0.911186,0.306807,0.517507,0.756398,0.933542,0.195016,0.829203,0.043887,0.073745,0.887682
1947,0.147501,0.564974,0.559543,0.306983,0.961339,0.116199,0.06041,0.665645,0.858859,0.734605,0.018438,0.141791,0.812542,0.541526,0.742614,0.052502,0.460336,0.413946
1948,0.141409,0.427641,0.688511,0.446278,0.951281,0.726414,0.183252,0.476557,0.394784,0.223348,0.73717,0.467785,0.788214,0.880034,0.723488,0.018285,0.368855,0.657325
1949,0.843606,0.312718,0.586443,0.994779,0.496626,0.388847,0.295398,0.504511,0.253197,0.602003,0.171585,0.076305,0.999687,0.49173,0.859626,0.44665,0.934948,0.477721
1950,0.654677,0.795132,0.339856,0.199465,0.879851,0.946575,0.896716,0.271142,0.952447,0.565251,0.406031,0.887249,0.087939,0.828753,0.017683,0.231879,0.18842,0.920409
1951,0.1462,0.286299,0.333264,0.259336,0.977746,0.464091,0.989069,0.462816,0.307124,0.120214,0.626322,0.296278,0.831837,0.222209,0.180238,0.330728,0.808971,0.36782
1952,0.907359,0.03119,0.003366,0.176768,0.289285,0.902787,0.625462,0.018978,0.870595,0.41861,0.77924,0.186173,0.051244,0.338028,0.834759,0.20425,0.420304,0.351483
1953,0.850503,0.624065,0.93441,0.349655,0.29661,0.204161,0.949069,0.658489,0.567572,0.739506,0.415481,0.445827,0.015019,0.711158,0.106387,0.300749,0.734932,0.053541
1954,0.552673,0.992021,0.509672,0.518659,0.657341,0.03837,0.442739,0.701092,0.817657,0.935809,0.220497,0.206837,0.306488,0.051887,0.92187,0.165192,0.281439,0.281487
1955,0.369664,0.72574,0.077854,0.491695,0.801552,0.956354,0.205238,0.57203,0.128988,0.029705,0.893999,0.431171,0.145976,0.374134,0.079423,0.711669,0.100758,0.445963
1956,0.222336,0.44965,0.900011,0.257103,0.885808,0.045308,0.83463,0.985899,0.633029,0.304233,0.478038,0.51869,0.963494,0.814258,0.460663,0.226414,0.157941,0.201587
1957,0.339041,0.860259,0.666706,0.201242,0.230062,0.62312,0.892552,0.499014,0.864892,0.439404,0.641628,0.710626,0.588099,0.62204,0.910996,0.22509,0.44414,0.29199
1958,0.696195,0.86377,0.971162,0.575551,0.132847,0.294507,0.353062,0.368995,0.623596,0.508736,0.986344,0.14357,0.023046,0.158298,0.754858,0.919189,0.193814,0.263315
1959,0.203622,0.507268,0.154133,0.557841,0.52782,0.935418,0.692211,0.883969,0.167126,0.325889,0.931594,0.147772,0.142618,0.295119,0.017219,0.874159,0.115366,0.849993
1960,0.753422,0.363841,0.393738,0.47496,0.324079,0.947964,0.836477,0.13957,0.899059,0.511325,0.540729,0.735697,0.186953,0.838712,0.39624,0.469284,0.781336,0.874097
1961,0.972622,0.194715,0.237613,0.998448,0.991525,0.284865,0.122329,0.101858,0.767453,0.025965,0.027865,0.631469,0.517828,0.775816,0.164567,0.952265,0.902662,0.929565
1962,0.728897,0.729247,0.360551,0.492014,0.941238,0.738046,0.720286,0.952333,0.082105,0.496395,0.28617,0.722648,0.027661,0.667546,0.029628,0.034775,0.605754,0.693257
1963,0.077661,0.162378,0.213,0.251378,0.167736,0.524551,0.316652,0.350113,0.038435,0.946254,0.734294,0.722645,0.782624,0.633823,0.487034,0.980822,0.668156,0.837126
1964,0.253208,0.25912,0.161804,0.064212,0.933237,0.119816,0.507369,0.670014,0.828853,0.034777,0.969281,0.747813,0.731511,0.47929,0.986293,0.674116,0.701471,0.110925
1965,0.1185,0.617382,0.624174,0.85135,0.359785,0.878527,0.577189,0.767707,0.519984,0.048446,0.582118,0.727943,0.902948,0.548982,0.077733,0.007508,0.766122,0.021834
1966,0.586288,0.620101,0.09157,0.431189,0.200365,0.197492,0.070584,0.263184,0.081138,0.780117,0.275036,0.888343,0.522954,0.068847,0.272133,0.472532,0.748838,0.291848
1967,0.250661,0.99276,0.340984,0.738024,0.016094,0.347067,0.22169,0.092952,0.803909,0.428214,0.779815,0.671527,0.027489,0.245993,0.174093,0.64811,0.396982,0.357505
1968,0.302619,0.098663,0.441737,0.281933,0.461236,0.413276,0.686658,0.15092,0.182827,0.346942,0.147907,0.926018,0.770983,0.711714,0.057239,0.67745,0.877222,0.297951
1969,0.02868,0.630731,0.975355,0.188836,0.457849,0.783553,0.84929,0.898682,0.647792,0.55813,0.31633,0.803327,0.493376,0.051445,0.467524,0.633856,0.034482,0.803502
1970,0.640332,0.634243,0.579322,0.054318,0.296862,0.741723,0.725248,0.904661,0.572809,0.211453,0.235121,0.237178,0.080101,0.362735,0.422827,0.129051,0.553555,0.853241
1971,0.688001,0.492236,0.288445,0.699025,0.70672,0.835926,0.001308,0.402661,0.53585,0.969216,0.922591,0.702067,0.21577,0.327315,0.641271,0.748481,0.490761,0.952445
1972,0.55989,0.592999,0.288201,0.110555,0.443804,0.721927,0.827198,0.500425,0.81721,0.701534,0.161043,0.444788,0.199086,0.310103,0.967482,0.750701,0.613279,0.800407
1973,0.10681,0.661068,0.824279,0.54524,0.47169,0.473713,0.984824,0.156041,0.277348,0.394297,0.296288,0.909323,0.905383,0.57384,0.684751,0.147737,0.74548,0.124415
1974,0.701074,0.954589,0.777121,0.957849,0.73394,0.046933,0.33133,0.707466,0.802309,0.012782,0.968205,0.759429,0.805774,0.062237,0.769676,0.039985,0.875756,0.102397
1975,0.928564,0.403113,0.55681,0.118088,0.506618,0.139025,0.6649,0.003808,0.053136,0.538338,0.364249,0.55316,0.047011,0.95586,0.889706,0.79974,0.136557,0.242504
1976,0.905112,0.318318,0.655535,0.509347,0.082995,0.78268,0.761024,0.618551,0.760082,0.98396,0.138067,0.883198,0.9368,0.975506,0.488189,0.818181,0.034673,0.609381
1977,0.967316,0.253116,0.522176,0.706885,0.290477,0.789078,0.336174,0.537046,0.630961,0.854087,0.892633,0.224596,0.224452,0.830738,0.122089,0.794252,0.501473,0.461896
1978,0.873199,0.072262,0.994062,0.966387,0.922457,0.152007,0.212344,0.851755,0.270732,0.955971,0.951611,0.791679,0.597072,0.354742,0.438,0.532198,0.85953,0.946656
1979,0.708758,0.783144,0.988084,0.207563,0.664605,0.521825,0.514002,0.819641,0.254992,0.636403,0.790244,0.631808,0.899687,0.535175,0.045689,0.66915,0.42367,0.171033
1980,0.176107,0.326785,0.883238,0.116755,0.971056,0.840926,0.183009,0.388926,0.08969,0.687455,0.760779,0.022484,0.950297,0.791293,0.034389,0.768394,0.957205,0.687075
1981,0.99813,0.537574,0.623601,0.534685,0.990535,0.909146,0.57596,0.049329,0.639039,0.292036,0.582142,0.878366,0.529064,0.209333,0.628405,0.817086,0.011108,0.909076
1982,0.219357,0.663054,0.105697,0.172711,0.978899,0.295853,0.633727,0.018766,0.854128,0.937576,0.730032,0.95226,0.334924,0.91132,0.032254,0.945246,0.975983,0.95804
1983,0.384707,0.329168,0.612594,0.434141,0.781279,0.054309,0.417015,0.266465,0.697063,0.542099,0.78654,0.120877,0.582229,0.959904,0.692493,0.911811,0.564869,0.979026
1984,0.939915,0.571222,0.700938,0.945454,0.813994,0.969784,0.334788,0.226264,0.183074,0.917473,0.851954,0.156986,0.063792,0.247245,0.823864,0.399483,0.715496,0.81464
1985,0.994392,0.473177,0.399893,0.925413,0.288642,0.40444,0.050867,0.637825,0.697504,0.066794,0.200995,0.032611,0.533606,0.842872,0.383791,0.074102,0.986254,0.718159
1986,0.310049,0.216758,0.681473,0.454066,0.002398,0.687685,0.589421,0.814668,0.875264,0.285285,0.857156,0.033496,0.642768,0.637655,0.48079,0.950014,0.053214,0.434953
1987,0.938699,0.248686,0.046054,0.000816,0.295977,0.454592,0.861186,0.979565,0.410494,0.412751,0.149578,0.99895,0.528288,0.672603,0.151343,0.791424,0.426904,0.329711
1988,0.162234,0.83627,0.379293,0.182477,0.790638,0.568047,0.812544,0.645319,0.210885,0.268435,0.822784,0.24997,0.185548,0.060811,0.122139,0.425023,0.415824,0.897207
1989,0.234858,0.549499,0.033761,0.575807,0.618021,0.496158,0.071506,0.247632,0.524538,0.678642,0.724694,0.785142,0.314169,0.552831,0.112235,0.838891,0.114881,0.091065
1990,0.061299,0.404463,0.536718,0.606917,0.62019,0.216795,0.646557,0.761869,0.964676,0.374564,0.055808,0.317824,0.126955,0.62385,0.475567,0.273533,0.162071,0.268521
1991,0.688786,0.099092,0.197968,0.140182,0.435116,0.909802,0.795267,0.030412,0.894649,0.169179,0.434718,0.85759,0.61585,0.727506,0.036835,0.929359,0.289558,0.181645
1992,0.072871,0.106032,0.124477,0.987407,0.944431,0.980888,0.024133,0.126811,0.317825,0.446667,0.241674,0.6874,0.10218,0.637533,0.862035,0.920802,0.039234,0.490837
1993,0.554092,0.35594,0.80109,0.183465,0.171608,0.436901,0.403958,0.393349,0.313935,0.911943,0.489087,0.451195,0.736968,0.879406,0.842605,0.466594,0.23408,0.01905
1994,0.438148,0.64055,0.814959,0.780409,0.096991,0.721562,0.824383,0.451504,0.080105,0.006384,0.394237,0.715525,0.446933,0.759708,0.80145,0.284167,0.915476,0.59962
1995,0.307781,0.122511,0.812462,0.347035,0.163713,0.910601,0.4644,0.817248,0.155285,0.70047,0.18521,0.877222,0.637059,0.416036,0.480427,0.503429,0.626701,0.968106
1996,0.728367,0.679162,0.609028,0.683875,0.878431,0.140789,0.06205,0.322009,0.967997,0.654343,0.200218,0.811167,0.136366,0.495908,0.362876,0.400945,0.30169,0.445064
1997,0.640521,0.03671,0.312641,0.412577,0.815037,0.305114,0.849491,0.69591,0.726511,0.063681,0.251089,0.023239,0.057049,0.438641,0.270418,0.775652,0.746644,0.586074
1998,0.354824,0.59045,0.027324,0.980851,0.791819,0.656077,0.519827,0.474471,0.511675,0.559086,0.101287,0.476484,0.878606,0.627557,0.126432,0.209405,0.924617,0.016899
1999,0.21342,0.356321,0.235281,0.704606,0.901544,0.438843,0.887189,0.97548,0.156631,0.333694,0.673121,0.552199,0.588344,0.734359,0.954013,0.086192,0.521776,0.352164
2000,0.834073,0.039739,0.949371,0.04653,0.740763,0.4466,0.264013,0.29191,0.632403,0.678415,0.457868,0.158962,0.274758,0.309181,0.547137,0.667321,0.256422,0.471177
